movieId,title,genres
1,Cowboy Bebop (2000),Animation
2,Cowboy Bebop: Tengoku no Tobira (2000),Animation
3,Trigun (2000),Animation
4,Witch Hunter Robin (2000),Animation
5,Beet the Vandel Buster (2000),Animation
6,Eyeshield 21 (2000),Animation
7,Hachimitsu to Clover (2000),Animation
8,Hungry Heart: Wild Striker (2000),Animation
9,Initial D Fourth Stage (2000),Animation
10,Monster (2000),Animation
11,Naruto (2000),Animation
12,Prince of Tennis (2000),Animation
13,School Rumble (2000),Animation
14,Sunabouzu (2000),Animation
15,Texhnolyze (2000),Animation
16,Trinity Blood (2000),Animation
17,Yakitate!! Japan (2000),Animation
18,Zipang (2000),Animation
19,Neon Genesis Evangelion (2000),Animation
20,Neon Genesis Evangelion: Death &amp; Rebirth (2000),Animation
21,Neon Genesis Evangelion: The End of Evangelion (2000),Animation
22,Berserk (2000),Animation
23,Ghost in the Shell (2000),Animation
24,Rurouni Kenshin: Meiji Kenkaku Romantan - Tsuioku-hen (2000),Animation
25,Rurouni Kenshin: Meiji Kenkaku Romantan (2000),Animation
26,Rurouni Kenshin: Meiji Kenkaku Romantan - Ishinshishi e no Chinkonka (2000),Animation
27,Akira (2000),Animation
28,.hack//Sign (2000),Animation
29,Aa! Megami-sama! (2000),Animation
30,Aa! Megami-sama! (TV) (2000),Animation
31,Tenshi Kinryouku (2000),Animation
32,Kidou Tenshi Angelic Layer (2000),Animation
33,Ai Yori Aoshi (2000),Animation
34,Appleseed (Movie) (2000),Animation
35,Arc the Lad (2000),Animation
36,Avenger (2000),Animation
37,Beck (2000),Animation
38,Blue Gender (2000),Animation
39,Chobits (2000),Animation
40,Chrno Crusade (2000),Animation
41,D.N.Angel (2000),Animation
42,D.C.: Da Capo (2000),Animation
43,DearS (2000),Animation
44,Rozen Maiden (2000),Animation
45,Rozen Maiden: Träumend (2000),Animation
46,Azumanga Daioh (2000),Animation
47,Basilisk: Kouga Ninpou Chou (2000),Animation
48,Black Cat (2000),Animation
49,Cluster Edge (2000),Animation
50,Full Metal Panic! (2000),Animation
51,Full Metal Panic? Fumoffu (2000),Animation
52,Full Metal Panic! The Second Raid (2000),Animation
53,Gakuen Alice (2000),Animation
54,Soukyuu no Fafner: Dead Aggressor (2000),Animation
55,Mahou Shoujo Lyrical Nanoha (2000),Animation
56,Mahou Shoujo Lyrical Nanoha A&#039;s (2000),Animation
57,Shuffle! (2000),Animation
58,Mobile Suit Gundam (2000),Animation
59,Mobile Suit Gundam: The 08th MS Team (2000),Animation
60,Mobile Suit Gundam 0080: War in the Pocket (2000),Animation
61,Mobile Suit Gundam: The 08th MS Team - Miller&#039;s Report (2000),Animation
62,Mobile Suit Gundam 0083: Stardust Memory (2000),Animation
63,Mobile Suit Zeta Gundam (2000),Animation
64,Mobile Suit Gundam ZZ (2000),Animation
65,Mobile Suit Gundam: Char&#039;s Counterattack (2000),Animation
66,Mobile Suit Gundam F91 (2000),Animation
67,Mobile Suit Victory Gundam (2000),Animation
68,Mobile Suit Gundam Wing (2000),Animation
69,Mobile Suit Gundam Wing: Endless Waltz (2000),Animation
70,After War Gundam X (2000),Animation
71,Mobile Suit Gundam Seed (2000),Animation
72,Mobile Suit Gundam Seed Destiny (2000),Animation
73,Turn A Gundam (2000),Animation
74,Mobile Fighter G Gundam (2000),Animation
75,Last Exile (2000),Animation
76,Mai-HiME (2000),Animation
77,Mai-Otome (2000),Animation
78,Shin Shirayuki-hime Densetsu Prétear (2000),Animation
79,Air (2000),Animation
80,Aishiteruze Baby★★ (2000),Animation
81,Akazukin Chacha (2000),Animation
82,Ayashi no Ceres (2000),Animation
83,Boys Be... (2000),Animation
84,Hana yori Dango (2000),Animation
85,Ou Dorobou Jing (2000),Animation
86,Ou Dorobou Jing in Seventh Heaven (2000),Animation
87,Bakuretsu Tenshi (2000),Animation
88,Chuuka Ichiban! (2000),Animation
89,Corrector Yui (2000),Animation
90,Chou Henshin Cosprayers (2000),Animation
91,Uchuu no Stellvia (2000),Animation
92,Sakigake!! Cromartie Koukou (2000),Animation
93,El Hazard: The Alternative World (2000),Animation
94,El Hazard: The Wanderers (2000),Animation
95,El Hazard: The Magnificent World (2000),Animation
96,El Hazard 2: The Magnificent World (2000),Animation
97,Final Approach (2000),Animation
98,Fruits Basket (2000),Animation
99,Fullmetal Alchemist (2000),Animation
100,Full Moon wo Sagashite (2000),Animation
101,Fushigi Yuugi (2000),Animation
102,Fushigi Yuugi: Eikouden (2000),Animation
103,Futakoi (2000),Animation
104,Futakoi Alternative (2000),Animation
105,Gate Keepers (2000),Animation
106,Gate Keepers 21 (2000),Animation
107,Gensoumaden Saiyuuki (2000),Animation
108,Saiyuuki Reload (2000),Animation
109,Saiyuuki Reload Gunlock (2000),Animation
110,GetBackers (2000),Animation
111,Green Green (2000),Animation
112,Gunslinger Girl (2000),Animation
113,Hikaru no Go (2000),Animation
114,Hunter x Hunter (2000),Animation
115,Hunter x Hunter OVA (2000),Animation
116,Hunter x Hunter: Greed Island (2000),Animation
117,Hunter x Hunter: Greed Island Final (2000),Animation
118,Jinki:Extend (2000),Animation
119,Kamikaze Kaitou Jeanne (2000),Animation
120,Kannazuki no Miko (2000),Animation
121,Kanon (2000),Animation
122,Kareshi Kanojo no Jijou (2000),Animation
123,Kono Minikuku mo Utsukushii Sekai (2000),Animation
124,Kimi ga Nozomu Eien (2000),Animation
125,Kita e.: Diamond Dust Drops (2000),Animation
126,Loveless (2000),Animation
127,Blood+ (2000),Animation
128,Re: Cutie Honey (2000),Animation
129,Solty Rei (2000),Animation
130,Juuni Kokuki (2000),Animation
131,Shaman King (2000),Animation
132,X/1999 (2000),Animation
133,X (2000),Animation
134,Mahou Sensei Negima! (2000),Animation
135,Maria-sama ga Miteru (2000),Animation
136,Boukyaku no Senritsu (2000),Animation
137,"Ima, Soko ni Iru Boku (2000)",Animation
138,Peace Maker Kurogane (2000),Animation
139,Pita Ten (2000),Animation
140,Power Stone (2000),Animation
141,Mononoke Hime (2000),Animation
142,RahXephon (2000),Animation
143,Samurai 7 (2000),Animation
144,Scrapped Princess (2000),Animation
145,s.CRY.ed (2000),Animation
146,Shingetsutan Tsukihime (2000),Animation
147,Slam Dunk (2000),Animation
148,Tactics (2000),Animation
149,Tenjou Tenge (2000),Animation
150,Tokyo Underground (2000),Animation
151,Triangle Heart: Sweet Songs Forever (2000),Animation
152,Tsubasa Chronicle (2000),Animation
153,Ultra Maniac (2000),Animation
154,Ultra Maniac OVA (2000),Animation
155,Vandread (2000),Animation
156,Vandread: The Second Stage (2000),Animation
157,Tenkuu no Escaflowne (2000),Animation
158,Whistle! (2000),Animation
159,Xenosaga The Animation (2000),Animation
160,Initial D First Stage (2000),Animation
161,Initial D Second Stage (2000),Animation
162,Initial D Third Stage (2000),Animation
163,Love Hina (2000),Animation
164,Love Hina Again (2000),Animation
165,Love Hina Christmas Special: Silent Eve (2000),Animation
166,Love Hina Haru Special: Kimi Sakura Chiru Nakare!! (2000),Animation
167,Maburaho (2000),Animation
168,Macross Zero (2000),Animation
169,Onegai☆Teacher (2000),Animation
170,Onegai☆Twins (2000),Animation
171,Rizelmine (2000),Animation
172,Speed Grapher (2000),Animation
173,Sen to Chihiro no Kamikakushi (2000),Animation
174,Tenshi na Konamaiki (2000),Animation
175,Video Girl Ai (2000),Animation
176,Wolf&#039;s Rain (2000),Animation
177,Words Worth (2000),Animation
178,Yumeria (2000),Animation
179,Samurai Champloo (2000),Animation
180,Lodoss-tou Senki: Eiyuu Kishi Den (2000),Animation
181,Lodoss-tou Senki (2000),Animation
182,R.O.D OVA (2000),Animation
183,R.O.D the TV (2000),Animation
184,Ranma ½ (2000),Animation
185,Project A-Ko (2000),Animation
186,Kidou Senkan Nadesico (2000),Animation
187,Kidou Senkan Nadesico: The Prince of Darkness (2000),Animation
188,Mezzo Forte (2000),Animation
189,Mezzo DSA (2000),Animation
190,Dragon Ball (2000),Animation
191,Dragon Ball GT (2000),Animation
192,Elfen Lied (2000),Animation
193,FLCL (2000),Animation
194,Jigoku Shoujo (2000),Animation
195,Ninin ga Shinobuden (2000),Animation
196,Air Master (2000),Animation
197,Asagiri no Miko (2000),Animation
198,Cardcaptor Sakura (2000),Animation
199,Daa! Daa! Daa! (2000),Animation
200,E&#039;s Otherwise (2000),Animation
201,Eureka Seven (2000),Animation
202,Rekka no Honoo (2000),Animation
203,Gankutsuou (2000),Animation
204,Genshiken (2000),Animation
205,Girls Bravo: First Season (2000),Animation
206,Gokusen (2000),Animation
207,Gravitation (2000),Animation
208,Agatha Christie no Meitantei Poirot to Marple (2000),Animation
209,Great Teacher Onizuka (2000),Animation
210,Groove Adventure Rave (2000),Animation
211,Harukanaru Toki no Naka de: Hachiyou Shou (2000),Animation
212,Ichigo 100% (2000),Animation
213,InuYasha (2000),Animation
214,Konjiki no Gash Bell!! (2000),Animation
215,Kyou kara Maou! (2000),Animation
216,Madlax (2000),Animation
217,Jungle wa Itsumo Hare nochi Guu (2000),Animation
218,Jungle wa Itsumo Hare nochi Guu Deluxe (2000),Animation
219,Jungle wa Itsumo Hare nochi Guu Final (2000),Animation
220,Hoshi no Koe (2000),Animation
221,Ikkitousen (2000),Animation
222,Hitsuji no Uta (2000),Animation
223,Happy☆Lesson (2000),Animation
224,Happy☆Lesson (TV) (2000),Animation
225,Happy☆Lesson: Advance (2000),Animation
226,Happy☆Lesson: The Final (2000),Animation
227,Hajime no Ippo (2000),Animation
228,Hajime no Ippo: Champion Road (2000),Animation
229,Hajime no Ippo: Mashiba vs. Kimura (2000),Animation
230,Gunparade March: Arata Naru Kougunka (2000),Animation
231,Gungrave (2000),Animation
232,Golden Boy (2000),Animation
233,Bleach (2000),Animation
234,Hellsing (2000),Animation
235,Gad Guard (2000),Animation
236,Noir (2000),Animation
237,Mahoutsukai ni Taisetsu na Koto (2000),Animation
238,Kiddy Grade (2000),Animation
239,Love♥Love? (2000),Animation
240,Mahoromatic: Automatic Maiden (2000),Animation
241,Mahoromatic 2 (2000),Animation
242,Viewtiful Joe (2000),Animation
243,Kyougoku Natsuhiko: Kousetsu Hyaku Monogatari (2000),Animation
244,Akane Maniax (2000),Animation
245,Angel Heart (2000),Animation
246,Akage no Anne (2000),Animation
247,Area 88 (TV) (2000),Animation
248,Argento Soma (2000),Animation
249,B&#039;T X (2000),Animation
250,Grappler Baki (TV) (2000),Animation
251,Bakuten Shoot Beyblade (2000),Animation
252,Comic Party (2000),Animation
253,Seikai no Monshou (2000),Animation
254,D.C.S.S: Da Capo Second Season (2000),Animation
255,Dear Boys (2000),Animation
256,Di Gi Charat (2000),Animation
257,Divergence Eve (2000),Animation
258,Divergence Eve 2: Misaki Chronicles (2000),Animation
259,Dragon Drive (2000),Animation
260,Grenadier: Hohoemi no Senshi (2000),Animation
261,.hack//Tasogare no Udewa Densetsu (2000),Animation
262,.hack//Liminality (2000),Animation
263,3x3 Eyes (2000),Animation
264,Cinderella Boy (2000),Animation
265,Mirai Shounen Conan (2000),Animation
266,Aa! Megami-sama!: Chichaitte Koto wa Benri da ne (2000),Animation
267,Aa! Megami-sama! Movie (2000),Animation
268,Abenobashi Mahou☆Shoutengai (2000),Animation
269,Zettai Shounen (2000),Animation
270,Akahori Gedou Hour Rabuge (2000),Animation
271,Ace wo Nerae! (2000),Animation
272,Final Fantasy VII: Advent Children (2000),Animation
273,Hand Maid May (2000),Animation
274,Happy World! (2000),Animation
275,A Kite (2000),Animation
276,Najica Dengeki Sakusen (2000),Animation
277,Paradise Kiss (2000),Animation
278,Mousou Dairinin (2000),Animation
279,Mobile Police Patlabor: On Television (2000),Animation
280,Peach Girl (2000),Animation
281,Petshop of Horrors (2000),Animation
282,Puchi Puri Yuushi (2000),Animation
283,Piano (2000),Animation
284,Planetes (2000),Animation
285,Midori no Hibi (2000),Animation
286,Mahoujin Guru Guru (2000),Animation
287,Marmalade Boy (2000),Animation
288,Matantei Loki Ragnarok (2000),Animation
289,Ginyuu Mokushiroku Meine Liebe (2000),Animation
290,Psychic Academy (2000),Animation
291,Rose of Versailles (2000),Animation
292,Serial Experiments Lain (2000),Animation
293,Mutsu Enmei Ryuu Gaiden: Shura no Toki (2000),Animation
294,Spiral: Suiri no Kizuna (2000),Animation
295,Starship Operators (2000),Animation
296,Tsukuyomi: Moon Phase (2000),Animation
297,Futatsu no Spica (2000),Animation
298,Eikoku Koi Monogatari Emma (2000),Animation
299,W: Wish (2000),Animation
300,Wild Arms: Twilight Venom (2000),Animation
301,Binzume Yousei (2000),Animation
302,Magical Canan (2000),Animation
303,Ojamajo Doremi (2000),Animation
304,Ojamajo Doremi Sharp (2000),Animation
305,Motto! Ojamajo Doremi (2000),Animation
306,Ojamajo Doremi Dokkaan! (2000),Animation
307,UG☆Ultimate Girls (2000),Animation
308,Shakugan no Shana (2000),Animation
309,Fate/stay night (2000),Animation
310,Bokusatsu Tenshi Dokuro-chan (2000),Animation
311,"Iriya no Sora, UFO no Natsu (2000)",Animation
312,I&#039;ll/CKBC (2000),Animation
313,Himiko-den (2000),Animation
314,Memories Off (2000),Animation
315,Memories Off 2nd (2000),Animation
316,Gallery Fake (2000),Animation
317,Fake (2000),Animation
318,AIKa (2000),Animation
319,Bible Black (2000),Animation
320,Boogiepop wa Warawanai: Boogiepop Phantom (2000),Animation
321,Burn Up Excess (2000),Animation
322,Cardcaptor Sakura Movie 1 (2000),Animation
323,Cardcaptor Sakura Movie 2: Fuuin Sareta Card (2000),Animation
324,Bannou Bunka Neko-Musume (2000),Animation
325,Bannou Bunka Neko-Musume (1998) (2000),Animation
326,Elfen Lied Special (2000),Animation
327,eX-Driver (2000),Animation
328,eX-Driver the Movie (2000),Animation
329,Heppoko Jikken Animation Excel♥Saga (2000),Animation
330,Fushigi Yuugi OVA (2000),Animation
331,Fushigi Yuugi OVA 2 (2000),Animation
332,Futari Ecchi (2000),Animation
333,Galaxy Angel (2000),Animation
334,Gantz (2000),Animation
335,Gilgamesh (2000),Animation
336,H2 (2000),Animation
337,Haibane Renmei (2000),Animation
338,Capeta (2000),Animation
339,Karas (2000),Animation
340,Suzuka (2000),Animation
341,Tales of Phantasia The Animation (2000),Animation
342,Yuu☆Yuu☆Hakusho (2000),Animation
343,Escaflowne (2000),Animation
344,Ai Yori Aoshi: Enishi (2000),Animation
345,Gantz 2nd Stage (2000),Animation
346,Seikai no Senki (2000),Animation
347,Seikai no Senki II (2000),Animation
348,Seikai no Senki III (2000),Animation
349,Seihou Bukyou Outlaw Star (2000),Animation
350,Rurouni Kenshin: Meiji Kenkaku Romantan - Seisou-hen (2000),Animation
351,Hanaukyou Maid-tai (2000),Animation
352,Bastard!!: Ankoku no Hakaishin (2000),Animation
353,Blood: The Last Vampire (2000),Animation
354,Buzzer Beater (2000),Animation
355,Tantei Gakuen Q (2000),Animation
356,Final Fantasy VII: Last Order (2000),Animation
357,Gun x Sword (2000),Animation
358,Kore ga Watashi no Goshujinsama (2000),Animation
359,Hametsu no Mars (2000),Animation
360,Tonari no Yamada-kun (2000),Animation
361,Kurenai no Buta (2000),Animation
362,Ragnarök the Animation (2000),Animation
363,Ranma ½: Chuugoku Nekonron Daikessen! Okite Yaburi no Gekitou-hen!! (2000),Animation
364,Samurai Deeper Kyou (2000),Animation
365,Spriggan (2000),Animation
366,Stratos 4 (2000),Animation
367,Dirty Pair (2000),Animation
368,Shiritsu Araiso Koutougakkou Seitokai Shikkoubu (2000),Animation
369,Final Fantasy (2000),Animation
370,Kaleido Star (2000),Animation
371,Kaleido Star: Aratanaru Tsubasa - Extra Stage (2000),Animation
372,Kaleido Star: Legend of Phoenix - Layla Hamilton Monogatari (2000),Animation
373,Fullmetal Alchemist: The Conqueror of Shamballa (2000),Animation
374,Howl no Ugoku Shiro (2000),Animation
375,Iria: Zeiram The Animation (2000),Animation
376,"Kumo no Mukou, Yakusoku no Basho (2000)",Animation
377,Legend of Lemnear: Kyokuguro no Tsubasa Valkisas (2000),Animation
378,Magic Knight Rayearth (2000),Animation
379,Perfect Blue (2000),Animation
380,Phantom The Animation (2000),Animation
381,RG Veda (2000),Animation
382,Shoujo Kakumei Utena (2000),Animation
383,Shoujo Kakumei Utena: Adolescence Mokushiroku (2000),Animation
384,Naruto Movie 1: Dai Katsugeki!! Yuki Hime Shinobu Houjou Dattebayo! (2000),Animation
385,Onegai☆Teacher: Himitsu na Futari (2000),Animation
386,Maria-sama ga Miteru: Haru (2000),Animation
387,Tales of Eternia The Animation (2000),Animation
388,Weiß Kreuz Glühen (2000),Animation
389,Weiß Kreuz (2000),Animation
390,Tenjou Tenge: The Ultimate Fight (2000),Animation
391,InuYasha: Guren no Houraijima (2000),Animation
392,InuYasha: Kagami no Naka no Mugenjo (2000),Animation
393,InuYasha: Tenka Hadou no Ken (2000),Animation
394,InuYasha: Toki wo Koeru Omoi (2000),Animation
395,.hack//Gift (2000),Animation
396,Fantastic Children (2000),Animation
397,Gokujou Seitokai (2000),Animation
398,Mushishi (2000),Animation
399,Buttobi!! CPU (2000),Animation
400,One Piece Movie 1 (2000),Animation
401,One Piece Movie 2: Nejimaki-jima no Daibouken (2000),Animation
402,One Piece Movie 3: Chinjuu-jima no Chopper Oukoku (2000),Animation
403,One Piece Movie 4: Dead End no Bouken (2000),Animation
404,One Piece Movie 5: Norowareta Seiken (2000),Animation
405,One Piece Movie 6: Omatsuri Danshaku to Himitsu no Shima (2000),Animation
406,One Piece Movie 7: Karakuri-jou no Mecha Kyohei (2000),Animation
407,One Piece: Taose! Kaizoku Ganzack (2000),Animation
408,Ghost in the Shell: Stand Alone Complex (2000),Animation
409,Ghost in the Shell 2: Innocence (2000),Animation
410,Karin (2000),Animation
411,Okusama wa Joshikousei (TV) (2000),Animation
412,To Heart 2 (2000),Animation
413,To Heart (2000),Animation
414,Tide-Line Blue (2000),Animation
415,Macross Plus (2000),Animation
416,Hotori: Tada Saiwai wo Koinegau (2000),Animation
417,Ginban Kaleidoscope (2000),Animation
418,Aria The Animation (2000),Animation
419,Sousei no Aquarion (2000),Animation
420,The Law of Ueki (2000),Animation
421,Yu☆Gi☆Oh! Duel Monsters (2000),Animation
422,Yu☆Gi☆Oh!: Duel Monsters GX (2000),Animation
423,Kurau Phantom Memory (2000),Animation
424,Gensoumaden Saiyuuki Movie: Requiem - Erabarezaru Mono e no Chinkonka (2000),Animation
425,Damekko Doubutsu (2000),Animation
426,Kino no Tabi: The Beautiful World (2000),Animation
427,Girls Bravo: Second Season (2000),Animation
428,Ichigo Mashimaro (2000),Animation
429,Kamichu! (2000),Animation
430,Paniponi Dash! (2000),Animation
431,Armitage III: Dual-Matrix (2000),Animation
432,Armitage III: Poly-Matrix (2000),Animation
433,Bakuretsu Hunters (2000),Animation
434,Kamui no Ken (2000),Animation
435,Yami to Boushi to Hon no Tabibito (2000),Animation
436,Makai Toshi Shinjuku (2000),Animation
437,Doraemon (2000),Animation
438,Dragon Ball Movie 1: Shen Long no Densetsu (2000),Animation
439,Eien no Aselia (2000),Animation
440,Fatal Fury: The Motion Picture (2000),Animation
441,Fushigiboshi no☆Futagohime (2000),Animation
442,Glass no Kamen (2000),Animation
443,Gravitation: Lyrics of Love (2000),Animation
444,Tottoko Hamtarou (2000),Animation
445,I My Me! Strawberry Eggs (2000),Animation
446,Kakyuusei 2: Hitomi no Naka no Shoujo-tachi (2000),Animation
447,Kidou Shinsengumi Moeyo Ken TV (2000),Animation
448,Majo no Takkyuubin (2000),Animation
449,Tenkuu no Shiro Laputa (2000),Animation
450,Cossette no Shouzou (2000),Animation
451,Hajimari no Boukensha-tachi: Legend of Crystania (2000),Animation
452,Keroro Gunsou (2000),Animation
453,School Rumble Ichi Gakki Hoshuu (2000),Animation
454,Mahoraba: Heartful days (2000),Animation
455,Marmalade Boy Movie (2000),Animation
456,Mermaid Melody Pichi Pichi Pitch (2000),Animation
457,Metropolis (2000),Animation
458,Tonari no Totoro (2000),Animation
459,Onegai☆Twins: Natsu wa Owaranai (2000),Animation
460,Otogizoushi (2000),Animation
461,Boku no Chikyuu wo Mamotte (2000),Animation
462,Pokemon (2000),Animation
463,Pokemon: Mewtwo no Gyakushuu (2000),Animation
464,Saishuu Heiki Kanojo (2000),Animation
465,Bishoujo Senshi Sailor Moon (2000),Animation
466,Bishoujo Senshi Sailor Moon R: The Movie (2000),Animation
467,Bishoujo Senshi Sailor Moon S (2000),Animation
468,Sensei no Ojikan: Doki Doki School Hours (2000),Animation
469,Slayers (2000),Animation
470,Slayers Next (2000),Animation
471,Slayers: The Motion Picture (2000),Animation
472,Tekken (2000),Animation
473,Shin Tenchi Muyou! (2000),Animation
474,Tenchi Muyou! Ryououki (2000),Animation
475,Tenchi Muyou! Ryououki 2nd Season (2000),Animation
476,Tenchi Muyou! Ryououki 3rd Season (2000),Animation
477,Vampire Hunter D (2000) (2000),Animation
478,Venus Senki (2000),Animation
479,Wind: A Breath of Heart (TV) (2000),Animation
480,Wonderful Days (2000),Animation
481,Yu☆Gi☆Oh! (2000),Animation
482,Grappler Baki: Saidai Tournament-hen (2000),Animation
483,Digimon Adventure (2000),Animation
484,Yami no Matsuei (2000),Animation
485,Koutetsu Tenshi Kurumi (2000),Animation
486,Koutetsu Tenshi Kurumi 2 (2000),Animation
487,Koutetsu Tenshi Kurumi Zero (2000),Animation
488,Koutetsu Tenshi Kurumi Encore (2000),Animation
489,Major S2 (2000),Animation
490,RahXephon Interlude: Her and Herself/Thatness and Thereness (2000),Animation
491,Soukyuu no Fafner: Right of Left - Single Program (2000),Animation
492,Sakura Taisen (2000),Animation
493,DNA² (2000),Animation
494,Puni Puni☆Poemii (2000),Animation
495,Steamboy (2000),Animation
496,Tetsuwan Birdy (2000),Animation
497,The Big O (2000),Animation
498,Bubblegum Crisis Tokyo 2040 (2000),Animation
499,Musekinin Kanchou Tylor (2000),Animation
500,Jin-Rou (2000),Animation
501,Kaze no Tani no Nausicaä (2000),Animation
502,Saber Marionette J (2000),Animation
503,Magikano (2000),Animation
504,Kagihime Monogatari Eikyuu Alice Rinbukyoku (2000),Animation
505,Hotaru no Haka (2000),Animation
506,Battle Programmer Shirase (2000),Animation
507,Kogepan (2000),Animation
508,Honoo no Labyrinth (2000),Animation
509,Sexy Commando Gaiden: Sugoiyo!! Masaru-san (2000),Animation
510,Noein: Mou Hitori no Kimi e (2000),Animation
511,Mimi wo Sumaseba (2000),Animation
512,Ayakashi: Japanese Classic Horror (2000),Animation
513,Hanbun no Tsuki ga Noboru Sora (2000),Animation
514,Itsudatte My Santa! (2000),Animation
515,Ginga Nagareboshi Gin (2000),Animation
516,Kage kara Mamoru! (2000),Animation
517,Amaenaide yo!! (2000),Animation
518,Mugen no Ryvius (2000),Animation
519,Naruto: Takigakure no Shitou - Ore ga Eiyuu Dattebayo! (2000),Animation
520,X OVA (2000),Animation
521,Chobits: Chibits (2000),Animation
522,Neko no Ongaeshi (2000),Animation
523,Jinzou Ningen Kikaider The Animation (2000),Animation
524,Legend of Duo (2000),Animation
525,Nekojiru-sou (2000),Animation
526,Futari wa Precure (2000),Animation
527,Mahou no Stage Fancy Lala (2000),Animation
528,Tenshi ni Narumon! (2000),Animation
529,Kazemakase Tsukikage Ran (2000),Animation
530,Otogi Juushi Akazukin (2000),Animation
531,Sakura Taisen: Katsudou Shashin (2000),Animation
532,Saishuu Heiki Kanojo: Another Love Song (2000),Animation
533,Popotan (2000),Animation
534,PetoPeto-san (2000),Animation
535,Onmyou Taisenki (2000),Animation
536,Okusama wa Mahou Shoujo (2000),Animation
537,Nurse Witch Komugi-chan Magikarte (2000),Animation
538,Juubee Ninpuuchou (2000),Animation
539,Juubee Ninpuuchou: Ryuuhougyoku-hen (2000),Animation
540,Mermaid Forest (2000),Animation
541,Night Walker: Mayonaka no Tantei (2000),Animation
542,Natsu-iro no Sunadokei (2000),Animation
543,Shichinin no Nana (2000),Animation
544,Mouse (2000),Animation
545,Mamotte Shugogetten! (2000),Animation
546,Major S1 (2000),Animation
547,Mahoutsukai Tai! OVA (2000),Animation
548,Mahoutsukai Tai! (2000),Animation
549,Mahoromatic Summer Special (2000),Animation
550,Mahoromatic End Year Special (2000),Animation
551,Legend of Basara (2000),Animation
552,Koi Kaze (2000),Animation
553,Juubee-chan: Lovely Gantai no Himitsu (2000),Animation
554,Juubee-chan 2: Siberia Yagyuu no Gyakushuu (2000),Animation
555,Iketeru Futari (2000),Animation
556,Ichigo 100% Special 2 (2000),Animation
557,Ichigo 100%: Koi ga Hajimaru?! Satsuei Gasshuku - Yureru Kokoro ga Higashi e Nishi e (2000),Animation
558,Hachimitsu to Clover Specials (2000),Animation
559,Hikaru no Go: Journey to the North Star Cup (2000),Animation
560,Tsuki wa Higashi ni Hi wa Nishi ni: Operation Sanctuary (2000),Animation
561,Hanaukyou Maid-tai: La Verite (2000),Animation
562,Gunsmith Cats (2000),Animation
563,Green Green Thirteen: Erolutions (2000),Animation
564,Galaxy Angel Z (2000),Animation
565,Galaxy Angel 3 (2000),Animation
566,Galaxy Angel 4 (2000),Animation
567,Air in Summer (2000),Animation
568,Touhai Densetsu Akagi: Yami ni Maiorita Tensai (2000),Animation
569,Azumanga Daioh: Gekijou Tanpen (2000),Animation
570,Fullmetal Alchemist: Reflections (2000),Animation
571,JoJo no Kimyou na Bouken: Adventure (2000),Animation
572,JoJo no Kimyou na Bouken (2000),Animation
573,Kashimashi: Girl Meets Girl (2000),Animation
574,Koi Koi 7 (2000),Animation
575,Kujibiki Unbalance (2000),Animation
576,Lamune (2000),Animation
577,Lemon Angel Project (2000),Animation
578,Mai-HiME Specials (2000),Animation
579,Shadow Skill: Eigi (2000),Animation
580,Shadow Skill (1996) (2000),Animation
581,Otogi Story Tenshi no Shippo (2000),Animation
582,Tenshi no Shippo Chu! (2000),Animation
583,To Heart: Remember My Memories (2000),Animation
584,Tokyo Mew Mew (2000),Animation
585,Uta Kata (2000),Animation
586,Uta Kata Special (2000),Animation
587,Kyuuketsuhime Miyu (TV) (2000),Animation
588,Yawara! (2000),Animation
589,Burn Up Scramble (2000),Animation
590,Canvas 2: Niji-iro no Sketch (2000),Animation
591,Canvas: Sepia-iro no Motif (2000),Animation
592,Tenchi Muyou! (2000),Animation
593,Kanon Kazahana (2000),Animation
594,Comic Party Revolution (2000),Animation
595,Mujin Wakusei Survive (2000),Animation
596,Rec (2000),Animation
597,Zoids Genesis (2000),Animation
598,Air Movie (2000),Animation
599,Yume de Aetara (TV) (2000),Animation
600,Ai no Kusabi (2000),Animation
601,Princess Tutu (2000),Animation
602,Baby☆Love (2000),Animation
603,Enzai (2000),Animation
604,Houkago no Shokuinshitsu (2000),Animation
605,Interstella5555: The 5tory of The 5ecret 5tar 5ystem (2000),Animation
606,Vampire Hunter D (2000),Animation
607,Kizuna (2000),Animation
608,Keiraku no Houteishiki Level-C (2000),Animation
609,MÄR (2000),Animation
610,Bishoujo Senshi Sailor Moon R (2000),Animation
611,Sensitive Pornograph (2000),Animation
612,Umi ga Kikoeru (2000),Animation
613,Papa to Kiss in the Dark (2000),Animation
614,Haru wo Daite Ita (2000),Animation
615,True Love Story (2000),Animation
616,Binchou-tan (2000),Animation
617,Osakana wa Ami no Naka (2000),Animation
618,Chijoku Shinsatsushitsu (2000),Animation
619,Boku no Sexual Harassment (2000),Animation
620,School Days ONA (2000),Animation
621,Kaze wo Mita Shounen (2000),Animation
622,RahXephon: Pluralitas Concentio (2000),Animation
623,Tokyo Godfathers (2000),Animation
624,Tenjou Tenge: The Past Chapter (2000),Animation
625,Naruto: Akaki Yotsuba no Clover wo Sagase (2000),Animation
626,Bleach: Memories in the Rain (2000),Animation
627,Zoids (2000),Animation
628,Zoids Shinseiki/Zero (2000),Animation
629,Kishin Houkou Demonbane (2000),Animation
630,Burn Up! (2000),Animation
631,Burn Up! W (2000),Animation
632,Pale Cocoon (2000),Animation
633,Ginyuu Mokushiroku Meine Liebe Wieder (2000),Animation
634,Nanaka 6/17 (2000),Animation
635,Hellsing Ultimate (2000),Animation
636,Detective Conan Movie 01: The Timed Skyscraper (2000),Animation
637,Detective Conan Movie 02: The Fourteenth Target (2000),Animation
638,Detective Conan Movie 03: The Last Wizard of the Century (2000),Animation
639,Gasaraki (2000),Animation
640,Miami Guns (2000),Animation
641,Otaku no Video (2000),Animation
642,Eiken: Eikenbu yori Ai wo Komete (2000),Animation
643,Shinigami no Ballad. (2000),Animation
644,Ergo Proxy (2000),Animation
645,Ranma ½: Kessen Tougenkyou! Hanayome wo Torimodose! (2000),Animation
646,xxxHOLiC Movie: Manatsu no Yoru no Yume (2000),Animation
647,Oniisama e... (2000),Animation
648,Hanaukyou Maid-tai OVA (2000),Animation
649,Yomigaeru Sora: Rescue Wings (2000),Animation
650,Kokoro Toshokan (2000),Animation
651,NieA Under 7 (2000),Animation
652,Ghost in the Shell: Stand Alone Complex 2nd GIG (2000),Animation
653,Tsubasa Chronicle: Tori Kago no Kuni no Himegimi (2000),Animation
654,Bakuretsu Hunters OVA (2000),Animation
655,I&#039;&#039;s Pure (2000),Animation
656,Chikyuu Shoujo Arjuna (2000),Animation
657,Dragon Ball Z (2000),Animation
658,Prince of Tennis: Atobe&#039;s Gift (2000),Animation
659,"Prince of Tennis: The Two Samurai, The First Game (2000)",Animation
660,Nanako Kaitai Shinsho (2000),Animation
661,Tactical Roar (2000),Animation
662,Sakura Tsuushin (2000),Animation
663,Boku wa Imouto ni Koi wo Suru (2000),Animation
664,Ginga Eiyuu Densetsu (2000),Animation
665,Initial D Battle Stage (2000),Animation
666,Initial D Extra Stage (2000),Animation
667,Guardian Hearts (2000),Animation
668,King of Fighters: Another Day (2000),Animation
669,Sexfriend (2000),Animation
670,Chicchana Yukitsukai Sugar (2000),Animation
671,Choujuushin Gravion (2000),Animation
672,Bleach: The Sealed Sword Frenzy (2000),Animation
673,Sister Princess: Re Pure (2000),Animation
674,Sister Princess (2000),Animation
675,Kyou no 5 no 2 (2000),Animation
676,Narutaru: Mukuro Naru Hoshi Tama Taru Ko (2000),Animation
677,Narue no Sekai (2000),Animation
678,Colorful (2000),Animation
679,Ushio to Tora (2000),Animation
680,Konjiki no Gash Bell!!: 101 Banme no Mamono (2000),Animation
681,Kiba (2000),Animation
682,School Rumble Ni Gakki (2000),Animation
683,Suzumiya Haruhi no Yuuutsu (2000),Animation
684,Gakuen Heaven (2000),Animation
685,Kyou kara Ore wa!! (2000),Animation
686,Gokinjo Monogatari (2000),Animation
687,Ouran Koukou Host Club (2000),Animation
688,Soul Link (2000),Animation
689,Strawberry Panic (2000),Animation
690,Utawarerumono (2000),Animation
691,Air Gear (2000),Animation
692,Gunparade Orchestra (2000),Animation
693,Digimon Savers (2000),Animation
694,Makai Senki Disgaea (2000),Animation
695,xxxHOLiC (2000),Animation
696,Joshikousei: Girl&#039;s High (2000),Animation
697,Mobile Suit Gundam Seed MSV Astray (2000),Animation
698,Slayers Premium (2000),Animation
699,Slayers Gorgeous (2000),Animation
700,Slayers Great (2000),Animation
701,Slayers Return (2000),Animation
702,Dragon Half (2000),Animation
703,Mahou Shoujo-tai Arusu (2000),Animation
704,.hack//Roots (2000),Animation
705,Digimon Tamers (2000),Animation
706,Mind Game (2000),Animation
707,Street Fighter II V (2000),Animation
708,Nana (2000),Animation
709,Zegapain (2000),Animation
710,Simoun (2000),Animation
711,Aa! Megami-sama!: Sorezore no Tsubasa (2000),Animation
712,Green Green OVA (2000),Animation
713,Yuu☆Yuu☆Hakusho (Movie) (2000),Animation
714,Yuu☆Yuu☆Hakusho: Meikai Shitou-hen - Honoo no Kizuna (2000),Animation
715,Shin Angyo Onshi (2000),Animation
716,Tenshi no Tamago (2000),Animation
717,Amaenaide yo!! Katsu!! (2000),Animation
718,Megami Kouhosei Special Curriculum (2000),Animation
719,Megami Kouhosei (2000),Animation
720,Black Lagoon (2000),Animation
721,Yuusha-Ou GaoGaiGar (2000),Animation
722,Dragon Ball Movie 2: Majinjou no Nemuri Hime (2000),Animation
723,Dragon Ball Movie 3: Makafushigi Daibouken (2000),Animation
724,Dragon Ball Movie 4: Saikyou e no Michi (2000),Animation
725,Dragon Ball Z Movie 01: Ora no Gohan wo Kaese!! (2000),Animation
726,Dragon Ball Z Movie 02: Kono Yo de Ichiban Tsuyoi Yatsu (2000),Animation
727,Dragon Ball Z Movie 03: Chikyuu Marugoto Choukessen (2000),Animation
728,Dragon Ball Z Movie 04: Super Saiyajin da Son Gokuu (2000),Animation
729,Dragon Ball Z Movie 05: Tobikkiri no Saikyou tai Saikyou (2000),Animation
730,Dragon Ball Z Movie 06: Gekitotsu!! 100-oku Power no Senshi-tachi (2000),Animation
731,Dragon Ball Z Movie 07: Kyokugen Battle!! Sandai Super Saiyajin (2000),Animation
732,"Dragon Ball Z Movie 08: Moetsukiro!! Nessen, Ressen, Chougekisen (2000)",Animation
733,Dragon Ball Z Movie 09: Ginga Girigiri!! Bucchigiri no Sugoi Yatsu (2000),Animation
734,Dragon Ball Z Movie 10: Kiken na Futari! Super Senshi wa Nemurenai (2000),Animation
735,Dragon Ball Z Movie 11: Super Senshi Gekiha!! Katsu no wa Ore da (2000),Animation
736,Dragon Ball Z Movie 12: Fukkatsu no Fusion!! Gokuu to Vegeta (2000),Animation
737,Dragon Ball Z Movie 13: Ryuuken Bakuhatsu!! Goku ga Yaraneba Dare ga Yaru (2000),Animation
738,Princess Princess (2000),Animation
739,Fullmetal Alchemist: Premium Collection (2000),Animation
740,Geneshaft (2000),Animation
741,Himawari! (2000),Animation
742,Konjiki no Gash Bell!!: Mecha Vulkan no Raishuu (2000),Animation
743,Kakutou Bijin Wulong (2000),Animation
744,Ike! Ina-chuu Takkyuubu (2000),Animation
745,Ginga Densetsu Weed (2000),Animation
746,Tokkou (2000),Animation
747,Riding Bean (2000),Animation
748,Gintama (2000),Animation
749,Ray The Animation (2000),Animation
750,Nurse Witch Komugi-chan Magikarte Special (2000),Animation
751,Nurse Witch Komugi-chan Magikarte Z (2000),Animation
752,Transformers Galaxy Force (2000),Animation
753,Aura Battler Dunbine (2000),Animation
754,Densetsu Kyojin Ideon (2000),Animation
755,Ichigeki Sacchuu!! Hoihoi-san (2000),Animation
756,Dai Mahou Touge (2000),Animation
757,Higurashi no Naku Koro ni (2000),Animation
758,Witchblade (2000),Animation
759,Naruto Movie 2: Dai Gekitotsu! Maboroshi no Chiteiiseki Dattebayo! (2000),Animation
760,Appleseed (2000),Animation
761,Inukami! (2000),Animation
762,Renkin San-kyuu Magical? Pokaan (2000),Animation
763,Nishi no Yoki Majo: Astraea Testament (2000),Animation
764,Yume Tsukai (2000),Animation
765,The Third: Aoi Hitomi no Shoujo (2000),Animation
766,Top wo Nerae! Gunbuster (2000),Animation
767,Street Fighter Alpha: Generations (2000),Animation
768,Chibi Maruko-chan (2000),Animation
769,Magical Nyan Nyan Taruto (2000),Animation
770,Jyu Oh Sei (2000),Animation
771,Saiunkoku Monogatari (2000),Animation
772,HeatGuy J (2000),Animation
773,Shin Chou Kyou Ryo: Condor Hero (2000),Animation
774,Virtua Fighter (2000),Animation
775,Aria The Natural (2000),Animation
776,"Love Hina: Motoko no Sentaku, Koi ka Ken... &quot;Naku na&quot; (2000)",Animation
777,Hit wo Nerae! (2000),Animation
778,Yoshinaga-san&#039;chi no Gargoyle (2000),Animation
779,Hokuto no Ken (2000),Animation
780,Tsubasa Chronicle 2nd Season (2000),Animation
781,Yokoyama Mitsuteru Sangokushi (2000),Animation
782,Astro Boy: Tetsuwan Atom (2000),Animation
783,Bible Black Gaiden (2000),Animation
784,Glass no Kantai: La Legende du Vent de l&#039;Univers (2000),Animation
785,Dead Leaves (2000),Animation
786,Yokohama Kaidashi Kikou (2000),Animation
787,Yokohama Kaidashi Kikou: Quiet Country Cafe (2000),Animation
788,Ginga Teikoku no Metsubou Gaiden: Aoki Ookami-tachi no Densetsu (2000),Animation
789,Change!! Getter Robo: Sekai Saigo no Hi (2000),Animation
790,Street Fighter Zero The Animation (2000),Animation
791,Rikujou Bouei-tai Mao-chan (2000),Animation
792,Ichigo 100% OVA (2000),Animation
793,Cosplay Complex (2000),Animation
794,Dragon Ball Z: Saiya-jin Zetsumetsu Keikaku (2000),Animation
795,Dragon Ball Z Special 2: Zetsubou e no Hankou!! Nokosareta Chousenshi - Gohan to Trunks (2000),Animation
796,Dragon Ball Z Special 1: Tatta Hitori no Saishuu Kessen (2000),Animation
797,Dragon Ball GT: Goku Gaiden! Yuuki no Akashi wa Suushinchuu (2000),Animation
798,Kamisama Kazoku (2000),Animation
799,Usagi-chan de Cue!! (2000),Animation
800,Dual Parallel! Trouble Adventures (2000),Animation
801,Dual Parallel! Trouble Adventures Special (2000),Animation
802,Prince of Tennis: The National Tournament (2000),Animation
803,Bishoujo Senshi Sailor Moon: Sailor Stars (2000),Animation
804,Bishoujo Senshi Sailor Moon S: Kaguya Hime no Koibito (2000),Animation
805,Blue Seed (2000),Animation
806,Blue Seed 2 (2000),Animation
807,Uchuu Kaizoku Captain Harlock (2000),Animation
808,Top wo Nerae 2! Diebuster (2000),Animation
809,Aa! Megami-sama! (TV) Specials (2000),Animation
810,Kanojo to Kanojo no Neko (2000),Animation
811,Star Ocean EX (2000),Animation
812,Tenchi Muyou! in Love (2000),Animation
813,Ranma ½ OVA (2000),Animation
814,Ranma ½ Specials (2000),Animation
815,Ranma ½: Chou Musabetsu Kessen! Ranma Team vs. Densetsu no Houou (2000),Animation
816,Ranma ½ Super (2000),Animation
817,Le Chevalier D&#039;Eon (2000),Animation
818,Chicchana Yukitsukai Sugar Specials (2000),Animation
819,Full Metal Panic! The Second Raid: Wari to Hima na Sentaichou no Ichinichi (2000),Animation
820,Gunnm (2000),Animation
821,Majutsushi Orphen (2000),Animation
822,Majutsushi Orphen: Revenge (2000),Animation
823,Honoo no Mirage (2000),Animation
824,Honoo no Mirage: Minagiwa no Hangyakusha (2000),Animation
825,Kaikan Phrase (2000),Animation
826,Generator Gawl (2000),Animation
827,Wolf&#039;s Rain OVA (2000),Animation
828,Weiß Kreuz OVA (2000),Animation
829,Kachou Ouji (2000),Animation
830,Arete Hime (2000),Animation
831,Omoide Poroporo (2000),Animation
832,Heisei Tanuki Gassen Ponpoko (2000),Animation
833,Kumo no You ni Kaze no You ni (2000),Animation
834,Sennen Joyuu (2000),Animation
835,Ouritsu Uchuugun: Honneamise no Tsubasa (2000),Animation
836,Kashou no Tsuki: Aki Kyougen (2000),Animation
837,Saint Beast: Seijuu Kourin-hen (2000),Animation
838,Zetsuai 1989 (2000),Animation
839,Bronze: Zetsuai Since 1989 (2000),Animation
840,Tokyo Babylon (2000),Animation
841,Taiyou no Ouji: Horus no Daibouken (2000),Animation
842,Elf wo Karu Mono-tachi (2000),Animation
843,Elf wo Karu Mono-tachi II (2000),Animation
844,On Your Mark (2000),Animation
845,The SoulTaker: Tamashii-gari (2000),Animation
846,Cello Hiki no Gauche (1982) (2000),Animation
847,Bobobo-bo Bo-bobo (2000),Animation
848,Ao no 6-gou (2000),Animation
849,Blame! (2000),Animation
850,Good Morning Call (2000),Animation
851,Ippatsu Kiki Musume (2000),Animation
852,Oruchuban Ebichu (2000),Animation
853,Nekojiru Gekijou Jirujiru Original (2000),Animation
854,Mazinkaiser (2000),Animation
855,Touch (2000),Animation
856,Shakugan no Shana Specials (2000),Animation
857,Kishin Houkou Demonbane (TV) (2000),Animation
858,Chou Denji Machine Voltes V (2000),Animation
859,Love Get Chu (2000),Animation
860,Sweat Punch (2000),Animation
861,Naruto Narutimate Hero 3: Tsuini Gekitotsu! Jounin vs. Genin!! Musabetsu Dairansen taikai Kaisai!! (2000),Animation
862,Cardcaptor Sakura: Leave It to Kero-chan (2000),Animation
863,Armitage III (2000),Animation
864,Sentou Yousei Yukikaze (2000),Animation
865,Space Pirate Captain Herlock: Outside Legend - The Endless Odyssey (2000),Animation
866,Hikari to Mizu no Daphne (2000),Animation
867,I&#039;&#039;s (2000),Animation
868,Interlude (2000),Animation
869,Kenran Butou Sai: The Mars Daybreak (2000),Animation
870,Kimagure Orange☆Road (2000),Animation
871,Macross (2000),Animation
872,Macross: Do You Remember Love? (2000),Animation
873,Mobile Suit Gundam I (2000),Animation
874,Mobile Suit Gundam II: Soldiers of Sorrow (2000),Animation
875,Mobile Suit Gundam III: Encounters in Space (2000),Animation
876,One Piece: Umi no Heso no Daibouken-hen (2000),Animation
877,Mobile Police Patlabor: The Movie (2000),Animation
878,Mobile Police Patlabor 2: The Movie (2000),Animation
879,Lime-iro Senkitan (2000),Animation
880,Samurai Girl Real Bout High School (2000),Animation
881,Tenchi Muyou! Manatsu no Eve (2000),Animation
882,Shinkon Gattai Godannar!! (2000),Animation
883,Shinkon Gattai Godannar!! 2nd Season (2000),Animation
884,Digital Juice (2000),Animation
885,Eikyuu Kazoku (2000),Animation
886,Youjuu Toshi (2000),Animation
887,Senkaiden Houshin Engi (2000),Animation
888,Monster Extra (2000),Animation
889,Mermaid Melody Pichi Pichi Pitch Pure (2000),Animation
890,Vandread: Gekitou-hen (2000),Animation
891,Vandread: Taidou-hen (2000),Animation
892,Junkers Come Here (2000),Animation
893,Pokemon: Maboroshi no Pokemon Lugia Bakutan (2000),Animation
894,Pokemon: Kesshoutou no Teiou Entei (2000),Animation
895,Pokemon: Celebi Toki wo Koeta Deai (2000),Animation
896,Pokemon: Mizu no Miyako no Mamorigami Latias to Latios (2000),Animation
897,Pokemon Advanced Generation: Nanayo no Negaiboshi Jirachi (2000),Animation
898,Pokemon Advanced Generation: Rekkuu no Houmonsha Deoxys (2000),Animation
899,Beet the Vandel Buster Excellion (2000),Animation
900,Seikai no Danshou: Tanjou (2000),Animation
901,Figure 17: Tsubasa &amp; Hikaru (2000),Animation
902,UFO Princess Valkyrie (2000),Animation
903,UFO Princess Valkyrie 2: Juunigatsu no Yasoukyoku (2000),Animation
904,Windaria (2000),Animation
905,Digimon Frontier (2000),Animation
906,Tenchi Muyou! GXP (2000),Animation
907,Munto: Toki no Kabe wo Koete (2000),Animation
908,Betterman (2000),Animation
909,Mushrambo (2000),Animation
910,Medarot (2000),Animation
911,Giniro no Kami no Agito (2000),Animation
912,Palme no Ki (2000),Animation
913,Hachimitsu to Clover II (2000),Animation
914,.hack//Intermezzo (2000),Animation
915,Tenchi Muyou! in Love 2: Haruka Naru Omoi (2000),Animation
916,Kaze no Youjinbou (2000),Animation
917,Tenchi Muyou! Ryououki: Omatsuri Zenjitsu no Yoru! (2000),Animation
918,Tenchi Muyou! Ryououki 3rd Season: Tenchi Seirou naredo Namitakashi? (2000),Animation
919,Teito Monogatari (2000),Animation
920,Choujuushin Gravion Zwei (2000),Animation
921,Dominion (2000),Animation
922,New Dominion Tank Police (2000),Animation
923,Crying Freeman (2000),Animation
924,I: Wish You Were Here (2000),Animation
925,Final Fantasy: Unlimited (2000),Animation
926,Maze☆Bakunetsu Jikuu (TV) (2000),Animation
927,Neo Ranga (2000),Animation
928,Mahou Senshi Louie (2000),Animation
929,Sakura Taisen: Ouka Kenran (2000),Animation
930,Samurai Gun (2000),Animation
931,Musekinin Kanchou Tylor OVA (2000),Animation
932,Green Legend Ran (2000),Animation
933,Slayers Special (2000),Animation
934,Slayers Excellent (2000),Animation
935,Slayers Try (2000),Animation
936,Munto (2000),Animation
937,Alien 9 (2000),Animation
938,Detonator Orgun (2000),Animation
939,Gakuen Senki Muryou (2000),Animation
940,Hyper Police (2000),Animation
941,Hikyou Tanken Fam &amp; Ihrlie (2000),Animation
942,Shamanic Princess (2000),Animation
943,Lost Universe (2000),Animation
944,Battle Athletess Daiundoukai (2000),Animation
945,Battle Athletess Daiundoukai (TV) (2000),Animation
946,DNA² OVA (2000),Animation
947,Eden&#039;s Bowy (2000),Animation
948,Prince of Tennis: A Day on Survival Mountain (2000),Animation
949,Saber Marionette J Again (2000),Animation
950,Kakurenbo (2000),Animation
951,Happy Seven: The TV Manga (2000),Animation
952,Coyote Ragtime Show (2000),Animation
953,Zero no Tsukaima (2000),Animation
954,Masuda Kousuke Gekijou Gag Manga Biyori (2000),Animation
955,Tsuyokiss (2000),Animation
956,Gun-dou Musashi (2000),Animation
957,Ar Tonelico: Sekai no Owari de Utai Tsuzukeru Shoujo (2000),Animation
958,Nitaboh (2000),Animation
959,Kujira no Chouyaku (2000),Animation
960,Aru Tabibito no Nikki (2000),Animation
961,Ihatov Gensou: Kenji no Haru (2000),Animation
962,Nasu: Andalusia no Natsu (2000),Animation
963,NHK ni Youkoso! (2000),Animation
964,Macross Plus Movie Edition (2000),Animation
965,Oban Star-Racers (2000),Animation
966,Binbou Shimai Monogatari (2000),Animation
967,Mobile Suit Gundam Seed C.E.73: Stargazer (2000),Animation
968,Boku wa Konomama Kaeranai (2000),Animation
969,Seikimatsu★Darling (2000),Animation
970,Tonagura! (2000),Animation
971,Chocotto Sister (2000),Animation
972,Hoshizora Kiseki (2000),Animation
973,Demashita! Powerpuff Girls Z (2000),Animation
974,Bokura ga Ita (2000),Animation
975,Ame to Shoujo to Watashi no Tegami (2000),Animation
976,Aquarian Age: Sign for Evolution (2000),Animation
977,3x3 Eyes Seima Densetsu (2000),Animation
978,Seihou Tenshi Angel Links (2000),Animation
979,Innocent Venus (2000),Animation
980,Saber Marionette J to X (2000),Animation
981,Saber Marionette R (2000),Animation
982,Aozora Shoujo-tai (2000),Animation
983,I&#039;&#039;s Pure Bonus (2000),Animation
984,One Piece: Oounabara ni Hirake! Dekkai Dekkai Chichi no Yume! (2000),Animation
985,One Piece: Mamore! Saigo no Dai Butai (2000),Animation
986,Bishoujo Senshi Sailor Moon SuperS (2000),Animation
987,Bishoujo Senshi Sailor Moon SuperS: Sailor 9 Senshi Shuuketsu! Black Dream Hole no Kiseki (2000),Animation
988,Mobile Suit Gundam Seed Destiny Final Plus: The Chosen Future (2000),Animation
989,Night Head Genesis (2000),Animation
990,Shihaisha no Tasogare (2000),Animation
991,Yuugo: Koushounin (2000),Animation
992,Zone of the Enders: Idolo (2000),Animation
993,"Zone of the Enders: Dolores, I (2000)",Animation
994,Erementar Gerad (2000),Animation
995,Fushigi no Umi no Nadia (2000),Animation
996,Fushigi no Umi no Nadia: Original Movie (2000),Animation
997,Saint Seiya: Meiou Hades Meikai-hen (2000),Animation
998,Saint Seiya (2000),Animation
999,Saint Seiya: Shinku no Shounen Densetsu (2000),Animation
1000,Saint Seiya: Jashin Eris (2000),Animation
1001,Saint Seiya: Meiou Hades Juuni Kyuu-hen (2000),Animation
1002,Saint Seiya: Kamigami no Atsuki Tatakai (2000),Animation
1003,Saint Seiya: Tenkai-hen Josou - Overture (2000),Animation
1004,Saint Seiya: Saishuu Seisen no Senshi-tachi (2000),Animation
1005,Kyattou Ninden Teyandee (2000),Animation
1006,Macross II: Lovers Again (2000),Animation
1007,Suika (2000),Animation
1008,Yoroiden Samurai Troopers (2000),Animation
1009,Bio Hunter (2000),Animation
1010,Black Magic M-66 (2000),Animation
1011,Injuu Gakuen La Blue Girl (2000),Animation
1012,Injuu Gakuen La Blue Girl: Fukkatsu-hen (2000),Animation
1013,Ys (2000),Animation
1014,Ys: Tenkuu no Shinden - Adol Christine no Bouken (2000),Animation
1015,Bishoujo Senshi Sailor Moon SuperS Gaiden: Ami-chan no Hatsukoi (2000),Animation
1016,Taiyou no Ko Esteban (2000),Animation
1017,Mamono Hunter Youko (2000),Animation
1018,Gakkou no Kaidan (2000),Animation
1019,Soukihei MD Geist (2000),Animation
1020,MD Geist II: Death Force (2000),Animation
1021,Mobile Police Patlabor (2000),Animation
1022,Mobile Police Patlabor: The New Files (2000),Animation
1023,Mobile Police Patlabor: WXIII (2000),Animation
1024,Afro Samurai (2000),Animation
1025,Urusei Yatsura (2000),Animation
1026,Project A-Ko 2: Daitokuji Zaibatsu no Inbou (2000),Animation
1027,Flag (2000),Animation
1028,Ginga Tetsudou 999 (Movie) (2000),Animation
1029,Sayonara Ginga Tetsudou 999: Andromeda Shuuchakueki (2000),Animation
1030,The Animatrix (2000),Animation
1031,Chobits Recap (2000),Animation
1032,Chikyuu Bouei Kigyou Dai-Guard (2000),Animation
1033,Digimon Adventure 02 (2000),Animation
1034,Eyeshield 21: Maboroshi no Golden Bowl (2000),Animation
1035,Earthian (2000),Animation
1036,Hamelin no Violin Hiki (2000),Animation
1037,Aoki Densetsu Shoot! (2000),Animation
1038,Dragon Pink (2000),Animation
1039,Ghost in the Shell: Stand Alone Complex - Tachikoma na Hibi (2000),Animation
1040,Kyoushoku Soukou Guyver II (2000),Animation
1041,Shin Megami Tensei: Tokyo Mokushiroku (2000),Animation
1042,Cool Devices (2000),Animation
1043,Violence Jack: Harlem Bomber-hen (2000),Animation
1044,Violence Jack: Jigoku Gai-hen (2000),Animation
1045,Violence Jack: Hell&#039;s Wind-hen (2000),Animation
1046,AD Police (2000),Animation
1047,Bubblegum Crisis (2000),Animation
1048,Bubblegum Crash (2000),Animation
1049,A.D. Police (TV) (2000),Animation
1050,Parasite Dolls (2000),Animation
1051,Angel Cop (2000),Animation
1052,Cyber City Oedo 808 (2000),Animation
1053,Hokuto no Ken 2 (2000),Animation
1054,Shin Hokuto no Ken (2000),Animation
1055,Hokuto no Ken Movie (2000),Animation
1056,Nikutai Ten&#039;i (2000),Animation
1057,Makai Tenshi Djibril (2000),Animation
1058,Final Fantasy: The Spirits Within (2000),Animation
1059,Street Fighter II: The Movie (2000),Animation
1060,Detective Conan Movie 04: Captured in Her Eyes (2000),Animation
1061,Detective Conan Movie 05: Countdown to Heaven (2000),Animation
1062,Detective Conan Movie 06: The Phantom of Baker Street (2000),Animation
1063,Detective Conan Movie 07: Crossroad in the Ancient Capital (2000),Animation
1064,Detective Conan Movie 08: Magician of the Silver Sky (2000),Animation
1065,Detective Conan OVA 06: Follow the Vanished Diamond! Conan &amp; Heiji vs. Kid! (2000),Animation
1066,Detective Conan OVA 01: Conan vs. Kid vs. Yaiba (2000),Animation
1067,Atama Yama (2000),Animation
1068,Hi no Tori (2000),Animation
1069,Taiho Shichau zo (1996) (2000),Animation
1070,Black Jack Specials: Inochi wo Meguru Yottsu no Kiseki (2000),Animation
1071,Kyoushoku Soukou Guyver (2005) (2000),Animation
1072,Watashi no Ashinaga Ojisan (2000),Animation
1073,Ojamajo Doremi Na-i-sho (2000),Animation
1074,Sengoku Kitan Youtouden Soushuuhen (2000),Animation
1075,Kino no Tabi: Nanika wo Suru Tame ni - Life Goes On. (2000),Animation
1076,Blue Gender: The Warrior (2000),Animation
1077,Yuusha-Ou GaoGaiGar Final (2000),Animation
1078,Kyuuketsuhime Miyu (2000),Animation
1079,Blood Royale (2000),Animation
1080,Yakin Byoutou (2000),Animation
1081,Macross 7 (2000),Animation
1082,Macross Dynamite 7 (2000),Animation
1083,Macross 7 Encore (2000),Animation
1084,Macross 7 Movie: Ginga ga Ore wo Yondeiru! (2000),Animation
1085,Bible Black: New Testament (2000),Animation
1086,Kao no nai Tsuki (2000),Animation
1087,IGPX: Immortal Grand Prix (2005) 2nd Season (2000),Animation
1088,Lupin III (2000),Animation
1089,Lupin III: Alcatraz Connection (2000),Animation
1090,Lupin III: Tenshi no Tactics - Yume no Kakera wa Koroshi no Kaori (2000),Animation
1091,Lupin III: Bye Bye Liberty - Kiki Ippatsu! (2000),Animation
1092,Lupin III: Dead or Alive (2000),Animation
1093,Lupin III: Moeyo Zantetsuken! (2000),Animation
1094,Lupin III: Episode 0 &quot;First Contact&quot; (2000),Animation
1095,Lupin III: Kutabare! Nostradamus (2000),Animation
1096,Lupin III: Russia yori Ai wo Komete (2000),Animation
1097,Lupin III: Hemingway Paper no Nazo (2000),Animation
1098,Lupin III: $1 Money Wars (2000),Animation
1099,Lupin III: Otakara Henkyaku Daisakusen!! (2000),Animation
1100,Lupin III: Part II (2000),Animation
1101,Lupin III: Part III (2000),Animation
1102,Lupin III: Cagliostro no Shiro (2000),Animation
1103,Lupin III: Ai no Da Capo - Fujiko&#039;s Unlucky Days (2000),Animation
1104,Lupin III: Fuuma Ichizoku no Inbou (2000),Animation
1105,Lupin III: Babylon no Ougon Densetsu (2000),Animation
1106,Lupin III: Harimao no Zaihou wo Oe!! (2000),Animation
1107,Lupin III: Lupin vs. Fukusei-ningen (2000),Animation
1108,Lupin III: Twilight Gemini no Himitsu (2000),Animation
1109,Lupin III: Honoo no Kioku - Tokyo Crisis (2000),Animation
1110,Lupin III: Lupin Ansatsu Shirei (2000),Animation
1111,Lupin III: Walther P-38 (2000),Animation
1112,Ginga Tetsudou no Yoru (2000),Animation
1113,Alexander Senki (2000),Animation
1114,Sol Bianca: Taiyou no Fune (2000),Animation
1115,Mach GoGoGo (2000),Animation
1116,Hyakujuu-Ou GoLion (2000),Animation
1117,Brigadoon: Marin to Melan (2000),Animation
1118,Maison Ikkoku (2000),Animation
1119,Kemonozume (2000),Animation
1120,Makai Tenshou (2000),Animation
1121,Key the Metal Idol (2000),Animation
1122,Uchuu no Kishi Tekkaman Blade (2000),Animation
1123,Memories (2000),Animation
1124,Hakaima Sadamitsu (2000),Animation
1125,Baoh Raihousha (2000),Animation
1126,Monster Farm: Enbanseki no Himitsu (2000),Animation
1127,City Hunter (2000),Animation
1128,City Hunter 2 (2000),Animation
1129,City Hunter 3 (2000),Animation
1130,City Hunter &#039;91 (2000),Animation
1131,City Hunter: Ai to Shukumei no Magnum (2000),Animation
1132,City Hunter: Bay City Wars (2000),Animation
1133,City Hunter: The Secret Service (2000),Animation
1134,City Hunter: Goodbye My Sweetheart (2000),Animation
1135,Sky Girls OVA (2000),Animation
1136,D.Gray-man (2000),Animation
1137,Master Keaton (2000),Animation
1138,Youma (2000),Animation
1139,Akachan to Boku (2000),Animation
1140,Kodomo no Omocha (TV) (2000),Animation
1141,.hack//Unison (2000),Animation
1142,Area 88 (2000),Animation
1143,Renkin San-kyuu Magical? Pokaan Specials (2000),Animation
1144,Ginga Tetsudou Monogatari (2000),Animation
1145,Ginga Tetsudou 999 (2000),Animation
1146,Project ARMS (2000),Animation
1147,Project ARMS: The 2nd Chapter (2000),Animation
1148,Darkside Blues (2000),Animation
1149,Fushigi no Kuni no Miyuki-chan (2000),Animation
1150,Black Blood Brothers (2000),Animation
1151,Teizokurei Daydream (2000),Animation
1152,Kaleido Star: Good da yo! Goood!! (2000),Animation
1153,Mahou Shoujo Pretty Sammy (1996) (2000),Animation
1154,Macross Flash Back 2012 (2000),Animation
1155,Detective Conan Movie 09: Strategy Above the Depths (2000),Animation
1156,Detective Conan Movie 10: Requiem of the Detectives (2000),Animation
1157,Sci-fi Harry (2000),Animation
1158,Mamotte! Lollipop (2000),Animation
1159,UFO Princess Valkyrie 3: Seiresetsu no Hanayome (2000),Animation
1160,Kirarin☆Revolution (2000),Animation
1161,Silent Mobius (2000),Animation
1162,Black Lagoon: The Second Barrage (2000),Animation
1163,Black Jack (2000),Animation
1164,Black Jack the Movie (2000),Animation
1165,Fuujin Monogatari (2000),Animation
1166,Pokemon Crystal: Raikou Ikazuchi no Densetsu (2000),Animation
1167,Pokemon Advanced Generation: Mew to Hadou no Yuusha Lucario (2000),Animation
1168,Pokemon: Senritsu no Mirage Pokemon (2000),Animation
1169,Kanon (2006) (2000),Animation
1170,Shakugan no Shana SP: Koi to Onsen no Kougai Gakushuu! (2000),Animation
1171,Suki na Mono wa Suki Dakara Shou ga Nai!! (2000),Animation
1172,Ai Tenshi Densetsu Wedding Peach (2000),Animation
1173,Futari wa Precure: Splash☆Star (2000),Animation
1174,Death Note (2000),Animation
1175,Busou Renkin (2000),Animation
1176,Pumpkin Scissors (2000),Animation
1177,Souten no Ken (2000),Animation
1178,Brain Powerd (2000),Animation
1179,Yoake Mae yori Ruriiro na: Crescent Love (2000),Animation
1180,Negima!? (2000),Animation
1181,Attack No.1 (2000),Animation
1182,Queen Emeraldas (2000),Animation
1183,Asatte no Houkou. (2000),Animation
1184,Tokimeki Memorial: Only Love (2000),Animation
1185,Kikoushi Enma (2000),Animation
1186,Shounen Onmyouji (2000),Animation
1187,Shijou Saikyou no Deshi Kenichi (2000),Animation
1188,Lovedol: Lovely Idol (2000),Animation
1189,Yamato Nadeshiko Shichihenge♥ (2000),Animation
1190,Magic Knight Rayearth II (2000),Animation
1191,Pokemon Advanced Generation (2000),Animation
1192,Pokemon Diamond &amp; Pearl (2000),Animation
1193,Ghost in the Shell: Stand Alone Complex - Solid State Society (2000),Animation
1194,Sumomomo Momomo: Chijou Saikyou no Yome (2000),Animation
1195,Otome wa Boku ni Koishiteru (2000),Animation
1196,Happiness! (2000),Animation
1197,Ghost Hunt (2000),Animation
1198,Jungle Taitei (2000),Animation
1199,Kishin Douji Zenki (2000),Animation
1200,Code Geass: Hangyaku no Lelouch (2000),Animation
1201,Bakumatsu Kikansetsu Irohanihoheto (2000),Animation
1202,Taiho Shichau zo (2000),Animation
1203,Koisuru Tenshi Angelique: Kokoro no Mezameru Toki (2000),Animation
1204,Kiniro no Corda: Primo Passo (2000),Animation
1205,Gift: Eternal Rainbow (2000),Animation
1206,009-1 (2000),Animation
1207,Tenpou Ibun: Ayakashi Ayashi (2000),Animation
1208,Mamoru-kun ni Megami no Shukufuku wo! (2000),Animation
1209,Bartender (2000),Animation
1210,Kujibiki♥Unbalance (2000),Animation
1211,Hataraki Man (2000),Animation
1212,Azumanga Web Daioh (2000),Animation
1213,Jigoku Shoujo Futakomori (2000),Animation
1214,Panyo Panyo Di Gi Charat (2000),Animation
1215,Casshern: Robot Hunter (2000),Animation
1216,Eat-Man &#039;98 (2000),Animation
1217,Red Garden (2000),Animation
1218,Soukou no Strain (2000),Animation
1219,Super Robot Taisen OG: Divine Wars (2000),Animation
1220,Katekyo Hitman Reborn! (2000),Animation
1221,Kekkaishi (2000),Animation
1222,Venus Versus Virus (2000),Animation
1223,Salaryman Kintarou (2000),Animation
1224,Mai-Otome Zwei (2000),Animation
1225,Captain Tsubasa: Road to 2002 (2000),Animation
1226,Negima!? Haru Special!? (2000),Animation
1227,Kai Doh Maru (2000),Animation
1228,Maou Dante (2000),Animation
1229,Devilman Lady (2000),Animation
1230,Eureka Seven: Navigation ray=out (2000),Animation
1231,Shintaisou: Shin (2000),Animation
1232,Shintaisou: Kari (2000),Animation
1233,Ai Shimai: Futari no Kajitsu (2000),Animation
1234,Ai Shimai 2: Futari no Kajitsu (2000),Animation
1235,Ai Shimai Tsubomi... Kegashite Kudasai (2000),Animation
1236,Kaze to Ki no Uta Sanctus: Sei Naru Kana (2000),Animation
1237,Boku no Pico (2000),Animation
1238,Angel&#039;s Feather (2000),Animation
1239,Sugar Sugar Rune (2000),Animation
1240,Harlock Saga: Nibelung no Yubiwa (2000),Animation
1241,Kakugo no Susume (2000),Animation
1242,UFO Princess Valkyrie 4: Toki to Yume to Ginga no Utage (2000),Animation
1243,Uchuu Senkan Yamato (2000),Animation
1244,Uchuu Senkan Yamato 2 (2000),Animation
1245,Kashimashi: Girl Meets Girl OVA (2000),Animation
1246,Nerima Daikon Brothers (2000),Animation
1247,Byston Well Monogatari: Garzey no Tsubasa (2000),Animation
1248,Karakuri no Kimi (2000),Animation
1249,Mai-Otome Specials (2000),Animation
1250,Kurogane Communication (2000),Animation
1251,Cutey Honey (2000),Animation
1252,Bakuten Shoot Beyblade G Revolution (2000),Animation
1253,Bakuten Shoot Beyblade 2002 (2000),Animation
1254,Bakuten Shoot Beyblade the Movie: Gekitou!! Takao vs. Daichi (2000),Animation
1255,Captain Tsubasa J (2000),Animation
1256,Transformers Micron Densetsu (2000),Animation
1257,Cyborg 009: The Cyborg Soldier (2000),Animation
1258,Green Green Specials (2000),Animation
1259,Brave Story (2000),Animation
1260,Baldr Force Exe Resolution (2000),Animation
1261,Di Gi Charat Nyo (2000),Animation
1262,Duel Masters (2000),Animation
1263,Bleach Movie 1: Memories of Nobody (2000),Animation
1264,Nanatsu-iro★Drops (2000),Animation
1265,Byousoku 5 Centimeter (2000),Animation
1266,Bokurano (2000),Animation
1267,Kaze no Stigma (2000),Animation
1268,_Summer (2000),Animation
1269,Reideen (2000),Animation
1270,iDOLM@STER Xenoglossia (2000),Animation
1271,Les Misérables: Shoujo Cosette (2000),Animation
1272,Murder Princess (2000),Animation
1273,Nodame Cantabile (2000),Animation
1274,Romeo x Juliet (2000),Animation
1275,Tokyo Tribe 2 (2000),Animation
1276,Eat-Man (2000),Animation
1277,Gun Frontier (2000),Animation
1278,Kinnikuman II Sei (2000),Animation
1279,Pokemon: Mewtwo! Ware wa Koko ni Ari (2000),Animation
1280,Rockman.EXE (2000),Animation
1281,Winter Garden (2000),Animation
1282,Rozen Maiden: Ouvertüre (2000),Animation
1283,To Heart 2 OVA (2000),Animation
1284,Hitohira (2000),Animation
1285,Nagasarete Airantou (2000),Animation
1286,Clannad Movie (2000),Animation
1287,Saint October (2000),Animation
1288,Keitai Shoujo (2000),Animation
1289,Devil May Cry (2000),Animation
1290,Shinkyoku Soukai Polyphonica (2000),Animation
1291,Super GALS! Kotobuki Ran (2000),Animation
1292,Maria-sama ga Miteru 3rd (2000),Animation
1293,Tales of Symphonia The Animation: Sylvarant-hen (2000),Animation
1294,Negima!? Natsu Special!? (2000),Animation
1295,Ajimu: Kaigan Monogatari (2000),Animation
1296,B&#039;T X Neo (2000),Animation
1297,Muteki Kanban Musume (2000),Animation
1298,Wagamama☆Fairy Mirumo de Pon! (2000),Animation
1299,Zoids Fuzors (2000),Animation
1300,Freedom (2000),Animation
1301,Amaenaide yo!!: Yasumanaide yo!! (2000),Animation
1302,Amaenaide yo!! Katsu!!: Damasarenaide yo!! (2000),Animation
1303,Jikuu Bouken Nuumamonjaa (2000),Animation
1304,Golgo 13 (2000),Animation
1305,Golgo 13: Queen Bee (2000),Animation
1306,Arslan Senki (2000),Animation
1307,Slam Dunk (Movie) (2000),Animation
1308,Oh! Super Milk-chan (2000),Animation
1309,Hokuto no Ken: Raoh Gaiden Junai-hen (2000),Animation
1310,Jikuu Tenshou Nazca (2000),Animation
1311,Choukou Tenshi Escalayer (2000),Animation
1312,Imouto Jiru (2000),Animation
1313,Little Monica Monogatari (2000),Animation
1314,Viper GTS (2000),Animation
1315,Overman King Gainer (2000),Animation
1316,Kaze no Na wa Amnesia (2000),Animation
1317,Dirty Pair: The Movie (2000),Animation
1318,Animation Seisaku Shinkou Kuromi-chan (2000),Animation
1319,Animation Seisaku Shinkou Kuromi-chan 2 (2000),Animation
1320,Fatal Fury: Legend of the Hungry Wolf (2000),Animation
1321,Fatal Fury 2: The New Battle (2000),Animation
1322,Dirty Pair Flash (2000),Animation
1323,Koko wa Green Wood (2000),Animation
1324,Master Mosquiton (2000),Animation
1325,Prism Ark (2000),Animation
1326,Kamichama Karin (2000),Animation
1327,Kyoushirou to Towa no Sora (2000),Animation
1328,Genshiken OVA (2000),Animation
1329,Shakugan no Shana Movie (2000),Animation
1330,Sonic X (2000),Animation
1331,DearS: Kin no Tama desu no? (2000),Animation
1332,Claymore (2000),Animation
1333,Guren (2000),Animation
1334,Hadashi no Gen (2000),Animation
1335,Hadashi no Gen 2 (2000),Animation
1336,Deltora Quest (2000),Animation
1337,Seirei no Moribito (2000),Animation
1338,Gedo Senki (2000),Animation
1339,Utawarerumono Specials (2000),Animation
1340,Ryuusei no Rockman (2000),Animation
1341,Shuffle! Memories (2000),Animation
1342,Dokkoida (2000),Animation
1343,Mitsu x Mitsu Drops (2000),Animation
1344,Zero no Tsukaima: Futatsuki no Kishi (2000),Animation
1345,Dai Mahou Touge Omake (2000),Animation
1346,Major S3 (2000),Animation
1347,CLAMP Gakuen Tanteidan (2000),Animation
1348,Princess Nine: Kisaragi Joshikou Yakyuubu (2000),Animation
1349,Rec: Yurusarezarumono (2000),Animation
1350,Hidamari Sketch (2000),Animation
1351,Kimi ga Nozomu Eien: Ayu Mayu Gekijou (2000),Animation
1352,Gakuen Utopia Manabi Straight! (2000),Animation
1353,Grappler Baki (2000),Animation
1354,Tokyo Majin Gakuen Kenpucho: Tou (2000),Animation
1355,Slam Dunk: Zenkoku Seiha Da! Sakuragi Hanamichi (2000),Animation
1356,Strike Witches OVA (2000),Animation
1357,Koisuru Tenshi Angelique: Kagayaki no Ashita (2000),Animation
1358,Getsumen To Heiki Mina (2000),Animation
1359,Gin&#039;iro no Olynsis: Tokito (2000),Animation
1360,Nana Recaps (2000),Animation
1361,Love♥Love? Specials (2000),Animation
1362,Kaze no Shoujo Emily (2000),Animation
1363,Sasami: Mahou Shoujo Club (2000),Animation
1364,Lucky☆Star (2000),Animation
1365,Ichigo Mashimaro OVA (2000),Animation
1366,Higurashi no Naku Koro ni Kai (2000),Animation
1367,Clover (2000),Animation
1368,Yu☆Gi☆Oh!: Hikari no Pyramid (2000),Animation
1369,Akiba Kei Kanojo (2000),Animation
1370,11-nin Iru! (2000),Animation
1371,Happiness!: Watarase Jun no Kareinaru Ichinichi (2000),Animation
1372,Harukanaru Toki no Naka de: Maihitoyo (2000),Animation
1373,Lesson XX (2000),Animation
1374,Master Keaton OVA (2000),Animation
1375,Top wo Nerae! &amp; Top wo Nerae 2! Gattai Movie!! (2000),Animation
1376,Marginal Prince: Gekkeiju no Ouji-tachi (2000),Animation
1377,Shonan Junai Gumi! (2000),Animation
1378,Saiunkoku Monogatari 2nd Season (2000),Animation
1379,Mahou Shoujo Lyrical Nanoha StrikerS (2000),Animation
1380,Mobile Suit Gundam MS IGLOO: Apocalypse 0079 (2000),Animation
1381,Mobile Suit Gundam MS IGLOO: The Hidden One Year War (2000),Animation
1382,Mahou Shoujo Pretty Sammy (2000),Animation
1383,Urusei Yatsura Movie 1: Only You (2000),Animation
1384,Urusei Yatsura Movie 2: Beautiful Dreamer (2000),Animation
1385,Urusei Yatsura Movie 3: Remember My Love (2000),Animation
1386,Urusei Yatsura Movie 5: Final (2000),Animation
1387,Futari wa Precure: Max Heart (2000),Animation
1388,Futari wa Precure: Max Heart Movie 1 (2000),Animation
1389,Futari wa Precure: Max Heart Movie 2 - Yukizora no Tomodachi (2000),Animation
1390,Yes! Precure 5 (2000),Animation
1391,Megazone 23 (2000),Animation
1392,Moonlight Mile 1st Season: Lift Off (2000),Animation
1393,Rocket Girls (2000),Animation
1394,Paprika (2000),Animation
1395,Photon (2000),Animation
1396,Ashita no Nadja (2000),Animation
1397,Manie-Manie: Meikyuu Monogatari (2000),Animation
1398,Vampire Hunter (2000),Animation
1399,Code Geass: Hangyaku no Lelouch Picture Drama (2000),Animation
1400,Rayearth (2000),Animation
1401,Ikkitousen: Dragon Destiny (2000),Animation
1402,Ai Tenshi Densetsu Wedding Peach DX (2000),Animation
1403,Wish (2000),Animation
1404,Arashi no Yoru ni (2000),Animation
1405,Sola (2000),Animation
1406,Mobile Suit Zeta Gundam: A New Translation - Heir to the Stars (2000),Animation
1407,Mobile Suit Zeta Gundam: A New Translation II - Lovers (2000),Animation
1408,Mobile Suit Zeta Gundam: A New Translation III - Love Is the Pulse of the Stars (2000),Animation
1409,Meitantei Holmes (2000),Animation
1410,Glass no Kamen (2005) (2000),Animation
1411,Onkyo Seimeitai Noiseman (2000),Animation
1412,Trava: Fist Planet (2000),Animation
1413,Twilight Q (2000),Animation
1414,UFO Robo Grendizer (2000),Animation
1415,Himawari!! (2000),Animation
1416,Juusou Kikou Dancougar Nova (2000),Animation
1417,.hack//Tasogare no Udewa Densetsu: Offline de Aimashou (2000),Animation
1418,Lingerie Senshi Papillon Rose (2000),Animation
1419,Full Moon wo Sagashite: Kawaii Kawaii Daibouken (2000),Animation
1420,Amazing Nuts! (2000),Animation
1421,Roujin Z (2000),Animation
1422,Tengen Toppa Gurren Lagann (2000),Animation
1423,Heroic Age (2000),Animation
1424,Hanada Shounen-shi (2000),Animation
1425,Yu☆Gi☆Oh! (1999) (2000),Animation
1426,Taiho Shichau zo Special (2000),Animation
1427,Jigoku Sensei Nube (2000),Animation
1428,Taiho Shichau zo The Movie (2000),Animation
1429,Taiho Shichau zo: Second Season (2000),Animation
1430,Mermaid Forest OVA (2000),Animation
1431,Mermaid&#039;s Scar (2000),Animation
1432,One Piece: Nenmatsu Tokubetsu Kikaku! Mugiwara no Luffy Oyabun Torimonochou (2000),Animation
1433,Darker than Black: Kuro no Keiyakusha (2000),Animation
1434,Hayate no Gotoku! (2000),Animation
1435,El Cazador de la Bruja (2000),Animation
1436,Shining Tears X Wind (2000),Animation
1437,Wellber no Monogatari: Sisters of Wellber (2000),Animation
1438,Tamala 2010: A Punk Cat in Space (2000),Animation
1439,Lovely★Complex (2000),Animation
1440,Eikoku Koi Monogatari Emma: Molders-hen (2000),Animation
1441,Hime-chan no Ribbon (2000),Animation
1442,Ai to Yuuki no Pig Girl Tonde Buurin (2000),Animation
1443,Five Star Stories (2000),Animation
1444,Cat&#039;s Eye (2000),Animation
1445,Mahou no Tenshi Creamy Mami (2000),Animation
1446,Kikou Ryohei Mellowlink (2000),Animation
1447,Gall Force 1: Eternal Story (2000),Animation
1448,Hana yori Dango (Movie) (2000),Animation
1449,Kindaichi Shounen no Jikenbo (TV) (2000),Animation
1450,"Shin Kimagure Orange☆Road: Soshite, Ano Natsu no Hajimari (2000)",Animation
1451,Seto no Hanayome (2000),Animation
1452,Touka Gettan (2000),Animation
1453,Kiss Dum: Engage Planet (2000),Animation
1454,One Piece Movie 8: Episode of Alabasta - Sabaku no Oujo to Kaizoku-tachi (2000),Animation
1455,Rockman.EXE Axess (2000),Animation
1456,Rockman.EXE Stream (2000),Animation
1457,Rockman.EXE Beast (2000),Animation
1458,Over Drive (2000),Animation
1459,Tenkuu Senki Shurato (2000),Animation
1460,Captain Tsubasa (2000),Animation
1461,Shin Captain Tsubasa (2000),Animation
1462,Captain Tsubasa: Europe Daikessen (2000),Animation
1463,Digimon X-Evolution (2000),Animation
1464,Code Geass: Hangyaku no Lelouch Recaps (2000),Animation
1465,Yuu☆Yuu☆Hakusho: Eizou Hakusho (2000),Animation
1466,Yuu☆Yuu☆Hakusho: Eizou Hakusho II (2000),Animation
1467,True Tears (2000),Animation
1468,Kaibutsu Oujo (2000),Animation
1469,Bokusatsu Tenshi Dokuro-chan 2 (2000),Animation
1470,Inukami! The Movie: Tokumei Reiteki Sousakan Karina Shirou! (2000),Animation
1471,"Sora no Iro, Mizu no Iro (2000)",Animation
1472,Front Innocent: Mou Hitotsu no Lady Innocent (2000),Animation
1473,Kage (OVA) (2000),Animation
1474,Aniyome (2000),Animation
1475,Oseam (2000),Animation
1476,Blue Dragon (2000),Animation
1477,Saiyuuki Reload: Burial (2000),Animation
1478,Naruto Movie 3: Dai Koufun! Mikazuki Jima no Animaru Panikku Dattebayo! (2000),Animation
1479,Black Gate: Kanin no Gakuen (2000),Animation
1480,Call Me Tonight (2000),Animation
1481,Okane ga Nai (2000),Animation
1482,Tanoshii Muumin Ikka (2000),Animation
1483,Oh! Edo Rocket (2000),Animation
1484,Saint Beast: Kouin Jojishi Tenshi Tan (2000),Animation
1485,Tekkon Kinkreet (2000),Animation
1486,Kono Aozora ni Yakusoku wo: Youkoso Tsugumi Ryou e (2000),Animation
1487,Bakugan Battle Brawlers (2000),Animation
1488,Koutetsushin Jeeg (2000),Animation
1489,Terra e... (TV) (2000),Animation
1490,Ookiku Furikabutte (2000),Animation
1491,Skull Man (2000),Animation
1492,Koutetsu Sangokushi (2000),Animation
1493,AIKa R-16: Virgin Mission (2000),Animation
1494,Dennou Coil (2000),Animation
1495,Doujin Work (2000),Animation
1496,Clannad (2000),Animation
1497,Ice (2000),Animation
1498,Sousei no Aquarion OVA (2000),Animation
1499,Detective Conan Movie 11: Jolly Roger in the Deep Azure (2000),Animation
1500,Hokuto no Ken: Raoh Gaiden Gekitou-hen (2000),Animation
1501,Kino no Tabi: The Beautiful World - Byouki no Kuni - For You (2000),Animation
1502,Kiddy Grade: Ignition (2000),Animation
1503,Highlander: The Search for Vengeance (2000),Animation
1504,Robot Carnival (2000),Animation
1505,Maid in Heaven SuperS (2000),Animation
1506,Saiunkoku Monogatari Soushuuhen (2000),Animation
1507,Aa! Megami-sama!: Sorezore no Tsubasa Specials (2000),Animation
1508,Chirin no Suzu (2000),Animation
1509,Pokemon Advanced Generation: Pokemon Ranger to Umi no Ouji Manaphy (2000),Animation
1510,Waga Seishun no Arcadia (2000),Animation
1511,Karakuri Zoushi Ayatsuri Sakon (2000),Animation
1512,Bakuretsu Tenshi: Infinity (2000),Animation
1513,Tooi Sekai (2000),Animation
1514,Bakuretsu Tenshi: Infinity Specials (2000),Animation
1515,Black Jack (TV) (2000),Animation
1516,Black Jack 21 (2000),Animation
1517,Kishin Taisen Gigantic Formula (2000),Animation
1518,Shigurui (2000),Animation
1519,Hand Maid May Special (2000),Animation
1520,Fujimi 2-choume Koukyougakudan (2000),Animation
1521,Be-Boy Kidnapp&#039;n Idol (2000),Animation
1522,Aishite Knight (2000),Animation
1523,Dr. Slump: Arale-chan (2000),Animation
1524,Alps no Shoujo Heidi (2000),Animation
1525,Dragon Quest: Dai no Daibouken (2000),Animation
1526,Mizu no Kotoba (2000),Animation
1527,Toki wo Kakeru Shoujo (2000),Animation
1528,Rozen Maiden: Meitantei Kunkun - Duell Walzer (2000),Animation
1529,Fuyu no Semi (2000),Animation
1530,Mononoke (2000),Animation
1531,Naruto: Dai Katsugeki!! Yuki Hime Shinobu Houjou Dattebayo! Special: Konoha Annual Sports Festival (2000),Animation
1532,Amon Saga (2000),Animation
1533,Baccano! (2000),Animation
1534,Devilman (2000),Animation
1535,Sonic★the★Hedgehog (2000),Animation
1536,Transformers the Movie (2000),Animation
1537,Red Garden: Dead Girls (2000),Animation
1538,Tatakae! Chou Robot Seimeitai Transformers (2000),Animation
1539,Mobile Suit Gundam Seed Special Edition (2000),Animation
1540,Mobile Suit Gundam Wing: Endless Waltz Movie (2000),Animation
1541,CLAMP in Wonderland (2000),Animation
1542,Jikuu Tantei Genshi-kun (2000),Animation
1543,Little Nemo (2000),Animation
1544,Akihabara Dennou-gumi (2000),Animation
1545,Superflat Monogram (2000),Animation
1546,Tatakae!! Iczer-1 (2000),Animation
1547,Mobile Suit Gundam Seed Destiny Special Edition (2000),Animation
1548,Mobile Suit Gundam Seed: After-Phase Between the Stars (2000),Animation
1549,Muumindani no Suisei (2000),Animation
1550,Giant Robo the Animation: Chikyuu ga Seishi Suru Hi (2000),Animation
1551,Angel Blade (2000),Animation
1552,Angel Blade Punish! (2000),Animation
1553,Jibaku-kun (2000),Animation
1554,Plastic Little (2000),Animation
1555,Kenyuu Densetsu Yaiba (2000),Animation
1556,Hikaru no Go: New Year Special (2000),Animation
1557,Choujin Densetsu Urotsukidouji (2000),Animation
1558,Koroshiya 1 The Animation: Episode 0 (2000),Animation
1559,Bondage Game: Shinsou no Reijoutachi (2000),Animation
1560,Daiakuji: The Xena Buster (2000),Animation
1561,Devilman: Tanjou-hen (2000),Animation
1562,Devilman: Yochou Sirene-hen (2000),Animation
1563,Amon: Devilman Mokushiroku (2000),Animation
1564,Kojin Taxi (2000),Animation
1565,Sei Juushi Bismarck (2000),Animation
1566,Pokemon Housoukyoku (2000),Animation
1567,Moetan (2000),Animation
1568,Rental Magica (2000),Animation
1569,Enbo (2000),Animation
1570,Cybersix (2000),Animation
1571,One Piece: Jango no Dance Carnival (2000),Animation
1572,One Piece: Yume no Soccer Ou! (2000),Animation
1573,Kagaku Ninja-tai Gatchaman (2000),Animation
1574,Hoshi no Kirby (2000),Animation
1575,SD Gundam Force (2000),Animation
1576,Milk Junkie: Shimai-hen (2000),Animation
1577,Digimon Adventure: Bokura no War Game! (2000),Animation
1578,Digimon Adventure 02: Diablomon no Gyakushuu (2000),Animation
1579,Ghost Sweeper GS Mikami (2000),Animation
1580,Ashita no Joe (2000),Animation
1581,Kodomo no Jikan (TV) (2000),Animation
1582,Zombie-Loan (2000),Animation
1583,Keroro Gunsou Movie 1 (2000),Animation
1584,Keroro Gunsou Movie 2: Shinkai no Princess de Arimasu! (2000),Animation
1585,Gokudou-kun Manyuuki (2000),Animation
1586,Boin (2000),Animation
1587,Saigo no Door wo Shimero! (2000),Animation
1588,Stranger: Mukou Hadan (2000),Animation
1589,Cardcaptor Sakura Specials (2000),Animation
1590,Discipline (2000),Animation
1591,Lingeries (2000),Animation
1592,Angelium (2000),Animation
1593,Hitozuma♪Kasumi-san (2000),Animation
1594,Koihime (2000),Animation
1595,Maple Colors (2000),Animation
1596,Nikuyome: Takayanagi Ke no Hitobito (2000),Animation
1597,Chibo (2000),Animation
1598,Ghost in the Shell: Stand Alone Complex 2nd GIG - Individual Eleven (2000),Animation
1599,Ghost in the Shell: Stand Alone Complex - The Laughing Man (2000),Animation
1600,Space Cobra (2000),Animation
1601,Space Adventure Cobra (2000),Animation
1602,Kimagure Orange☆Road: Ano Hi ni Kaeritai (2000),Animation
1603,Kimagure Orange☆Road OVA (2000),Animation
1604,Maison Ikkoku: Kanketsu-hen (2000),Animation
1605,Doraemon (1979) (2000),Animation
1606,Naruto: Shippuuden Movie 1 (2000),Animation
1607,School Days (2000),Animation
1608,Rumiko Takahashi Anthology (2000),Animation
1609,Mei to Koneko Bus (2000),Animation
1610,One Piece: Mezase! Kaizoku Yakyuu Ou (2000),Animation
1611,Goshuushou-sama Ninomiya-kun (2000),Animation
1612,Chance Triangle Session (2000),Animation
1613,Shin Cutey Honey (2000),Animation
1614,Slam Dunk: Shouhoku Saidai no Kiki! Moero Sakuragi Hanamichi (2000),Animation
1615,Slam Dunk: Hoero Basketman-damashii! Hanamichi to Rukawa no Atsuki Natsu (2000),Animation
1616,The Cockpit (2000),Animation
1617,Ringetsu The Animation (2000),Animation
1618,Genshiken 2 (2000),Animation
1619,Detective Conan OVA 02: 16 Suspects (2000),Animation
1620,Detective Conan OVA 03: Conan and Heiji and the Vanished Boy (2000),Animation
1621,Detective Conan OVA 04: Conan and Kid and Crystal Mother (2000),Animation
1622,Detective Conan OVA 05: The Target is Kogoro! The Detective Boys&#039; Secret Investigation (2000),Animation
1623,Eikoku Koi Monogatari Emma: Intermission (2000),Animation
1624,Dragon Ball Specials (2000),Animation
1625,Izumo: Takeki Tsurugi no Senki (2000),Animation
1626,Jungle de Ikou! (2000),Animation
1627,G-Taste (2000),Animation
1628,Gibomai (2000),Animation
1629,Angelique (2000),Animation
1630,Itazura The Animation (2000),Animation
1631,Lady Georgie (2000),Animation
1632,Robin Hood no Daibouken (2000),Animation
1633,Shoukoujo Sara (2000),Animation
1634,Romeo no Aoi Sora (2000),Animation
1635,Terra e... (2000),Animation
1636,Shion no Ou (2000),Animation
1637,Aria The OVA: Arietta (2000),Animation
1638,Code-E (2000),Animation
1639,Jungle Book Shounen Mowgli (2000),Animation
1640,Mitsubachi Maya no Bouken (2000),Animation
1641,Tsukuyomi: Moon Phase Special (2000),Animation
1642,Mobile Suit Gundam 00 (2000),Animation
1643,Soukou Kihei Votoms (2000),Animation
1644,Black Cat Special (2000),Animation
1645,Genmukan (2000),Animation
1646,Kara no Kyoukai 1: Fukan Fuukei (2000),Animation
1647,Piano no Mori (2000),Animation
1648,D.C.II: Da Capo II (2000),Animation
1649,Shinreigari: Ghost Hound (2000),Animation
1650,Detective Conan OVA 07: A Challenge from Agasa! Agasa vs. Conan and the Detective Boys (2000),Animation
1651,Kenkou Zenrakei Suieibu Umishou (2000),Animation
1652,Mushi-Uta (2000),Animation
1653,Sky Girls (2000),Animation
1654,Sayonara Zetsubou Sensei (2000),Animation
1655,Digimon Savers the Movie: Kyuukyoku Power! Burst Mode Hatsudou!! (2000),Animation
1656,Wangan Midnight (2000),Animation
1657,Panda Kopanda (2000),Animation
1658,Otome wa Boku ni Koishiteru Special (2000),Animation
1659,Ghiblies (2000),Animation
1660,Takarajima (2000),Animation
1661,Flanders no Inu (Movie) (2000),Animation
1662,One Piece: Straw Hat Theater (2000),Animation
1663,Tokyo Majin Gakuen Kenpucho: Tou Dai Ni Maku (2000),Animation
1664,Buzzer Beater 2nd Season (2000),Animation
1665,Tsubasa: Tokyo Revelations (2000),Animation
1666,Mobile Suit Gundam 0083: The Fading Light of Zeon (2000),Animation
1667,Rockman.EXE Beast+ (2000),Animation
1668,MapleStory (2000),Animation
1669,Daicon Opening Animations (2000),Animation
1670,Tenchi Muyou!: Galaxy Police Mihoshi Space Adventure (2000),Animation
1671,X²: Double X (2000),Animation
1672,1+2=Paradise (2000),Animation
1673,Mobile Suit Gundam Seed: Seed Supernova - Tanekyara Gekijou (2000),Animation
1674,Potemayo (2000),Animation
1675,Vexille: 2077 Nihon Sakoku (2000),Animation
1676,Tetsuwan Atom (2000),Animation
1677,Miyori no Mori (2000),Animation
1678,Prince of Tennis: The National Tournament Semifinals (2000),Animation
1679,Ushiro no Shoumen Daare (2000),Animation
1680,Cheonnyeon-yeowoo Yeowoobi (2000),Animation
1681,Evangelion: 1.0 You Are (Not) Alone (2000),Animation
1682,Igano Kabamaru (2000),Animation
1683,CLAMP in Wonderland 2 (2000),Animation
1684,Juushin Enbu: Hero Tales (2000),Animation
1685,Genocyber (2000),Animation
1686,Fire Emblem (2000),Animation
1687,Gift: Eternal Rainbow Special (2000),Animation
1688,Shakugan no Shana II (Second) (2000),Animation
1689,B-Densetsu! Battle Bedaman (2000),Animation
1690,Dragonaut: The Resonance (2000),Animation
1691,Hatsu Inu The Animation (2000),Animation
1692,Candy Candy (2000),Animation
1693,Irregular Hunter X: The Day of Sigma (2000),Animation
1694,Chiisana Ahiru no Ooki na Ai no Monogatari: Ahiru no Kwak (2000),Animation
1695,Toushou Daimos (2000),Animation
1696,Cinderella Monogatari (2000),Animation
1697,Ie Naki Ko (2000),Animation
1698,Ie Naki Ko Remi (2000),Animation
1699,Ani*Kuri15 (2000),Animation
1700,Kuro Ai: Hitoyozumakan Inkou Rannyuuroku (2000),Animation
1701,Pokemon Fushigi no Dungeon: Shutsudou Pokemon Kyuujotai Ganbaruzu! (2000),Animation
1702,Pokemon Diamond &amp; Pearl: Dialga vs. Palkia vs. Darkrai (2000),Animation
1703,Kappa no Coo to Natsuyasumi (2000),Animation
1704,Accelerando: Datenshi-tachi no Sasayaki (2000),Animation
1705,Ikusa Otome Valkyrie (2000),Animation
1706,Ane☆Haramix (2000),Animation
1707,Ane Jiru The Animation: Shirakawa Sanshimai ni Omakase (2000),Animation
1708,Kazama Mana (2000),Animation
1709,Nanase Ren (2000),Animation
1710,Yagami Yuu (2000),Animation
1711,Bakunyuu Oyako (2000),Animation
1712,Bible Black Only Version (2000),Animation
1713,Iyashite Agerun Saiyuuki (2000),Animation
1714,Aachi wa Ssipak (2000),Animation
1715,Bleach Movie 2: The DiamondDust Rebellion - Mou Hitotsu no Hyourinmaru (2000),Animation
1716,Gake no Ue no Ponyo (2000),Animation
1717,Iblard Jikan (2000),Animation
1718,Houkago: Nureta Seifuku (2000),Animation
1719,Higurashi no Naku Koro ni Special: Nekogoroshi-hen (2000),Animation
1720,Sakigake!! Otokojuku (2000),Animation
1721,Code Geass: Hangyaku no Lelouch R2 (2000),Animation
1722,Ikkitousen: Dragon Destiny Specials (2000),Animation
1723,Cyborg Kuro-chan (2000),Animation
1724,Kyoushirou to Towa no Sora Specials (2000),Animation
1725,Ashita no Joe 2 (2000),Animation
1726,Shugo Chara! (2000),Animation
1727,ef: A Tale of Memories. (2000),Animation
1728,Myself; Yourself (2000),Animation
1729,Kimikiss Pure Rouge (2000),Animation
1730,.hack//G.U. Returner (2000),Animation
1731,Moonlight Mile 2nd Season: Touch Down (2000),Animation
1732,Mokke (2000),Animation
1733,Bishoujo Senshi Sailor Moon R: Make Up! Sailor Senshi (2000),Animation
1734,Sketchbook: Full Color&#039;s (2000),Animation
1735,Angel Core: Tenshi-tachi no Sumika (2000),Animation
1736,Doubutsu no Mori (2000),Animation
1737,Gintama: Nanigoto mo Saiyo ga Kanjin nano de Tasho Senobisuru Kurai ga Choudoyoi (2000),Animation
1738,Final Fantasy VII: Advent Children Complete (2000),Animation
1739,Egao (2000),Animation
1740,Maria-sama ga Miteru 3rd Specials (2000),Animation
1741,Hana no Joshi Announcer: Newscaster Etsuko (2000),Animation
1742,Hitozuma Cosplay Kissa (2000),Animation
1743,Digimon Adventure Movie (2000),Animation
1744,Digimon Adventure 02 Movies (2000),Animation
1745,Minami-ke (2000),Animation
1746,Blue Drop: Tenshi-tachi no Gikyoku (2000),Animation
1747,Suteki Tantei Labyrinth (2000),Animation
1748,Ookami to Koushinryou (2000),Animation
1749,Saishuu Shiken Kujira (2000),Animation
1750,Appleseed Saga Ex Machina (2000),Animation
1751,Night Wizard (2000),Animation
1752,Kyou kara Maou! R (2000),Animation
1753,Shin Getter Robo (2000),Animation
1754,Chika Gentou Gekiga: Shoujo Tsubaki (2000),Animation
1755,Yuuwaku (2000),Animation
1756,Majin Tantei Nougami Neuro (2000),Animation
1757,Bamboo Blade (2000),Animation
1758,Mahou Shoujo Ai (2000),Animation
1759,Rosario to Vampire (2000),Animation
1760,Death Note Rewrite (2000),Animation
1761,Taiho Shichau zo: Full Throttle (2000),Animation
1762,Moyashimon (2000),Animation
1763,Gyakkyou Burai Kaiji: Ultimate Survivor (2000),Animation
1764,Shadow Skill (2000),Animation
1765,Bronze: Kouji Nanjo Cathexis (2000),Animation
1766,Time Bokan Series: Yatterman (2000),Animation
1767,Tiger Mask (2000),Animation
1768,Kaiketsu Zorro (2000),Animation
1769,Yotsunoha (2000),Animation
1770,Gekitou! Crush Gear Turbo (2000),Animation
1771,Ginga Eiyuu Densetsu: Waga Yuku wa Hoshi no Taikai (2000),Animation
1772,Ginga Eiyuu Densetsu Gaiden: Ougon no Tsubasa (2000),Animation
1773,Ginga Eiyuu Densetsu: Arata Naru Tatakai no Overture (2000),Animation
1774,Hokuto no Ken: Yuria-den (2000),Animation
1775,Digimon Frontier: Ornismon Fukkatsu!! (2000),Animation
1776,Digimon Tamers: Boukensha-tachi no Tatakai (2000),Animation
1777,Digimon Tamers: Bousou Digimon Tokkyuu (2000),Animation
1778,Tetsuwan Atom (1980) (2000),Animation
1779,Panchira Teacher (2000),Animation
1780,Ganbare! Kickers (2000),Animation
1781,Loveless Specials (2000),Animation
1782,Darling (2000),Animation
1783,Bishoujo Senshi Sailor Moon SuperS Special (2000),Animation
1784,Anime Tenchou (2000),Animation
1785,Koharu Biyori (2000),Animation
1786,Strait Jacket (2000),Animation
1787,Cencoroll (2000),Animation
1788,Tokyo Marble Chocolate (2000),Animation
1789,The Sky Crawlers (2000),Animation
1790,Aa! Megami-sama!: Tatakau Tsubasa (2000),Animation
1791,xxxHOLiC Kei (2000),Animation
1792,Junjou Romantica (2000),Animation
1793,F-Zero: Falcon Densetsu (2000),Animation
1794,Kateikyoushi no Oneesan The Animation: H no Hensachi Agechaimasu (2000),Animation
1795,Dark Shell: Ori no Naka no Namameki (2000),Animation
1796,Kodomo no Jikan OVA (2000),Animation
1797,Hidamari Sketch Specials (2000),Animation
1798,Ayakashi (2000),Animation
1799,Eve no Jikan (2000),Animation
1800,Sola Specials (2000),Animation
1801,Ikoku Irokoi Romantan (2000),Animation
1802,Gensoumaden Saiyuuki OVA (2000),Animation
1803,Gakuen Utopia Manabi Straight! Special (2000),Animation
1804,Kanashimi no Belladonna (2000),Animation
1805,Shakugan no Shana Movie Special (2000),Animation
1806,Kiddy Grade: Maelstrom (2000),Animation
1807,Kiddy Grade: Truth Dawn (2000),Animation
1808,Minami-ke Okawari (2000),Animation
1809,Major S4 (2000),Animation
1810,Zoku Sayonara Zetsubou Sensei (2000),Animation
1811,Kimi ga Aruji de Shitsuji ga Ore de (2000),Animation
1812,Druaga no Tou: The Aegis of Uruk (2000),Animation
1813,Gunslinger Girl: Il Teatrino (2000),Animation
1814,009-1: R&amp;B (2000),Animation
1815,Love Hina Final Selection (2000),Animation
1816,Soukou Kihei Votoms: Pailsen Files (2000),Animation
1817,Princess Tutu Recaps (2000),Animation
1818,Ai Yori Aoshi: Enishi - Miyuki (2000),Animation
1819,Mai-Otome 0: S.ifr (2000),Animation
1820,.hack//G.U. Trilogy (2000),Animation
1821,IGPX: Immortal Grand Prix (2005) (2000),Animation
1822,Gibo no Toiki: Haitoku Kokoro ni Tadayou Haha no Iroka (2000),Animation
1823,Tenkuu Danzai Skelter+Heaven (2000),Animation
1824,Gundam Evolve (2000),Animation
1825,Potemayo Specials (2000),Animation
1826,Aria The Origination (2000),Animation
1827,Hatenkou Yuugi (2000),Animation
1828,H2O: Footprints in the Sand (2000),Animation
1829,Megachu! (2000),Animation
1830,Moke Moke Taishou Dendo Musume Arisa (2000),Animation
1831,Dr. Slump (2000),Animation
1832,Kimi ga Nozomu Eien: Next Season (2000),Animation
1833,Wagaya no Oinari-sama. (2000),Animation
1834,Kite Liberator (2000),Animation
1835,Discode: Ijou Seiai (2000),Animation
1836,Inaka Isha (2000),Animation
1837,School Days: Magical Heart Kokoro-chan (2000),Animation
1838,Mnemosyne: Mnemosyne no Musume-tachi (2000),Animation
1839,Kiddy GiRL-AND (2000),Animation
1840,Tengen Toppa Gurren Lagann: Mitee Mono wa Miteen da!! (2000),Animation
1841,Zombie-Loan Specials (2000),Animation
1842,Kure-nai (2000),Animation
1843,Amatsuki (2000),Animation
1844,RD Sennou Chousashitsu (2000),Animation
1845,Persona: Trinity Soul (2000),Animation
1846,Shoubushi Densetsu Tetsuya (2000),Animation
1847,"Ginga Eiyuu Densetsu Gaiden: Senoku no Hoshi, Senoku no Hikari (2000)",Animation
1848,Kirepapa. (2000),Animation
1849,Bus Gamer (2000),Animation
1850,Kiniro no Corda: Primo Passo - Hitonatsu no Encore (2000),Animation
1851,Aru Tabibito no Nikki Specials (2000),Animation
1852,The Guts! (2000),Animation
1853,Blassreiter (2000),Animation
1854,Sky Girls Specials (2000),Animation
1855,Yawaraka Sangokushi Tsukisase!! Ryofuko-chan (2000),Animation
1856,Sumomomo Momomo: Chijou Saikyou no Yome Specials (2000),Animation
1857,Shigofumi (2000),Animation
1858,Kodomo no Omocha (2000),Animation
1859,Blame! Special (2000),Animation
1860,Blame! Prologue (2000),Animation
1861,Biohazard: Degeneration (2000),Animation
1862,Ghost in the Shell: Stand Alone Complex - Solid State Society - Uchikoma no Hibi (2000),Animation
1863,Mad★Bull 34 (2000),Animation
1864,Kamichu! Specials (2000),Animation
1865,To LOVE-Ru (2000),Animation
1866,Candy☆Boy: Side Story For Archive (2000),Animation
1867,Vampire Knight (2000),Animation
1868,Kemeko Deluxe! (2000),Animation
1869,Kino no Tabi: The Beautiful World - Tou no Kuni (2000),Animation
1870,Nogizaka Haruka no Himitsu (2000),Animation
1871,Maria-sama ga Miteru Specials (2000),Animation
1872,Maria-sama ga Miteru: Haru Specials (2000),Animation
1873,Special A (2000),Animation
1874,Mrs. Junkie (2000),Animation
1875,Taimanin Asagi (2000),Animation
1876,Ghost in the Shell: Stand Alone Complex 2nd GIG - Tachikoma na Hibi (2000),Animation
1877,Ryuusei no Rockman Tribe (2000),Animation
1878,Wellber no Monogatari: Sisters of Wellber Zwei (2000),Animation
1879,Kanokon (2000),Animation
1880,Genius Party (2000),Animation
1881,Saint Seiya: Meiou Hades Elysion-hen (2000),Animation
1882,Cleavage (2000),Animation
1883,Kochira Katsushikaku Kameari Kouenmae Hashutsujo (TV) (2000),Animation
1884,Allison to Lillia (2000),Animation
1885,Stringendo: Angel-tachi no Private Lesson (2000),Animation
1886,Macross F (2000),Animation
1887,Switch (2000),Animation
1888,Kyouran Kazoku Nikki (2000),Animation
1889,Soul Eater (2000),Animation
1890,Utawarerumono OVA (2000),Animation
1891,Tears to Tiara (2000),Animation
1892,JoJo no Kimyou na Bouken: Phantom Blood (2000),Animation
1893,Hidamari Sketch x 365 (2000),Animation
1894,Toshokan Sensou (2000),Animation
1895,Yakushiji Ryouko no Kaiki Jikenbo (2000),Animation
1896,Neo Angelique Abyss (2000),Animation
1897,Kamen no Maid Guy (2000),Animation
1898,Moyashimon: Kin Gekijou Deluxe (2000),Animation
1899,Ikusa Otome Suvia (2000),Animation
1900,Battle Royal High School (2000),Animation
1901,Mobile Suit Gundam Wing: Operation Meteor (2000),Animation
1902,D.C.II S.S.: Da Capo II Second Season (2000),Animation
1903,Warau Kangofu The Animation (2000),Animation
1904,Naisho no Tsubomi (2000),Animation
1905,Shina Dark: Kuroki Tsuki no Ou to Souheki no Tsuki no Himegimi (2000),Animation
1906,Higurashi no Naku Koro ni Rei (2000),Animation
1907,Kurogane no Linebarrels (2000),Animation
1908,Macademi Wasshoi! (2000),Animation
1909,Nabari no Ou (2000),Animation
1910,Monochrome Factor (2000),Animation
1911,Ginga Eiyuu Densetsu Gaiden: Rasen Meikyuu (2000),Animation
1912,Strike Witches (2000),Animation
1913,Telepathy Shoujo Ran (2000),Animation
1914,Kikou Souseiki Mospeada (2000),Animation
1915,Nijuu Mensou no Musume (2000),Animation
1916,Sayonara Zetsubou Sensei Jo: Zetsubou Shoujo Senshuu (2000),Animation
1917,Renketsu Houshiki (2000),Animation
1918,Ai no Katachi: Ecchi na Onnanoko wa Kirai... Desu ka? (2000),Animation
1919,Tokimeki Memorial: Only Love Specials (2000),Animation
1920,Yes! Precure 5 GoGo! (2000),Animation
1921,Kaiba (2000),Animation
1922,Detroit Metal City (2000),Animation
1923,Soukou Kijo Iris (2000),Animation
1924,Hakaba Kitarou (2000),Animation
1925,After... The Animation (2000),Animation
1926,Zero no Tsukaima: Princesses no Rondo (2000),Animation
1927,Jigoku Shoujo Mitsuganae (2000),Animation
1928,True Blue (2000),Animation
1929,Itazura na Kiss (2000),Animation
1930,Usavich (2000),Animation
1931,Usavich II (2000),Animation
1932,Inyouchuu The Animation (2000),Animation
1933,Maria-sama ga Miteru 4th (2000),Animation
1934,School Days: Valentine Days (2000),Animation
1935,"Nee, Chanto Shiyou Yo! (2000)",Animation
1936,Kara no Kyoukai 2: Satsujin Kousatsu (Zen) (2000),Animation
1937,Kara no Kyoukai 3: Tsuukaku Zanryuu (2000),Animation
1938,Evangelion: 2.0 You Can (Not) Advance (2000),Animation
1939,Evangelion: 3.0 You Can (Not) Redo (2000),Animation
1940,Air Gear Special (2000),Animation
1941,Kaitou Tenshi Twin Angel (2000),Animation
1942,Anne no Nikki (2000),Animation
1943,Crystal Blaze (2000),Animation
1944,Chi&#039;s Sweet Home (2000),Animation
1945,"One Piece Movie 9: Episode of Chopper Plus - Fuyu ni Saku, Kiseki no Sakura (2000)",Animation
1946,Himitsu: The Revelation (2000),Animation
1947,Shaman King Specials (2000),Animation
1948,Ookiku Furikabutte Special (2000),Animation
1949,Toumei Ningen (OVA) (2000),Animation
1950,Junk Boy (2000),Animation
1951,Baccano! Specials (2000),Animation
1952,Ginga Sengoku Gunyuuden Rai (2000),Animation
1953,1001 Nights (2000),Animation
1954,Magical Witch Academy: Boku to Sensei no Magical Lesson The Animation (2000),Animation
1955,Resort Boin (2000),Animation
1956,Mobile Suit Gundam 00 Second Season (2000),Animation
1957,Initial D Battle Stage 2 (2000),Animation
1958,Kafun Shoujo Chuuihou! The Animation (2000),Animation
1959,Oshiete Re: Maid (2000),Animation
1960,Dokidoki Oyako Lesson: Oshiete H na Obenkyou (2000),Animation
1961,Mahou Sensei Negima! Introduction Film (2000),Animation
1962,Tales of Symphonia The Animation: Kratos-sensei no Private Lesson (2000),Animation
1963,Shakugan no Shana II (Second) Specials (2000),Animation
1964,Kannagi (2000),Animation
1965,Chocolate Underground (2000),Animation
1966,Nodame Cantabile Special (2000),Animation
1967,Sentakuya Shin-chan (2000),Animation
1968,Yu☆Gi☆Oh! 5D&#039;s (2000),Animation
1969,Tetsuwan Birdy Decode (2000),Animation
1970,Mahou Shoujo-tai Arusu the Adventure (2000),Animation
1971,Himekishi Lilia (2000),Animation
1972,Dorei Maid Princess (2000),Animation
1973,Inda no Himekishi Janne (2000),Animation
1974,Alignment You! You! The Animation (2000),Animation
1975,First Squad (2000),Animation
1976,School Rumble San Gakki (2000),Animation
1977,Seiyou Kottou Yougashiten: Antique (2000),Animation
1978,Pokemon Diamond &amp; Pearl: Giratina to Sora no Hanataba Sheimi (2000),Animation
1979,Makai Tenshi Djibril: Episode 2 (2000),Animation
1980,Slayers Revolution (2000),Animation
1981,The iDOLM@STER Live For You! (2000),Animation
1982,Cowboy Bebop: Yose Atsume Blues (2000),Animation
1983,Zettai Karen Children (2000),Animation
1984,Golgo 13 (TV) (2000),Animation
1985,Medarot Damashii (2000),Animation
1986,Prince of Tennis: The National Tournament Finals (2000),Animation
1987,Inyouchuu Shoku (2000),Animation
1988,"Clannad: Mou Hitotsu no Sekai, Tomoyo-hen (2000)",Animation
1989,Sekirei (2000),Animation
1990,Tytania (2000),Animation
1991,Pucca (2000),Animation
1992,Kyou no 5 no 2 Kagai Jugyou: Mizukake (2000),Animation
1993,Kyou kara Maou! 3rd Series (2000),Animation
1994,Natsume Yuujinchou (2000),Animation
1995,Kaibutsu Oujo: Konsui Oujo (2000),Animation
1996,Michiko to Hatchin (2000),Animation
1997,Batman: Gotham Knight (2000),Animation
1998,Trigun: Badlands Rumble (2000),Animation
1999,Tengen Toppa Gurren Lagann Movie: Gurren-hen (2000),Animation
2000,Petit Eva: Evangelion@School (2000),Animation
2001,Naruto Shippuuden: Shippuu! &quot;Konoha Gakuen&quot; Den (2000),Animation
2002,Penguin Musume♥Heart (2000),Animation
2003,Blade of the Immortal (2000),Animation
2004,One Piece Film: Strong World (2000),Animation
2005,Ichigo Mashimaro Episode 0 (2000),Animation
2006,Seto no Hanayome OVA (2000),Animation
2007,To Heart 2 AD (2000),Animation
2008,Shigofumi Picture Drama (2000),Animation
2009,Bounen no Xamdou (2000),Animation
2010,Clannad: After Story (2000),Animation
2011,Darker than Black: Kuro no Keiyakusha Special (2000),Animation
2012,Chrome Shelled Regios (2000),Animation
2013,Mahou Sensei Negima! Shiroki Tsubasa Ala Alba (2000),Animation
2014,Winter Sonata (2000),Animation
2015,Hayate no Gotoku!! (2000),Animation
2016,Kodomo no Jikan: Ni Gakki (2000),Animation
2017,Ikkitousen: Great Guardians (2000),Animation
2018,Blue Dragon: Tenkai no Shichi Ryuu (2000),Animation
2019,Dirty Pair OVA (2000),Animation
2020,Kimikiss Pure Rouge Special (2000),Animation
2021,Mission-E (2000),Animation
2022,Rosario to Vampire Capu2 (2000),Animation
2023,Toradora! (2000),Animation
2024,Mobile Suit Gundam MS IGLOO 2: Gravity of the Battlefront (2000),Animation
2025,Eureka Seven: Pocket ga Niji de Ippai (2000),Animation
2026,Koihime†Musou (2000),Animation
2027,Ultraviolet: Code 044 (2000),Animation
2028,Kara no Kyoukai 4: Garan no Dou (2000),Animation
2029,Kara no Kyoukai 5: Mujun Rasen (2000),Animation
2030,Kodomo no Jikan (2000),Animation
2031,Lupin III: Green vs. Red (2000),Animation
2032,Heroman (2000),Animation
2033,Harukoi Otome (2000),Animation
2034,Gakuen Heaven: Hamu Hamu Heaven (2000),Animation
2035,Aniyome wa Ijippari (2000),Animation
2036,Uchuu Kaizoku Sara (2000),Animation
2037,Grenadier: Hohoemi no Senshi Specials (2000),Animation
2038,Fireball (2000),Animation
2039,Suzumiya Haruhi no Yuuutsu (2009) (2000),Animation
2040,Honoo no Haramase Tenkousei (2000),Animation
2041,World Destruction: Sekai Bokumetsu no Rokunin (2000),Animation
2042,Moetan Specials (2000),Animation
2043,Naruto: Shippuuden Movie 2 - Kizuna (2000),Animation
2044,Duel Masters Charge (2000),Animation
2045,Detective Conan Movie 12: Full Score of Fear (2000),Animation
2046,Chrno Crusade: Az demo Wakaru Chrno Crusade Kouza (2000),Animation
2047,Macross F: Close Encounter - Deculture Edition (2000),Animation
2048,Kikumana (2000),Animation
2049,.hack//G.U. Trilogy: Parody Mode (2000),Animation
2050,Lucky☆Star: Original na Visual to Animation (2000),Animation
2051,Shoujo Sect (2000),Animation
2052,Nodame Cantabile: Paris-hen (2000),Animation
2053,Mahoutsukai ni Taisetsu na Koto: Natsu no Sora (2000),Animation
2054,Choisuji (2000),Animation
2055,Stringendo+Accelerando Ultimatum Sera (2000),Animation
2056,Choujikuu Kidan Southern Cross (2000),Animation
2057,D.C.S.S: Da Capo Second Season Omake (2000),Animation
2058,Candy Boy: Nonchalant Talk of the Certain Twin Sisters in Daily Life (2000),Animation
2059,Yozakura Quartet (2000),Animation
2060,Hokuto no Ken: Raoh Gaiden Ten no Haoh (2000),Animation
2061,Hyakko (2000),Animation
2062,Hakushaku to Yousei (2000),Animation
2063,Tengen Toppa Gurren Lagann Movie: Lagann-hen (2000),Animation
2064,Shikabane Hime: Aka (2000),Animation
2065,Soukan Yuugi (2000),Animation
2066,Code Geass: Hangyaku no Lelouch Special Edition Black Rebellion (2000),Animation
2067,Aneki... My Sweet Elder Sister The Animation (2000),Animation
2068,RideBack (2000),Animation
2069,Cobra The Animation: The Psycho-Gun (2000),Animation
2070,Seihou Bukyou Outlaw Star Pilot (2000),Animation
2071,Toaru Majutsu no Index (2000),Animation
2072,Arad Senki: Slap Up Party (2000),Animation
2073,Neo Angelique Abyss: Second Age (2000),Animation
2074,Rurouni Kenshin: Special Techniques (2000),Animation
2075,Ghost in the Shell 2.0 (2000),Animation
2076,Cyborg 009 (1979) (2000),Animation
2077,Tengen Toppa Gurren Lagann: Parallel Works (2000),Animation
2078,Digimon Savers: Agumon! Gaomon! Lalamon! Bakuretsu! Jougai Last Battle! (2000),Animation
2079,Heart no Kuni no Alice: Wonderful Wonder World (2000),Animation
2080,Shigofumi Special (2000),Animation
2081,AIKa: Special Trial (2000),Animation
2082,Queen&#039;s Blade: Rurou no Senshi (2000),Animation
2083,White Album (2000),Animation
2084,Skip Beat! (2000),Animation
2085,Ga-Rei: Zero (2000),Animation
2086,Druaga no Tou: The Sword of Uruk (2000),Animation
2087,Akaneiro ni Somaru Saka (2000),Animation
2088,Vampire Knight Guilty (2000),Animation
2089,Kanokon Specials (2000),Animation
2090,Tsuma Shibori (2000),Animation
2091,Gunslinger Girl: Il Teatrino OVA (2000),Animation
2092,Aria The Origination: Sono Choppiri Himitsu no Basho ni... (2000),Animation
2093,Kodomo no Jikan Recap (2000),Animation
2094,ef: A Tale of Melodies. (2000),Animation
2095,Pokemon: Pikachu Tankentai (2000),Animation
2096,Pokemon: Pichu to Pikachu (2000),Animation
2097,Pokemon: Pikachu no Dokidoki Kakurenbo (2000),Animation
2098,Pokemon: Pika Pika Hoshizora Camp (2000),Animation
2099,Druaga no Tou: The Aegis of Uruk - Jil no Bouken (2000),Animation
2100,To Heart 2 AD Plus (2000),Animation
2101,Shinzou Ningen Casshern (2000),Animation
2102,Ichigo Mashimaro Encore (2000),Animation
2103,Junjou Romantica 2 (2000),Animation
2104,Bleach Movie 3: Fade to Black - Kimi no Na wo Yobu (2000),Animation
2105,Pico x CoCo x Chico (2000),Animation
2106,Goku Sayonara Zetsubou Sensei (2000),Animation
2107,Pokemon: Pikachu no Fuyuyasumi (2000),Animation
2108,Mouryou no Hako (2000),Animation
2109,Tales of the Abyss (2000),Animation
2110,InuYasha: Kuroi Tessaiga (2000),Animation
2111,Umineko no Naku Koro ni (2000),Animation
2112,Kuroshitsuji (2000),Animation
2113,Black Lagoon: Roberta&#039;s Blood Trail (2000),Animation
2114,Kyou no 5 no 2 (TV) (2000),Animation
2115,Bihada Ichizoku (2000),Animation
2116,Pokemon: Pikachu no Wanpaku Island (2000),Animation
2117,xxxHOLiC Shunmuki (2000),Animation
2118,Tsubasa: Shunraiki (2000),Animation
2119,Afro Samurai: Resurrection (2000),Animation
2120,ChäoS;HEAd (2000),Animation
2121,Casshern Sins (2000),Animation
2122,Hells (2000),Animation
2123,Mahou Shoujo Lyrical Nanoha: The Movie 1st (2000),Animation
2124,Mahoromatic 2 End Year Special (2000),Animation
2125,Asu no Yoichi! (2000),Animation
2126,Tentai Senshi Sunred (2000),Animation
2127,Zettai Shougeki: Platonic Heart (2000),Animation
2128,Major S5 (2000),Animation
2129,Major Movie: Yuujou no Winning Shot (2000),Animation
2130,Maria†Holic (2000),Animation
2131,Cobra The Animation (2000),Animation
2132,Shikabane Hime: Kuro (2000),Animation
2133,Kurozuka (2000),Animation
2134,One Outs (2000),Animation
2135,Guin Saga (2000),Animation
2136,Kiss x Sis (2000),Animation
2137,Kamen no Maid Guy OVA (2000),Animation
2138,Hetalia Axis Powers (2000),Animation
2139,Detroit Metal City: Birth of the Metal Devil (2000),Animation
2140,Dragonaut: The Resonance Special (2000),Animation
2141,Tetsuwan Birdy Decode:02 (2000),Animation
2142,Kurokami The Animation (2000),Animation
2143,Quiz Magic Academy: The Original Animation (2000),Animation
2144,Bakemonogatari (2000),Animation
2145,Mai Mai Shinko to Sennen no Mahou (2000),Animation
2146,Nakedyouth (2000),Animation
2147,Hatsu Inu 2 The Animation: Strange Kind of Woman - Again (2000),Animation
2148,Akikan! (2000),Animation
2149,Fullmetal Alchemist: Brotherhood (2000),Animation
2150,Candy Boy Episode: EX01 - Mirai Yohouzu (2000),Animation
2151,Suzumiya Haruhi-chan no Yuuutsu (2000),Animation
2152,Taishou Yakyuu Musume. (2000),Animation
2153,Hatsukoi Limited (2000),Animation
2154,Dragon Ball: Ossu! Kaettekita Son Gokuu to Nakama-tachi!! (2000),Animation
2155,Genji Monogatari Sennenki (2000),Animation
2156,Noisy Birth (2000),Animation
2157,Minami-ke Okaeri (2000),Animation
2158,Code Geass: Hangyaku no Lelouch R2 Picture Drama (2000),Animation
2159,Hairy Tale (2000),Animation
2160,Love Selection The Animation (2000),Animation
2161,Denpa-teki na Kanojo (2000),Animation
2162,First Squad: The Moment of Truth (2000),Animation
2163,Aneimo (2000),Animation
2164,Aria The Origination Picture Drama (2000),Animation
2165,Seto no Hanayome Fan Disc (2000),Animation
2166,Kara no Kyoukai 6: Boukyaku Rokuon (2000),Animation
2167,Kara no Kyoukai 7: Satsujin Kousatsu (Kou) (2000),Animation
2168,Saimin Gakuen (2000),Animation
2169,Gakuen Shimai (2000),Animation
2170,D.C.if: Da Capo if (2000),Animation
2171,Shangri-La (2000),Animation
2172,Lupin III: Pilot Film (2000),Animation
2173,Souten Kouro (2000),Animation
2174,Initial D Extra Stage 2 (2000),Animation
2175,Inazuma Eleven (2000),Animation
2176,Slayers Evolution-R (2000),Animation
2177,Aria The Natural: Sono Futatabi Deaeru Kiseki ni... (2000),Animation
2178,Angel Densetsu (2000),Animation
2179,One Piece: Romance Dawn Story (2000),Animation
2180,"Pokemon Fushigi no Dungeon: Toki no Tankentai, Yami no Tankentai (2000)",Animation
2181,Hajime no Ippo: New Challenger (2000),Animation
2182,Shugo Chara!! Doki (2000),Animation
2183,Mega Man (2000),Animation
2184,All That Gundam (2000),Animation
2185,Sekirei: Pure Engagement (2000),Animation
2186,Sekirei: Hajimete no Otsukai (2000),Animation
2187,Hokuto no Ken Zero: Kenshirou Den (2000),Animation
2188,Yu☆Gi☆Oh! 5D&#039;s: Shinkasuru Kettou! Stardust vs. Red Demon&#039;s (2000),Animation
2189,Zoku Natsume Yuujinchou (2000),Animation
2190,Koihime†Musou OVA (2000),Animation
2191,Tales of Symphonia The Animation: Tethe&#039;alla-hen (2000),Animation
2192,Sora wo Kakeru Shoujo (2000),Animation
2193,Macross F Movie 1: Itsuwari no Utahime (2000),Animation
2194,Ero Manga Mitai na Koi Shiyo: Let&#039;s Fall in Love The Ero-manga (2000),Animation
2195,Rape! Rape! Rape! (2000),Animation
2196,Toshokan Sensou: Koi no Shougai (2000),Animation
2197,Ikkitousen: Great Guardians Specials (2000),Animation
2198,Bakugan Battle Brawlers: New Vestroia (2000),Animation
2199,Ookami to Koushinryou II (2000),Animation
2200,Asura Cryin&#039; (2000),Animation
2201,Bible Black: Imari Ryoujoku Genba (2000),Animation
2202,Detective Conan Magic File 2: Kudou Shinichi - The Case of the Mysterious Wall and the Black Lab (2000),Animation
2203,Mobile Suit Gundam 00: Tenshitachi no Kiseki (2000),Animation
2204,Sengoku Basara (2000),Animation
2205,Canaan (2000),Animation
2206,Tsumiki no Ie (2000),Animation
2207,Street Fighter: Aratanaru Kizuna (2000),Animation
2208,Miyamoto Musashi: Souken ni Haseru Yume (2000),Animation
2209,Pico to Chico (2000),Animation
2210,Usavich III (2000),Animation
2211,Paniponi Dash!: Danjite Okonaeba Kishin mo Kore wo Saku (2000),Animation
2212,Kemono no Souja Erin (2000),Animation
2213,Oppai Life (2000),Animation
2214,Yokuwakaru Gendaimahou (2000),Animation
2215,Yu☆Gi☆Oh! Duel Monsters: Battle City Special (2000),Animation
2216,Detective Conan Movie 13: The Raven Chaser (2000),Animation
2217,Top wo Nerae! Kagaku Kouza (2000),Animation
2218,Cafe Junkie (2000),Animation
2219,Shin Mazinger Shougeki! Z-hen (2000),Animation
2220,Ranma ½: Akumu! Shunmin Kou (2000),Animation
2221,Shinkyoku Soukai Polyphonica Crimson S (2000),Animation
2222,Viper&#039;s Creed (2000),Animation
2223,Senjou no Valkyria (2000),Animation
2224,Hayate no Gotoku!!: Atsu ga Natsuize - Mizugi-hen! (2000),Animation
2225,07-Ghost (2000),Animation
2226,Pokemon: Pikachu no Natsuyasumi (2000),Animation
2227,Pokemon: Odoru Pokemon Himitsu Kichi (2000),Animation
2228,Pandora Hearts (2000),Animation
2229,Tegamibachi: Hikari to Ao no Gensou Yawa (2000),Animation
2230,Blassreiter: Navi (2000),Animation
2231,Sonic: Night of the WereHog (2000),Animation
2232,Dogs: Bullets &amp; Carnage (2000),Animation
2233,Natsu no Arashi! (2000),Animation
2234,Higashi no Eden (2000),Animation
2235,To LOVE-Ru OVA (2000),Animation
2236,GA: Geijutsuka Art Design Class (2000),Animation
2237,Saki (2000),Animation
2238,Basquash! (2000),Animation
2239,Kobato. (2000),Animation
2240,K-On! (2000),Animation
2241,Summer Wars (2000),Animation
2242,Phantom: Requiem for the Phantom (2000),Animation
2243,Fresh Precure! (2000),Animation
2244,Nodame Cantabile Finale (2000),Animation
2245,Rekka no Honoo: Final Burning (2000),Animation
2246,Sora wo Miageru Shoujo no Hitomi ni Utsuru Sekai (2000),Animation
2247,Minami-ke Betsubara (2000),Animation
2248,Kiniro no Corda: Secondo Passo (2000),Animation
2249,Sex Pistols (2000),Animation
2250,Tayutama: Kiss on My Deity (2000),Animation
2251,Saimin Ryoujoku Gakuen (2000),Animation
2252,Prince of Tennis: Another Story - Messages From Past and Future (2000),Animation
2253,15 Bishoujo Hyouryuuki (2000),Animation
2254,Zero no Tsukaima: Princesses no Rondo - Yuuwaku no Sunahama (2000),Animation
2255,Akaneiro ni Somaru Saka: Hardcore (2000),Animation
2256,Seitokaichou ni Chuukoku (2000),Animation
2257,Isekai no Seikishi Monogatari (2000),Animation
2258,Ai no Kusabi (2012) (2000),Animation
2259,Hanasakeru Seishounen (2000),Animation
2260,Pokemon: Pikachu no Obake Carnival (2000),Animation
2261,Pokemon: Pikachu no Natsumatsuri (2000),Animation
2262,Kiddy GiRL-AND Pilot (2000),Animation
2263,Hyakujitsu no Bara (2000),Animation
2264,Seitokai no Ichizon (2000),Animation
2265,Kanamemo (2000),Animation
2266,Seiken no Blacksmith (2000),Animation
2267,Cross Game (2000),Animation
2268,Element Hunters (2000),Animation
2269,Tengen Toppa Gurren Lagann Movie: Lagann-hen Special - Viral no Amai Yume (2000),Animation
2270,Toaru Majutsu no Index-tan (2000),Animation
2271,Nyoro-n Churuya-san (2000),Animation
2272,Sora no Otoshimono (2000),Animation
2273,Mizugi Kanojo: The Animation (2000),Animation
2274,Metal Fight Beyblade (2000),Animation
2275,Fight Ippatsu! Juuden-chan!! (2000),Animation
2276,Kannagi: Moshimo Kannagi ga Attara... (2000),Animation
2277,Higepiyo (2000),Animation
2278,Ristorante Paradiso (2000),Animation
2279,Prince of Tennis: Oshougatsu Special (2000),Animation
2280,Hottarake no Shima: Haruka to Mahou no Kagami (2000),Animation
2281,Ookami to Koushinryou II: Ookami to Kohakuiro no Yuuutsu (2000),Animation
2282,Kyoushoku Soukou Guyver (1989) (2000),Animation
2283,Nogizaka Haruka no Himitsu: Purezza (2000),Animation
2284,Chi&#039;s Sweet Home: Atarashii Ouchi (2000),Animation
2285,Needless (2000),Animation
2286,Aquarion Movie: Ippatsu Gyakuten-hen (2000),Animation
2287,Dragon Ball Kai (2000),Animation
2288,Honoo no Haramase Doukyuusei (2000),Animation
2289,Kimi ni Todoke (2000),Animation
2290,Tales of Vesperia: The First Strike (2000),Animation
2291,Mahou Sensei Negima! Mou Hitotsu no Sekai (2000),Animation
2292,Higurashi no Naku Koro ni Kai Specials (2000),Animation
2293,Sora no Manimani (2000),Animation
2294,Shin Koihime†Musou (2000),Animation
2295,Rainbow: Nisha Rokubou no Shichinin (2000),Animation
2296,Lupin III vs. Detective Conan (2000),Animation
2297,Gokujou!! Mecha Mote Iinchou (2000),Animation
2298,Jinkou Shoujo: Henshin Sex Android (2000),Animation
2299,Toradora!: SOS! (2000),Animation
2300,Umi Monogatari: Anata ga Ite Kureta Koto (2000),Animation
2301,Yurumates (2000),Animation
2302,Final Fantasy VII: On the Way to a Smile - Episode: Denzel (2000),Animation
2303,Final Fantasy VII: Advent Children - Venice Film Festival Footage (2000),Animation
2304,Saint Seiya: Soushuuhen (2000),Animation
2305,Saint Seiya: The Hades Chapter Sanctuary - Yomigaerishi Gold Saint-tachi no Shinwa (2000),Animation
2306,Tailenders (2000),Animation
2307,Kuroshitsuji Recap (2000),Animation
2308,Aoi Hana (2000),Animation
2309,White Album 2nd Season (2000),Animation
2310,Asobi ni Iku yo! (2000),Animation
2311,Tenjou-jin to Akuto-jin Saigo no Tatakai (2000),Animation
2312,Saint Seiya: The Lost Canvas - Meiou Shinwa (2000),Animation
2313,Layton Kyouju to Eien no Utahime (2000),Animation
2314,Pokemon Diamond &amp; Pearl: Arceus Choukoku no Jikuu e (2000),Animation
2315,Nodame Cantabile OVA (2000),Animation
2316,Stretta The Animation (2000),Animation
2317,Detective Conan OVA 08: High School Girl Detective Sonoko Suzuki&#039;s Case Files (2000),Animation
2318,Princess Lover! (2000),Animation
2319,Sasameki Koto (2000),Animation
2320,Kämpfer (2000),Animation
2321,Macross 7 Plus (2000),Animation
2322,Tokyo Magnitude 8.0 (2000),Animation
2323,Toaru Kagaku no Railgun (2000),Animation
2324,Nijiiro Hotaru: Eien no Natsuyasumi (2000),Animation
2325,Detective Conan Magic File 3: Shinichi and Ran - Memories of Mahjong Tiles and Tanabata (2000),Animation
2326,True Tears Specials (2000),Animation
2327,Pokemon Fushigi no Dungeon: Sora no Tankentai - Toki to Yami wo Meguru Saigo no Bouken (2000),Animation
2328,Cat Shit One (2000),Animation
2329,Akikan!: Kan Ippatsu!? Onsen Panic (2000),Animation
2330,Mobile Suit Gundam 00 The Movie: A Wakening of the Trailblazer (2000),Animation
2331,Full Metal Panic! The Second Raid Episode 000 (2000),Animation
2332,Maria-sama ga Miteru 4th Specials (2000),Animation
2333,Omamori Himari (2000),Animation
2334,Naruto: Shippuuden Movie 3 - Hi no Ishi wo Tsugu Mono (2000),Animation
2335,Miracle Train: Chuo-sen e Youkoso (2000),Animation
2336,Shakugan no Shana: Friagne to Marianne no Naze Nani Shana! Nandemo Shitsumonbako! (2000),Animation
2337,Mobile Suit Gundam Unicorn (2000),Animation
2338,Hitoriga The Animation (2000),Animation
2339,Shikabane Hime: Kuro Special (2000),Animation
2340,Baka to Test to Shoukanjuu (2000),Animation
2341,"Clannad: After Story - Mou Hitotsu no Sekai, Kyou-hen (2000)",Animation
2342,ef: A Tale of Memories. - Prologue (2000),Animation
2343,Legend of Regios (2000),Animation
2344,Higashi no Eden Movie I: The King of Eden (2000),Animation
2345,Zan Sayonara Zetsubou Sensei (2000),Animation
2346,Kyou no 5 no 2 (TV): Takarabako (2000),Animation
2347,Tetsuwan Birdy Decode: The Cipher (2000),Animation
2348,Strike Witches 2 (2000),Animation
2349,Pokemon: Slowking no Ichinichi (2000),Animation
2350,Issho ni Training: Training with Hinako (2000),Animation
2351,Higashi no Eden: Falling Down (2000),Animation
2352,ef: A Tale of Melodies. - Prologue (2000),Animation
2353,&quot;Bungaku Shoujo&quot; Movie (2000),Animation
2354,Eyeshield 21: Jump Festa 2005 Special (2000),Animation
2355,Fullmetal Alchemist: Brotherhood Specials (2000),Animation
2356,Weiß Survive (2000),Animation
2357,Detective Conan OVA 09: The Stranger in 10 Years... (2000),Animation
2358,AIKa Zero (2000),Animation
2359,Tegamibachi (2000),Animation
2360,Hoshi wo Katta Hi (2000),Animation
2361,Kangoku Senkan (2000),Animation
2362,Detective Conan Movie 14: The Lost Ship in the Sky (2000),Animation
2363,Candy Boy Episode: EX02 - Shiawase Kyouyuu Riron (2000),Animation
2364,Zero no Tsukaima: Princesses no Rondo Picture Drama (2000),Animation
2365,Seikon no Qwaser (2000),Animation
2366,There She Is!! (2000),Animation
2367,Nyan Koi! (2000),Animation
2368,Kimihagu (2000),Animation
2369,Pico: My Little Summer Story (2000),Animation
2370,Angel Beats! (2000),Animation
2371,Tengen Toppa Gurren Lagann: Kirameki★Yoko Box - Pieces of Sweet Stars (2000),Animation
2372,Junjou Romantica Special (2000),Animation
2373,Pokemon: Pikachu no Kirakira Daisousaku! (2000),Animation
2374,Choukou Sennin Haruka (2000),Animation
2375,Shakugan no Shana S (2000),Animation
2376,Darker than Black: Ryuusei no Gemini (2000),Animation
2377,Hanamaru Youchien (2000),Animation
2378,Sengoku Basara: Setonai no Gekitotsu! Hi wo Fuku Umi no Daiyousai - Fugaku!! (2000),Animation
2379,Tentai Senshi Sunred 2nd Season (2000),Animation
2380,Yume-iro Pâtissière (2000),Animation
2381,Kurokami: Intermission (2000),Animation
2382,Makai Kishi Ingrid (2000),Animation
2383,Rurouni Kenshin DVD-BOX Special Ending (2000),Animation
2384,Katanagatari (2000),Animation
2385,Pucca (2006) (2000),Animation
2386,Ibara no Ou (2000),Animation
2387,Kara no Kyoukai Remix: Gate of Seventh Heaven (2000),Animation
2388,Queen&#039;s Blade: Gyokuza wo Tsugu Mono (2000),Animation
2389,Sengoku Basara Two (2000),Animation
2390,Ayatsuri Haramase DreamNote (2000),Animation
2391,Higashi no Eden Movie II: Paradise Lost (2000),Animation
2392,Chuu Bra!! (2000),Animation
2393,Joshikousei: Girl&#039;s High Specials (2000),Animation
2394,Redline (2000),Animation
2395,Asura Cryin&#039; 2 (2000),Animation
2396,11eyes (2000),Animation
2397,Anata dake Konbanwa (2000),Animation
2398,Mama Puri!? (2000),Animation
2399,Triangle Blue (2000),Animation
2400,Fairy Tail (2000),Animation
2401,Queen&#039;s Blade: Rurou no Senshi Specials (2000),Animation
2402,Tayutayu: Pure My Heart (2000),Animation
2403,Kuroshitsuji II (2000),Animation
2404,Ai Yori Aoshi: Yumegatari (2000),Animation
2405,Natsu no Arashi! Akinaichuu (2000),Animation
2406,Ranma ½: Nettou Uta Gassen (2000),Animation
2407,Dragon Ball Z: Atsumare! Gokuu World (2000),Animation
2408,Mouryou no Hako Special (2000),Animation
2409,Makai Senki Disgaea: Welcome to Netherworld (2000),Animation
2410,Utawarerumono OVA Picture Drama (2000),Animation
2411,Durarara!! (2000),Animation
2412,Dance in the Vampire Bund (2000),Animation
2413,Yokuwakaru Gendaimahou 00 (2000),Animation
2414,Prince of Tennis: The Band of Princes Film Kick the Future (2000),Animation
2415,Tatakau Shisho: The Book of Bantorra (2000),Animation
2416,Code Geass: Hangyaku no Lelouch R2 Special Edition Zero Requiem (2000),Animation
2417,Break Blade 1: Kakusei no Toki (2000),Animation
2418,Shakugan no Shana III (Final) (2000),Animation
2419,Kuuchuu Buranko (2000),Animation
2420,ef: A Tale of Memories. - Recollections (2000),Animation
2421,Goulart Knights: Evoked the Beginning Black (2000),Animation
2422,Kanokon: Manatsu no Dai Shanikusai (2000),Animation
2423,Kuroshitsuji Special (2000),Animation
2424,Kurokami: Tora to Tsubasa (2000),Animation
2425,Genius Party Beyond (2000),Animation
2426,So Ra No Wo To (2000),Animation
2427,Toshi Densetsu Monogatari Hikiko (2000),Animation
2428,InuYasha: Kanketsu-hen (2000),Animation
2429,K-On!: Live House! (2000),Animation
2430,xxxHOLiC Rou (2000),Animation
2431,Halo Legends (2000),Animation
2432,Iron Man (2000),Animation
2433,Pokemon: Bokutachi Pichu Brothers - Party wa Oosawagi! no Maki (2000),Animation
2434,Deadman Wonderland (2000),Animation
2435,Hatsukoi Limited: Gentei Shoujo (2000),Animation
2436,Ookami to Koushinryou II Specials (2000),Animation
2437,Sora no Manimani Specials (2000),Animation
2438,Yokorenbo: Immoral Mother (2000),Animation
2439,Oni Chichi (2000),Animation
2440,Hakuouki (2000),Animation
2441,Pandora Hearts Specials (2000),Animation
2442,Hellsing I: Digest for Freaks (2000),Animation
2443,Wolverine (2000),Animation
2444,X-Men (2000),Animation
2445,Blade (2000),Animation
2446,Fate/stay night Movie: Unlimited Blade Works (2000),Animation
2447,Higashi no Eden Soushuuhen: Air Communication (2000),Animation
2448,Toriko: Jump Super Anime Tour 2009 Special (2000),Animation
2449,Gintama: Shiroyasha Koutan (2000),Animation
2450,Mudazumo Naki Kaikaku: The Legend of Koizumi (2000),Animation
2451,Bakemonogatari Recap (2000),Animation
2452,Yu☆Gi☆Oh!: Chou Yuugou! Toki wo Koeta Kizuna (2000),Animation
2453,Kara no Kyoukai: Shuushou (2000),Animation
2454,Working!! (2000),Animation
2455,Hyakko OVA (2000),Animation
2456,GA: Geijutsuka Art Design Class OVA (2000),Animation
2457,Yuu☆Yuu☆Hakusho Picture Drama (2000),Animation
2458,Senkou no Night Raid (2000),Animation
2459,Seikimatsu Occult Gakuin (2000),Animation
2460,Shukufuku no Campanella (2000),Animation
2461,Kaidan Restaurant (2000),Animation
2462,Hidamari Sketch x 365 Specials (2000),Animation
2463,Buddha Saitan (2000),Animation
2464,Kansen: Inyoku no Rensa (2000),Animation
2465,Aki-Sora (2000),Animation
2466,Prince of Tennis: Another Story - Messages From Past and Future OVA Bonus (2000),Animation
2467,Tezuka Osamu no Buddha: Akai Sabaku yo! Utsukushiku (2000),Animation
2468,Senjou no Valkyria: SenVal Theater (2000),Animation
2469,K-On!: Ura-On! (2000),Animation
2470,Seto no Hanayome OVA Specials (2000),Animation
2471,Zan Sayonara Zetsubou Sensei Bangaichi (2000),Animation
2472,Fault!! (2000),Animation
2473,Kaichou wa Maid-sama! (2000),Animation
2474,Uragiri wa Boku no Namae wo Shitteiru (2000),Animation
2475,Black★Rock Shooter (OVA) (2000),Animation
2476,Hidamari Sketch x ☆☆☆ (2000),Animation
2477,Mahoromatic: I&#039;m Home! (2000),Animation
2478,Ookamikakushi (2000),Animation
2479,Danball Senki (2000),Animation
2480,Shugo Chara! Party! (2000),Animation
2481,Hakushaku to Yousei Specials (2000),Animation
2482,Ichiban Ushiro no Daimaou (2000),Animation
2483,Miracle☆Train: Oedo-sen e Youkoso (2000),Animation
2484,Shikabane Hime: Puchitto (2000),Animation
2485,Shounen Maid Kuuro-kun: Tenshi no Uta (2000),Animation
2486,30th Gundam Perfect Mission (2000),Animation
2487,Mahou Sensei Negima! Anime Final (2000),Animation
2488,Ladies versus Butlers! (2000),Animation
2489,Anyamal Tantei Kiruminzoo (2000),Animation
2490,Tony&#039;s Heroine Series: Kanojo wa Hanayome Kouhosei? Cinderella Collection (2000),Animation
2491,Aoi Bungaku Series (2000),Animation
2492,Macross F Movie 2: Sayonara no Tsubasa (2000),Animation
2493,Top wo Nerae! Gunbuster Specials (2000),Animation
2494,Kara no Shoujo (2000),Animation
2495,Binkan Athlete (2000),Animation
2496,Diabolus: Kikoku (2000),Animation
2497,Mobile Suit Gundam 00 Special Edition (2000),Animation
2498,Natsumushi The Animation (2000),Animation
2499,TO (2000),Animation
2500,Detective Conan: Black History (2000),Animation
2501,Detective Conan Movie 08: Time Travel of the Silver Sky (2000),Animation
2502,Detective Conan Movie 10: Promo Special (2000),Animation
2503,Suzumiya Haruhi no Shoushitsu (2000),Animation
2504,Needless Specials (2000),Animation
2505,Bakugan Battle Brawlers: Gundalian Invaders (2000),Animation
2506,"Hetalia Axis Powers Movie: Paint it, White (2000)",Animation
2507,Darker than Black: Kuro no Keiyakusha Gaiden (2000),Animation
2508,Naruto: The Cross Roads (2000),Animation
2509,Shakugan no Shana S Specials (2000),Animation
2510,Winter Sonata Episode 0 (2000),Animation
2511,Shuffle! Prologue (2000),Animation
2512,Kanojo x Kanojo x Kanojo: Sanshimai to no DokiDoki Kyoudou Seikatsu (2000),Animation
2513,Discipline Zero (2000),Animation
2514,Weiß Survive R (2000),Animation
2515,Eve no Jikan (Movie) (2000),Animation
2516,Princess Lover! Picture Drama (2000),Animation
2517,Detective Conan Movie 09: Promo Special (2000),Animation
2518,Gintama Movie: Shinyaku Benizakura-hen (2000),Animation
2519,"Onegai☆Teacher: Marie, Ai no Gekijou (2000)",Animation
2520,Kurogane no Linebarrels Specials (2000),Animation
2521,Quiz Magic Academy: The Original Animation 2 (2000),Animation
2522,Pokemon: Pikachu Tanken Club (2000),Animation
2523,Fate/stay night TV Reproduction (2000),Animation
2524,Umineko no Naku Koro ni Specials (2000),Animation
2525,Ikkitousen: Xtreme Xecutor (2000),Animation
2526,Saraiya Goyou (2000),Animation
2527,Mayoi Neko Overrun! (2000),Animation
2528,Tono to Issho (2000),Animation
2529,Nurarihyon no Mago (2000),Animation
2530,Kiss x Sis (TV) (2000),Animation
2531,Haiyoru! Nyaruani (2000),Animation
2532,"Boku, Otaryman. (2000)",Animation
2533,Loups=Garous (2000),Animation
2534,Mitsudomoe (2000),Animation
2535,Heartcatch Precure! (2000),Animation
2536,Arakawa Under the Bridge (2000),Animation
2537,Ningen Shikkaku: Director&#039;s Cut-ban (2000),Animation
2538,Tokyo Magnitude 8.0 Recap (2000),Animation
2539,Major S6 (2000),Animation
2540,Giant Killing (2000),Animation
2541,Shinrei Tantei Yakumo (2000),Animation
2542,Suki Desu Suzuki-kun!! (2000),Animation
2543,&quot;Bungaku Shoujo&quot; Kyou no Oyatsu: Hatsukoi (2000),Animation
2544,Bakuman. (2000),Animation
2545,Pokemon Diamond &amp; Pearl: Genei no Hasha Zoroark (2000),Animation
2546,Starry☆Sky (2000),Animation
2547,Machi Gurumi no Wana: Hakudaku ni Mamireta Shitai (2000),Animation
2548,Karigurashi no Arrietty (2000),Animation
2549,Kansen 2: Inzai Toshi (2000),Animation
2550,Ookiku Furikabutte: Natsu no Taikai-hen (2000),Animation
2551,Shiki (2000),Animation
2552,Hellsing: Psalm of Darkness (2000),Animation
2553,Issho ni H Shiyo (2000),Animation
2554,11eyes: Momoiro Genmutan (2000),Animation
2555,Queen&#039;s Blade: Gyokuza wo Tsugu Mono Specials (2000),Animation
2556,Fight Ippatsu! Juuden-chan!! Specials (2000),Animation
2557,Zettai Karen Children OVA: Aitazousei! Ubawareta Mirai? (2000),Animation
2558,Sono Hanabira ni Kuchizuke wo: Anata to Koibito Tsunagi (2000),Animation
2559,Saki Picture Drama (2000),Animation
2560,"Yondemasu yo, Azazel-san. (2000)",Animation
2561,Tantei Opera Milky Holmes (2000),Animation
2562,Ookami-san to Shichinin no Nakama-tachi (2000),Animation
2563,Yutori-chan (2000),Animation
2564,Shin Koihime†Musou OVA (2000),Animation
2565,Kämpfer Picture Drama (2000),Animation
2566,Yojouhan Shinwa Taikei (2000),Animation
2567,K-On!! (2000),Animation
2568,Baka to Test to Shoukanjuu: Mondai - Christmas ni Tsuite Kotae Nasai (2000),Animation
2569,B Gata H Kei (2000),Animation
2570,Mini Sengoku Basara: Chousokabe-kun to Mouri-kun (2000),Animation
2571,Sora no Otoshimono: Project Pink (2000),Animation
2572,Baka to Test to Shoukanjuu Specials (2000),Animation
2573,Kanokon: Manatsu no Dai Shanikusai Specials (2000),Animation
2574,Ramen Tenshi Pretty Menma (2000),Animation
2575,Issho ni Sleeping: Sleeping with Hinako (2000),Animation
2576,Fullmetal Alchemist: Brotherhood - 4-Koma Theater (2000),Animation
2577,Rin x Sen: Hakudaku Onna Kyoushi to Yaroudomo (2000),Animation
2578,Chi&#039;s Sweet Home OVA (2000),Animation
2579,Tegamibachi Gakuen (2000),Animation
2580,Toaru Kagaku no Railgun: Motto Marutto Railgun (2000),Animation
2581,Super Street Fighter IV (2000),Animation
2582,Nodame Cantabile Finale Special (2000),Animation
2583,Oppai no Ouja 48 (2000),Animation
2584,Shin Koihime†Musou: Otome Tairan (2000),Animation
2585,Mai-HiME: Kuro no Mai/Saigo no Bansan (2000),Animation
2586,Sekaiichi Hatsukoi OVA (2000),Animation
2587,Kuroshitsuji Picture Drama (2000),Animation
2588,Highschool of the Dead (2000),Animation
2589,Kure-nai OVA (2000),Animation
2590,Densetsu no Yuusha no Densetsu (2000),Animation
2591,Soukyuu no Fafner: Dead Aggressor - Heaven and Earth (2000),Animation
2592,Mardock Scramble: The First Compression (2000),Animation
2593,HenSemi (2000),Animation
2594,Fukubiki! Triangle: Miharu After (2000),Animation
2595,Last Waltz: Hakudaku Mamire no Natsu Gasshuku (2000),Animation
2596,Uchuu Show e Youkoso (2000),Animation
2597,Kuragehime (2000),Animation
2598,Precure All Stars Movie DX2: Kibou no Hikari☆Rainbow Jewel wo Mamore! (2000),Animation
2599,Colorful (Movie) (2000),Animation
2600,One Piece Recap (2000),Animation
2601,Fumiko no Kokuhaku (2000),Animation
2602,Nodame Cantabile OVA 2 (2000),Animation
2603,So Ra No Wo To Specials (2000),Animation
2604,Hime Chen! Otogi Chikku Idol Lilpri (2000),Animation
2605,Dance in the Vampire Bund Recap (2000),Animation
2606,Jewelpet Twinkle☆ (2000),Animation
2607,True Tears Epilogue (2000),Animation
2608,Princess Lover!: Magical Knight Maria-chan (2000),Animation
2609,Rio: Rainbow Gate! (2000),Animation
2610,Naruto: Shippuuden Movie 4 - The Lost Tower (2000),Animation
2611,Bleach Movie 4: Jigoku-hen (2000),Animation
2612,Hyakka Ryouran: Samurai Girls (2000),Animation
2613,Biohazard 4: Incubate (2000),Animation
2614,Ojousama wa H ga Osuki: The Animation (2000),Animation
2615,Seitokaichou Hikaru (2000),Animation
2616,Gakuen Saimin Reido (2000),Animation
2617,Planzet (2000),Animation
2618,Ladies versus Butlers! Specials (2000),Animation
2619,Magic Kaito (2000),Animation
2620,Tegamibachi Reverse (2000),Animation
2621,Sayonara Zetsubou Sensei Jo: Zoku Zetsubou Shoujo Senshuu (2000),Animation
2622,Detective Conan Magic File 4: Osaka Okonomiyaki Odyssey (2000),Animation
2623,Shoka (2000),Animation
2624,Tengen Toppa Gurren Lagann: Parallel Works 2 (2000),Animation
2625,Cyborg 009 (TV) (2000),Animation
2626,Sora no Otoshimono: Forte (2000),Animation
2627,Durarara!! Specials (2000),Animation
2628,Metal Fight Beyblade: Baku (2000),Animation
2629,Vampire Knight: Gekiai no Portrait (2000),Animation
2630,MM! (2000),Animation
2631,Gosick (2000),Animation
2632,Hourou Musuko (2000),Animation
2633,Pokemon Ranger: Hikari no Kiseki (2000),Animation
2634,Black Lagoon Omake (2000),Animation
2635,Togainu no Chi (2000),Animation
2636,Queen&#039;s Blade: Utsukushiki Toushitachi (2000),Animation
2637,Yozakura Quartet: Hoshi no Umi (2000),Animation
2638,Mirai Nikki (2000),Animation
2639,Ichiban Ushiro no Daimaou Specials (2000),Animation
2640,Asura (2000),Animation
2641,Otome Youkai Zakuro (2000),Animation
2642,Hetalia World Series (2000),Animation
2643,&quot;Bungaku Shoujo&quot; Memoire (2000),Animation
2644,Onigamiden (2000),Animation
2645,Digimon Adventure 3D: Digimon Grand Prix! (2000),Animation
2646,Digimon Savers 3D: Digital World Kiki Ippatsu! (2000),Animation
2647,Ikkitousen: Xtreme Xecutor Specials (2000),Animation
2648,Break Blade 2: Ketsubetsu no Michi (2000),Animation
2649,Baka to Test to Shoukanjuu Ni! (2000),Animation
2650,Kami nomi zo Shiru Sekai (2000),Animation
2651,Katekyo Hitman Reborn! Special (2000),Animation
2652,Fortune Arterial: Akai Yakusoku (2000),Animation
2653,Shinryaku! Ika Musume (2000),Animation
2654,"Kyou, Koi wo Hajimemasu (2000)",Animation
2655,Aki-Sora: Yume no Naka (2000),Animation
2656,Mayoi Neko Overrun! Specials (2000),Animation
2657,Detective Conan OVA 10: Kid in Trap Island (2000),Animation
2658,Ladies versus Butlers! Tokuten Disc Music Clip (2000),Animation
2659,Digimon Xros Wars (2000),Animation
2660,Hidan no Aria (2000),Animation
2661,Koisuru Boukun (2000),Animation
2662,Shin Koihime†Musou: Live Revolution (2000),Animation
2663,Break Blade Picture Drama (2000),Animation
2664,I☆Can (2000),Animation
2665,Bijukubo (2000),Animation
2666,Mazinkaiser SKL (2000),Animation
2667,Seikon no Qwaser Picture Drama (2000),Animation
2668,Seitokai Yakuindomo (2000),Animation
2669,Amagami SS (2000),Animation
2670,Phantom: Requiem for the Phantom Picture Drama (2000),Animation
2671,Pokemon: Pikachu Koori no Daibouken (2000),Animation
2672,Soredemo Machi wa Mawatteiru (2000),Animation
2673,Code Geass: Hangyaku no Lelouch - Kiseki no Birthday Picture Drama (2000),Animation
2674,One Piece Film: Strong World Episode 0 (2000),Animation
2675,Tales of the Abyss Special Fan Disc (2000),Animation
2676,Bishoujo Senshi Sailor Moon Memorial (2000),Animation
2677,Hiyokoi (2000),Animation
2678,Ore no Imouto ga Konnani Kawaii Wake ga Nai (2000),Animation
2679,Madobe Nanami no Windows 7 de PC Jisaku Ouen Commercial!! (2000),Animation
2680,Panty &amp; Stocking with Garterbelt (2000),Animation
2681,Senkou no Night Raid Specials (2000),Animation
2682,Senkou no Night Raid: Yogen (2000),Animation
2683,Kore wa Zombie Desu ka? (2000),Animation
2684,Nichijou: Nichijou no 0-wa (2000),Animation
2685,"Yosuga no Sora: In Solitude, Where We Are Least Alone. (2000)",Animation
2686,Koe de Oshigoto! The Animation (2000),Animation
2687,Code Geass: Boukoku no Akito 1 - Yokuryuu wa Maiorita (2000),Animation
2688,Yume-iro Pâtissière: Mune Kyun Tropical Island! (2000),Animation
2689,Tales of Symphonia The Animation: Kaette Kita Kratos-sensei no Private Lesson (2000),Animation
2690,Tales of Symphonia The Animation: Tethe&#039;alla-hen Specials (2000),Animation
2691,Dantalian no Shoka (2000),Animation
2692,Mouretsu Pirates (2000),Animation
2693,Princess Lover! OVA (2000),Animation
2694,Star Driver: Kagayaki no Takuto (2000),Animation
2695,Toaru Majutsu no Index II (2000),Animation
2696,Bohemian Rhapsody (2000),Animation
2697,Yojouhan Shinwa Taikei Specials (2000),Animation
2698,Supernatural The Animation (2000),Animation
2699,Princess Knight☆Catue (2000),Animation
2700,Tales of Symphonia The Animation: Sekai Tougou-hen (2000),Animation
2701,Toaru Hikuushi e no Tsuioku (2000),Animation
2702,Je T&#039;aime (2000),Animation
2703,True Tears: Raigomaru to Jibeta no Monogatari (2000),Animation
2704,To Heart 2 Adnext (2000),Animation
2705,Kuttsukiboshi (2000),Animation
2706,Katekyo Hitman Reborn!: Mr. Rebokku no Ciao Ciao Interview (2000),Animation
2707,Inazuma Eleven: Saikyou Gundan Ogre Shuurai (2000),Animation
2708,Mokei Senshi Gunpla Builders Beginning G (2000),Animation
2709,IS: Infinite Stratos (2000),Animation
2710,Toaru Kagaku no Railgun: Misaka-san wa Ima Chuumoku no Mato desukara (2000),Animation
2711,Tamayura (2000),Animation
2712,Agitated Screams of Maggots (2000),Animation
2713,Angel Beats! Specials (2000),Animation
2714,Toaru Kagaku no Railgun: Entenka no Satsuei Model mo Raku Ja Arimasen wa ne. (2000),Animation
2715,Hakuouki Hekketsuroku (2000),Animation
2716,Arakawa Under the Bridge x Bridge (2000),Animation
2717,Saiyuuki Gaiden (2000),Animation
2718,Pokemon Best Wishes! (2000),Animation
2719,Amagami SS OVA (2000),Animation
2720,Beelzebub: Hirotta Akachan wa Daimaou!? (2000),Animation
2721,Ookiku Furikabutte: Natsu no Taikai-hen Special (2000),Animation
2722,Saint Seiya: The Lost Canvas - Meiou Shinwa 2 (2000),Animation
2723,Fullmetal Alchemist: The Sacred Star of Milos (2000),Animation
2724,Kuroshitsuji II Specials (2000),Animation
2725,Kaibutsu Oujo (OVA) (2000),Animation
2726,Shukufuku no Campanella Specials (2000),Animation
2727,Kimi ga Nozomu Eien: Gundam Parody (2000),Animation
2728,Motto To LOVE-Ru (2000),Animation
2729,Air Gear: Kuro no Hane to Nemuri no Mori - Break on the Sky (2000),Animation
2730,Seikon no Qwaser: Jotei no Shouzou (2000),Animation
2731,K-On!!: Ura-On!! (2000),Animation
2732,Omae Umasou da na (2000),Animation
2733,Kaichuu! (2000),Animation
2734,Kowarekake no Orgel (2000),Animation
2735,Seikimatsu Occult Gakuin Specials (2000),Animation
2736,Yebisu Celebrities 1st (2000),Animation
2737,Super Robot Taisen OG: The Inspector (2000),Animation
2738,Break Blade 3: Kyoujin no Ato (2000),Animation
2739,Steins;Gate (2000),Animation
2740,Kizumonogatari I: Tekketsu-hen (2000),Animation
2741,Heartcatch Precure! Movie: Hana no Miyako de Fashion Show... Desu ka!? (2000),Animation
2742,Hanasaku Iroha (2000),Animation
2743,Oni Chichi 2 (2000),Animation
2744,Ryoujoku Famiresu Choukyou Menu (2000),Animation
2745,Kateikyoushi no Oneesan 2 The Animation: H no Hensachi Agechaimasu (2000),Animation
2746,Mofukuzuma (2000),Animation
2747,Fractale (2000),Animation
2748,HHH Triple Ecchi (2000),Animation
2749,Shoujo Senki Soul Eater (2000),Animation
2750,Dragon Crisis! (2000),Animation
2751,Yumekui Merry (2000),Animation
2752,.hack//Quantum (2000),Animation
2753,Koi☆Sento (2000),Animation
2754,Megane na Kanojo (2000),Animation
2755,Fortune Arterial: Akai Yakusoku - Tadoritsuita Basho (2000),Animation
2756,D.C. I&amp;II P.S.P. Re-Animated (2000),Animation
2757,Sekirei: Pure Engagement - Kanwa ni Dai (2000),Animation
2758,Hyakka Ryouran: Samurai Girls Specials (2000),Animation
2759,Kaichou wa Maid-sama!: Omake dayo! (2000),Animation
2760,Freezing (2000),Animation
2761,Denpa Onna to Seishun Otoko (2000),Animation
2762,T.P. Sakura: Time Paladin Sakura (2000),Animation
2763,Mitsudomoe Special (2000),Animation
2764,Ane Jiru 2 The Animation: Shirakawa Sanshimai ni Omakase (2000),Animation
2765,Yume-iro Pâtissière SP Professional (2000),Animation
2766,Bust to Bust: Chichi wa Chichi ni (2000),Animation
2767,Break Blade 4: Sanka no Chi (2000),Animation
2768,Baka to Test to Shoukanjuu: Matsuri (2000),Animation
2769,Coppelion (2000),Animation
2770,Hitou Meguri Kakure Yu (2000),Animation
2771,Dororon Enma-kun Meeramera (2000),Animation
2772,Mitsudomoe Zouryouchuu! (2000),Animation
2773,Beelzebub (2000),Animation
2774,Highschool of the Dead: Drifters of the Dead (2000),Animation
2775,Cardfight!! Vanguard (2000),Animation
2776,Biohazard: Damnation (2000),Animation
2777,Hidamari Sketch x ☆☆☆ Specials (2000),Animation
2778,MM! Specials (2000),Animation
2779,Oniichan no Koto nanka Zenzen Suki ja Nai n da kara ne!! (2000),Animation
2780,Code Geass: Hangyaku no Lelouch R2: Flash Specials (2000),Animation
2781,Haiyoru! Nyaruani: Remember My Love(craft-sensei) (2000),Animation
2782,Yuri Seijin Naoko-san (2000),Animation
2783,Aa! Megami-sama! (2011) (2000),Animation
2784,K-On! Movie (2000),Animation
2785,Asobi ni Iku yo!: Asobi ni Oide (2000),Animation
2786,30-sai no Hoken Taiiku (2000),Animation
2787,Mini Sengoku Basara Two: Tsukiyo no Katakura-kun (2000),Animation
2788,Ore wa Kanojo wo Shinjiteru! (2000),Animation
2789,Kimi ni Todoke 2nd Season (2000),Animation
2790,Ura Tegamibachi (2000),Animation
2791,Kami nomi zo Shiru Sekai: Flag 0 (2000),Animation
2792,Densetsu no Yuusha no Densetsu: Iris Report (2000),Animation
2793,Moshidora (2000),Animation
2794,Canaan: Minorikawa Report 201X Shanghai (2000),Animation
2795,Maria†Holic Alive (2000),Animation
2796,Rurouni Kenshin: Review Special (2000),Animation
2797,Aisai Nikki (2000),Animation
2798,Hakuouki Hekketsuroku Episode 0 (2000),Animation
2799,Break Blade 5: Shisen no Hate (2000),Animation
2800,Nurarihyon no Mago Recaps (2000),Animation
2801,K-On!!: Keikaku! (2000),Animation
2802,Gintama: Shinyaku Benizakura-hen (2000),Animation
2803,Astarotte no Omocha! (2000),Animation
2804,Appleseed XIII (2000),Animation
2805,Nana to Kaoru (2000),Animation
2806,Issho ni Training Ofuro: Bathtime with Hinako &amp; Hiyoko (2000),Animation
2807,Sengoku Basara Movie: The Last Party (2000),Animation
2808,Itsuka Tenma no Kuro Usagi (2000),Animation
2809,Strike Witches Movie (2000),Animation
2810,Kuragehime: Eiyuu Retsuden☆ (2000),Animation
2811,Mahou Shoujo Madoka★Magica (2000),Animation
2812,Hoshi wo Ou Kodomo (2000),Animation
2813,Finder Series (2000),Animation
2814,Morita-san wa Mukuchi (2000),Animation
2815,A-Channel (2000),Animation
2816,Toriko Hime: Hakudaku Mamire no Reijou (2000),Animation
2817,Norageki! (2000),Animation
2818,Sora no Otoshimono: Tokeijikake no Angeloid (2000),Animation
2819,Senjou no Valkyria 3: Tagatame no Juusou (2000),Animation
2820,Level E (2000),Animation
2821,Akina to Onsen de H Shiyo! (2000),Animation
2822,SKET Dance (2000),Animation
2823,Hetalia Axis Powers Fan Disc (2000),Animation
2824,Touhou Niji Sousaku Doujin Anime: Musou Kakyou (2000),Animation
2825,Anime Tenchou x Touhou Project (2000),Animation
2826,Shinryaku! Ika Musume Specials (2000),Animation
2827,Major: Message (2000),Animation
2828,Suite Precure♪ (2000),Animation
2829,Bokura no Live Kimi to no Life (2000),Animation
2830,Houkago no Pleiades (2000),Animation
2831,Pokemon Best Wishes!: Victini to Kuroki Eiyuu Zekrom (2000),Animation
2832,Ao no Exorcist (2000),Animation
2833,Oretachi ni Tsubasa wa Nai: Under the Innocent Sky. (2000),Animation
2834,Shukufuku no Campanella: La Campanella Della Benedizione (2000),Animation
2835,Amagami SS: Tachibana Miya-hen - Imouto (2000),Animation
2836,Sekaiichi Hatsukoi (2000),Animation
2837,Snow Halation (2000),Animation
2838,Nekogami Yaoyorozu (2000),Animation
2839,Maken-Ki! (2000),Animation
2840,Ikoku Meiro no Croisée The Animation (2000),Animation
2841,Tiger &amp; Bunny (2000),Animation
2842,Hayate no Gotoku! Heaven Is a Place on Earth (2000),Animation
2843,Detective Conan Movie 15: Quarter of Silence (2000),Animation
2844,Wana: Hakudaku Mamire no Houkago (2000),Animation
2845,Gintama&#039; (2000),Animation
2846,Floating Material (2000),Animation
2847,Precure All Stars Movie DX3: Mirai ni Todoke! Sekai wo Tsunagu☆Nijiiro no Hana (2000),Animation
2848,Phi Brain: Kami no Puzzle (2000),Animation
2849,Fairy Tail OVA (2000),Animation
2850,Otome wa Boku ni Koishiteru: Futari no Elder (2000),Animation
2851,Ano Hi Mita Hana no Namae wo Bokutachi wa Mada Shiranai. (2000),Animation
2852,Hyouge Mono (2000),Animation
2853,One Piece 3D: Mugiwara Chase (2000),Animation
2854,Carnival Phantasm (2000),Animation
2855,Shouwa Monogatari (2000),Animation
2856,Yu☆Gi☆Oh! Zexal (2000),Animation
2857,Kizuna Ichigeki (2000),Animation
2858,Dragon Ball: Super Saiya-jin Zetsumetsu Keikaku (2000),Animation
2859,Ore no Imouto ga Konnani Kawaii Wake ga Nai Specials (2000),Animation
2860,Coquelicot-zaka kara (2000),Animation
2861,Bakuman. 2nd Season (2000),Animation
2862,Toriko (2000),Animation
2863,Nurarihyon no Mago: Sennen Makyou (2000),Animation
2864,Macross F Music Clip Shuu: Nyankuri (2000),Animation
2865,Angel Beats!: Another Epilogue (2000),Animation
2866,Seikon no Qwaser II (2000),Animation
2867,Toriko 3D: Kaimaku Gourmet Adventure!! (2000),Animation
2868,Naruto x UT (2000),Animation
2869,Kämpfer für die Liebe (2000),Animation
2870,Hoshizora e Kakaru Hashi (2000),Animation
2871,Kami nomi zo Shiru Sekai II (2000),Animation
2872,Shiki Specials (2000),Animation
2873,Fate/Zero (2000),Animation
2874,Ghost in the Shell: Stand Alone Complex - Solid State Society 3D (2000),Animation
2875,Break Blade 6: Doukoku no Toride (2000),Animation
2876,Kobato.: Hajimete no Kobato. (2000),Animation
2877,Sweet Home: H na Oneesan wa Suki Desu ka? (2000),Animation
2878,Ore no Imouto ga Konnani Kawaii Wake ga Nai: SD Chara ni Yoru Character Commentary (2000),Animation
2879,Softenni (2000),Animation
2880,Mayo Chiki! (2000),Animation
2881,Seitokai Yakuindomo OVA (2000),Animation
2882,Kowarekake no Orgel Special (2000),Animation
2883,Kimi ni Todoke 2nd Season: Kataomoi (2000),Animation
2884,Mahou Shoujo Lyrical Nanoha: The Movie 2nd A&#039;s (2000),Animation
2885,Dog Days (2000),Animation
2886,Sacred Seven (2000),Animation
2887,No.6 (2000),Animation
2888,Usagi Drop (2000),Animation
2889,C: The Money of Soul and Possibility Control (2000),Animation
2890,Nichijou (2000),Animation
2891,Freezing Specials (2000),Animation
2892,Otona Joshi no Anime Time (2000),Animation
2893,HenSemi (TV) (2000),Animation
2894,Hunter x Hunter Pilot (2000),Animation
2895,Katte ni Kaizou (2000),Animation
2896,Baby Princess 3D Paradise 0 [Love] (2000),Animation
2897,Nyanpire The Animation (2000),Animation
2898,Kore wa Zombie Desu ka? OVA (2000),Animation
2899,Maji de Watashi ni Koi Shinasai! (2000),Animation
2900,"Yondemasu yo, Azazel-san. (TV) (2000)",Animation
2901,Kaitou Tenshi Twin Angel: Kyun Kyun☆Tokimeki Paradise!! (2000),Animation
2902,Berserk: Ougon Jidai-hen I - Haou no Tamago (2000),Animation
2903,Oniichan no Koto nanka Zenzen Suki ja Nai n da kara ne!! Special (2000),Animation
2904,Tamayura: Hitotose (2000),Animation
2905,Toaru Majutsu no Index-tan II (2000),Animation
2906,Pretty Rhythm: Aurora Dream (2000),Animation
2907,Gokicha!! (2000),Animation
2908,Eiyuu Densetsu: Sora no Kiseki The Animation (2000),Animation
2909,Gyakkyou Burai Kaiji: Hakairoku-hen (2000),Animation
2910,Prince of Tennis: Mini Theater (2000),Animation
2911,The iDOLM@STER (2000),Animation
2912,Towa no Quon 1: Utakata no Kaben (2000),Animation
2913,Shin Koihime†Musou: Otome Tairan OVA (2000),Animation
2914,Kaichou wa Maid-sama!: Goshujinsama to Asonjao♥ (2000),Animation
2915,Rio: Rainbow Gate! Special (2000),Animation
2916,Pokemon Diamond &amp; Pearl Specials (2000),Animation
2917,Sengoku Otome: Momoiro Paradox (2000),Animation
2918,Uta no☆Prince-sama♪ Maji Love 1000% (2000),Animation
2919,Kyuuketsuki (2000),Animation
2920,Bakugan Battle Brawlers: Mechtanium Surge (2000),Animation
2921,Rurouni Kenshin Recap (2000),Animation
2922,Last Exile: Ginyoku no Fam (2000),Animation
2923,Honto ni Atta! Reibai Sensei (2000),Animation
2924,Fireball Charming (2000),Animation
2925,Hakuouki Sekkaroku (2000),Animation
2926,Tenchi Muyou! Ryououki 2nd Season Picture Drama (2000),Animation
2927,Jinrui wa Suitai Shimashita (2000),Animation
2928,Metal Fight Beyblade 4D (2000),Animation
2929,Kamisama Dolls (2000),Animation
2930,Shinryaku!? Ika Musume (2000),Animation
2931,Natsume Yuujinchou San (2000),Animation
2932,Oni Chichi: Re-birth (2000),Animation
2933,Sono Hanabira ni Kuchizuke wo: Reo x Mai Diaries (2000),Animation
2934,Momo e no Tegami (2000),Animation
2935,.hack//Quantum: Sore ike! Bokura no Chimuchimu-chan!! (2000),Animation
2936,Kuragehime: Soreike! Amars Tankentai (2000),Animation
2937,Ben-To (2000),Animation
2938,Mashiro-iro Symphony: The Color of Lovers (2000),Animation
2939,Hotarubi no Mori e (2000),Animation
2940,Gyo (2000),Animation
2941,Deadman Wonderland OVA (2000),Animation
2942,Menkui! (2000),Animation
2943,Bi-chiku Beach: Nangoku Nyuujoku Satsueikai (2000),Animation
2944,Baka to Test to Shoukanjuu: Matsuri - Sentaku ni Yotte Tenkai ga Kawaru &quot;LIPS Eizou&quot; (2000),Animation
2945,Digimon Xros Wars: Aku no Death General to Nanatsu no Oukoku (2000),Animation
2946,Perfect Day (2000),Animation
2947,Aquarion Evol (2000),Animation
2948,Rain Town (2000),Animation
2949,Kyoukaisenjou no Horizon (2000),Animation
2950,JK to Inkou Kyoushi 4 (2000),Animation
2951,Ran-&gt;Sem: Hakudaku Delmo Tsuma no Miira Tori (2000),Animation
2952,Kimi to Boku. (2000),Animation
2953,Seitokai no Ichizon Lv.2 (2000),Animation
2954,Manyuu Hikenchou (2000),Animation
2955,Sayonara Zetsubou Sensei Special (2000),Animation
2956,God Eater Prologue (2000),Animation
2957,Haiyoru! Nyaruani: Remember My Love(craft-sensei) Special (2000),Animation
2958,Beelzebub Specials (2000),Animation
2959,"Sengoku Basara Two: Ryuko, Itadaki no Chikai! Atsuki Mirai e Kakeru Tamashii!! (2000)",Animation
2960,Shocking Pink! (2000),Animation
2961,Blood-C (2000),Animation
2962,Higurashi no Naku Koro ni Kira (2000),Animation
2963,Yuru Yuri (2000),Animation
2964,Hetalia World Series Specials (2000),Animation
2965,Ojiisan no Lamp (2000),Animation
2966,Bannou Yasai Ninninman (2000),Animation
2967,Tansu Warashi. (2000),Animation
2968,Gosick Recap (2000),Animation
2969,Inazuma Eleven Go (2000),Animation
2970,Mahou Shoujo Sonico★Magica (2000),Animation
2971,Working&#039;!! (2000),Animation
2972,Detective Conan Magic File 5: Niigata - Tokyo Omiyage Capriccio (2000),Animation
2973,Working&#039;!! Announcement Specials (2000),Animation
2974,Kimi ni Todoke 2nd Season Specials (2000),Animation
2975,The Epic Of ZektBach (2000),Animation
2976,Rinkan Club (2000),Animation
2977,Oretachi ni Tsubasa wa Nai: Hadairo Ritsu Kyuuwari Zou!? (2000),Animation
2978,Betsu ni Anta no Tame ni Ookiku Nattan Janain Dakara ne!! (2000),Animation
2979,Kamisama no Memochou (2000),Animation
2980,Ro-Kyu-Bu! (2000),Animation
2981,Prince of Tennis: Another Story II - Ano Toki no Bokura (2000),Animation
2982,C³ (2000),Animation
2983,Mobile Suit Gundam 0083: Stardust Memory - The Mayfly of Space (2000),Animation
2984,Astarotte no Omocha! EX (2000),Animation
2985,Persona 4 the Animation (2000),Animation
2986,Naruto: Shippuuden Movie 5 - Blood Prison (2000),Animation
2987,Reunion (2000),Animation
2988,Scryed Alteration I: Tao (2000),Animation
2989,Hidan no Aria Special (2000),Animation
2990,R-15 (2000),Animation
2991,Mirai Nikki (TV) (2000),Animation
2992,Tengen Toppa Gurren Lagann: Ore no Gurren wa Pikka-Pika!! (2000),Animation
2993,Mardock Scramble: The Second Combustion (2000),Animation
2994,Mahou Sensei Negima! Mou Hitotsu no Sekai Extra: Mahou Shoujo Yue (2000),Animation
2995,Denpa Onna to Seishun Otoko Special (2000),Animation
2996,Gintama: Dai Hanseikai (2000),Animation
2997,Ao no Exorcist: Ura Ex (2000),Animation
2998,Naruto Soyokazeden Movie: Naruto to Mashin to Mitsu no Onegai Dattebayo!! (2000),Animation
2999,Imouto Paradise! (2000),Animation
3000,Morita-san wa Mukuchi. (2000),Animation
3001,Maria†Holic: Run Run Riru Ran Ran Rara (2000),Animation
3002,Blood-C: The Last Dark (2000),Animation
3003,Tentacle and Witches (2000),Animation
3004,Naruto: Honoo no Chuunin Shiken! Naruto vs. Konohamaru!! (2000),Animation
3005,Saint Seiya: Legend of Sanctuary (2000),Animation
3006,Magic Tree House (2000),Animation
3007,Downloader (2000),Animation
3008,Bloods: Inraku no Ketsuzoku 2 (2000),Animation
3009,Yume Kui: Tsurumiku Shiki Game Seisaku (2000),Animation
3010,Asa kara Zusshiri Milk Pot (2000),Animation
3011,Tekken: Blood Vengeance (2000),Animation
3012,Detective Conan OVA 11: A Secret Order from London (2000),Animation
3013,Plastic Neesan (2000),Animation
3014,Towa no Quon 2: Konton no Ranbu (2000),Animation
3015,Towa no Quon 3: Mugen no Renza (2000),Animation
3016,Towa no Quon 4: Guren no Shoushin (2000),Animation
3017,Towa no Quon 5: Souzetsu no Raifuku (2000),Animation
3018,Towa no Quon 6: Towa no Quon (2000),Animation
3019,Boku wa Tomodachi ga Sukunai (2000),Animation
3020,Mawaru Penguindrum (2000),Animation
3021,Prince of Tennis: Eikokushiki Teikyuu Shiro Kessen! (2000),Animation
3022,A-Channel: +A-Channel (2000),Animation
3023,Panty &amp; Stocking in Sanitarybox (2000),Animation
3024,Pokemon Best Wishes!: Victini to Shiroki Eiyuu Reshiram (2000),Animation
3025,Hikaru no Go Special (2000),Animation
3026,Mahou Shoujo Elena (2000),Animation
3027,SKET Dance: Demystifying Special (2000),Animation
3028,Eroge! H mo Game mo Kaihatsu Zanmai (2000),Animation
3029,Kore wa Zombie Desu ka? of the Dead (2000),Animation
3030,Haramasete Seiryuu-kun! (2000),Animation
3031,Guilty Crown (2000),Animation
3032,IS: Infinite Stratos Encore - Koi ni Kogareru Rokujuusou (2000),Animation
3033,Softenni Specials (2000),Animation
3034,UN-GO (2000),Animation
3035,Chime (2000),Animation
3036,Chihayafuru (2000),Animation
3037,Copihan (2000),Animation
3038,Ikoku Meiro no Croisée Special (2000),Animation
3039,Kami nomi zo Shiru Sekai: 4-nin to Idol (2000),Animation
3040,Nichijou: Tanken Nichijou no Machi (2000),Animation
3041,Mobile Suit Gundam AGE (2000),Animation
3042,Suite Precure♪ Movie: Torimodose! Kokoro ga Tsunaku Kiseki no Melody♪ (2000),Animation
3043,Wizard Girl Ambitious (2000),Animation
3044,Ikoku Meiro no Croisée: Yune &amp; Alice (2000),Animation
3045,Baka to Test to Shoukanjuu: Spinout! Sore ga Bokura no Nichijou (2000),Animation
3046,Double-J (2000),Animation
3047,Fullmetal Alchemist: The Sacred Star of Milos Specials (2000),Animation
3048,Manyuu Hikenchou Specials (2000),Animation
3049,Shinryaku! Ika Musume: Ika Ice Tabena-ika? (2000),Animation
3050,Euphoria (2000),Animation
3051,Prince of Tennis: Pairpuri (2000),Animation
3052,Steins;Gate: Oukoubakko no Poriomania (2000),Animation
3053,Ghost in the Shell: Stand Alone Complex - Tachikoma na Hibi (TV) (2000),Animation
3054,Saki Achiga-hen: Episode of Side-A (2000),Animation
3055,Nurarihyon no Mago: Jump Super Anime Tour Special (2000),Animation
3056,Kyousou Giga (2000),Animation
3057,Boku wa Tomodachi ga Sukunai Episode 0 (2000),Animation
3058,Hakoiri Shoujo: Virgin Territory (2000),Animation
3059,Pokemon: Pikachu no Fuyuyasumi (2000) (2000),Animation
3060,Pokemon: Pikachu no Fuyuyasumi (2001) (2000),Animation
3061,Kowarekake no Orgel (Movie) (2000),Animation
3062,Seikon no Qwaser II Picture Drama (2000),Animation
3063,Tantei Opera Milky Holmes: Summer Special (2000),Animation
3064,Queen&#039;s Blade OVA (2000),Animation
3065,Nogizaka Haruka no Himitsu: Finale (2000),Animation
3066,R-15 OVA (2000),Animation
3067,Itsuka Tenma no Kuro Usagi OVA (2000),Animation
3068,Hourou Musuko Specials (2000),Animation
3069,Maria†Holic Alive Special (2000),Animation
3070,Ghost in the Shell: Stand Alone Complex 2nd GIG - Individual Eleven - Tachikoma no Hibi (2000),Animation
3071,Ghost in the Shell: Stand Alone Complex - Tachikoma no Hibi Fan Disc (2000),Animation
3072,Ghost in the Shell: Stand Alone Complex - Solid State Society 3D - Tachikoma no Hibi (2000),Animation
3073,High Score (2000),Animation
3074,Inazuma Eleven Go: Kyuukyoku no Kizuna Gryphon (2000),Animation
3075,Toshokan Sensou: Kakumei no Tsubasa (2000),Animation
3076,Holy Knight (2000),Animation
3077,Inu x Boku SS (2000),Animation
3078,Pokemon 3D Adventure: Mew wo Sagase! (2000),Animation
3079,Muv-Luv Alternative: Total Eclipse (2000),Animation
3080,"Natsu-iro Egao de 1, 2, Jump! (2000)",Animation
3081,Hunter x Hunter (2011) (2000),Animation
3082,Shoukoujo The Animation (2000),Animation
3083,Oppai Heart: Kanojo wa Kedamono Hatsujouki!? (2000),Animation
3084,Pokemon: Pikachu no Fushigi na Fushigi na Daibouken (2000),Animation
3085,Pokemon: Ash&#039;s Journey (2000),Animation
3086,Hellsing: The Dawn (2000),Animation
3087,Kill Me Baby (2000),Animation
3088,Nurarihyon no Mago: Sennen Makyou Recaps (2000),Animation
3089,Tiger &amp; Bunny Pilot (2000),Animation
3090,Busou Shinki Moon Angel (2000),Animation
3091,Another (2000),Animation
3092,Usagi Drop Specials (2000),Animation
3093,Sekaiichi Hatsukoi 2 (2000),Animation
3094,Hybrid Child (2000),Animation
3095,Hoshizora e Kakaru Hashi: Kakaru ka? Gakuensai ni Koi no Hashi (2000),Animation
3096,Papa no Iukoto wo Kikinasai! (2000),Animation
3097,Maken-Ki! OVA (2000),Animation
3098,Rinne no Lagrange (2000),Animation
3099,Amagami SS+ Plus (2000),Animation
3100,Hidamari Sketch x SP (2000),Animation
3101,Hidamari Sketch x Honeycomb (2000),Animation
3102,Brave 10 (2000),Animation
3103,Ikkitousen: Shuugaku Toushi Keppuuroku (2000),Animation
3104,Ao no Exorcist: Kuro no Iede (2000),Animation
3105,Black★Rock Shooter (TV) (2000),Animation
3106,Kimi no Iru Machi: Tasogare Kousaten (2000),Animation
3107,Zero no Tsukaima F (2000),Animation
3108,Nee Summer! (2000),Animation
3109,A-Channel+smile (2000),Animation
3110,Tantei Opera Milky Holmes Dai 2 Maku (2000),Animation
3111,Soredemo Tsuma wo Aishiteru (2000),Animation
3112,"Kono Danshi, Uchuujin to Tatakaemasu. (2000)",Animation
3113,Dragon Ball Kai: Mirai ni Heiwa wo! Goku no Tamashii yo Eien ni (2000),Animation
3114,New Prince of Tennis (2000),Animation
3115,.hack//The Movie: Sekai no Mukou ni (2000),Animation
3116,Digimon Xros Wars: Toki wo Kakeru Shounen Hunter-tachi (2000),Animation
3117,Ano Natsu de Matteru (2000),Animation
3118,Rurouni Kenshin: Meiji Kenkaku Romantan - Shin Kyoto-hen (2000),Animation
3119,Chibi☆Devi! (2000),Animation
3120,TSF Monogatari (2000),Animation
3121,Redline Pilot (2000),Animation
3122,Sekiranun Graffiti (2000),Animation
3123,Recorder to Randoseru Do♪ (2000),Animation
3124,Sankarea (2000),Animation
3125,Kami nomi zo Shiru Sekai: Nonstop!! Hunters (2000),Animation
3126,UN-GO: Inga-ron (2000),Animation
3127,Sengoku☆Paradise Kiwami (2000),Animation
3128,Toradora!: Bentou no Gokui (2000),Animation
3129,Steins;Gate Movie: Fuka Ryouiki no Déjà vu (2000),Animation
3130,Kami nomi zo Shiru Sekai: Natsu-iro Surprise (2000),Animation
3131,Nisemonogatari (2000),Animation
3132,Morita-san wa Mukuchi. 2 (2000),Animation
3133,High School DxD (2000),Animation
3134,Blood Lad (2000),Animation
3135,Sacred Seven: Shirogane no Tsubasa (2000),Animation
3136,Hakuouki OVA (2000),Animation
3137,Natsume Yuujinchou Shi (2000),Animation
3138,Area no Kishi (2000),Animation
3139,Another: The Other - Inga (2000),Animation
3140,Code:Breaker (2000),Animation
3141,Dragon Age: Blood Mage no Seisen (2000),Animation
3142,Kamisama Dolls Specials (2000),Animation
3143,Ao no Exorcist Movie (2000),Animation
3144,Kimi to Boku. 2 (2000),Animation
3145,Fate/Zero 2nd Season (2000),Animation
3146,Toaru Majutsu no Index: Endymion no Kiseki (2000),Animation
3147,Aku no Onna Kanbu (2000),Animation
3148,"Senki Zesshou Symphogear: Meteoroid-Falling, Burning, and Disappear, Then... (2000)",Animation
3149,009 Re:Cyborg (2000),Animation
3150,Sword Art Online (2000),Animation
3151,Accel World (2000),Animation
3152,Medaka Box (2000),Animation
3153,Sekai de Ichiban Tsuyoku Naritai! (2000),Animation
3154,Gokujo.: Gokurakuin Joshikou Ryou Monogatari (2000),Animation
3155,Kuroko no Basket (2000),Animation
3156,Lupin III: Chi no Kokuin - Eien no Mermaid (2000),Animation
3157,Dog Days&#039; (2000),Animation
3158,Haiyore! Nyaruko-san (2000),Animation
3159,"Tamayura: Hitotose - Attakai Kaze no Omoide, Nanode (2000)",Animation
3160,Shijou Saikyou no Deshi Kenichi OVA (2000),Animation
3161,Kuroinu: Kedakaki Seijo wa Hakudaku ni Somaru (2000),Animation
3162,Zetman (2000),Animation
3163,Danshi Koukousei no Nichijou (2000),Animation
3164,Queen&#039;s Blade: Rebellion (2000),Animation
3165,Oni Chichi: Re-born (2000),Animation
3166,Kokoro Connect (2000),Animation
3167,The iDOLM@STER: 765 Pro to Iu Monogatari (2000),Animation
3168,Major: World Series (2000),Animation
3169,Oda Nobuna no Yabou (2000),Animation
3170,Mahou Shoujo Madoka★Magica Movie 1: Hajimari no Monogatari (2000),Animation
3171,Mahou Shoujo Madoka★Magica Movie 2: Eien no Monogatari (2000),Animation
3172,Mahou Shoujo Madoka★Magica Movie 3: Hangyaku no Monogatari (2000),Animation
3173,Tsundere Inran Shoujo Sukumi (2000),Animation
3174,One Piece 3D: Gekisou! Trap Coaster (2000),Animation
3175,Tiger &amp; Bunny Movie 1: The Beginning (2000),Animation
3176,Tiger &amp; Bunny Movie 2: The Rising (2000),Animation
3177,Poyopoyo Kansatsu Nikki (2000),Animation
3178,Uchuu Senkan Yamato 2199 (2000),Animation
3179,Kingdom (2000),Animation
3180,Fairy Tail Movie 1: Houou no Miko (2000),Animation
3181,Mardock Scramble: The Third Exhaust (2000),Animation
3182,Brandish (2000),Animation
3183,My Imouto: Koakuma na A-Cup (2000),Animation
3184,Otome Dori (2000),Animation
3185,Queen&#039;s Blade OVA Specials (2000),Animation
3186,Rurouni Kenshin Special (2000),Animation
3187,Hajime no Ippo: Boxer no Kobushi (2000),Animation
3188,Black★Rock Shooter (2000),Animation
3189,Berserk: Ougon Jidai-hen II - Doldrey Kouryaku (2000),Animation
3190,Berserk: Ougon Jidai-hen III - Kourin (2000),Animation
3191,Detective Conan Movie 16: The Eleventh Striker (2000),Animation
3192,Natsu-iro Kiseki (2000),Animation
3193,Yurumates 3D (2000),Animation
3194,30-sai no Hoken Taiiku Specials (2000),Animation
3195,Robotica*Robotics (2000),Animation
3196,Swing Out Sisters (2000),Animation
3197,AKB0048 (2000),Animation
3198,Busou Chuugakusei: Basket Army (2000),Animation
3199,Koi to Senkyo to Chocolate (2000),Animation
3200,Carnival Phantasm EX Season (2000),Animation
3201,Hyouka (2000),Animation
3202,Smile Precure! (2000),Animation
3203,Dragon Ball: Episode of Bardock (2000),Animation
3204,Koi-ken!: Watashitachi Anime ni Nacchatta! (2000),Animation
3205,Manyuu Hikenchou Picture Drama (2000),Animation
3206,Carnival Phantasm: Illya-jou (2000),Animation
3207,Rinne no Lagrange Season 2 (2000),Animation
3208,Acchi Kocchi (TV) (2000),Animation
3209,Campione!: Matsurowanu Kamigami to Kamigoroshi no Maou (2000),Animation
3210,Upotte!! (2000),Animation
3211,Thermae Romae (2000),Animation
3212,Ookami Kodomo no Ame to Yuki (2000),Animation
3213,Bakuman. 3rd Season (2000),Animation
3214,Shining Hearts: Shiawase no Pan (2000),Animation
3215,Maki-chan to Nau. (2000),Animation
3216,Yuru Yuri♪♪ (2000),Animation
3217,UN-GO: Inga Nikki (2000),Animation
3218,Jormungand (2000),Animation
3219,Guilty Crown Kiseki: Reassortment (2000),Animation
3220,Last Exile: Ginyoku no Fam Recaps (2000),Animation
3221,Uchuu Kyoudai (2000),Animation
3222,Yuri Seijin Naoko-san (2012) (2000),Animation
3223,Tasogare Otome x Amnesia (2000),Animation
3224,Ben-To Picture Drama (2000),Animation
3225,Maken-Ki! Specials (2000),Animation
3226,Yuu☆Yuu☆Hakusho: Mu Mu Hakusho (2000),Animation
3227,Hiiro no Kakera (2000),Animation
3228,Nazo no Kanojo X (2000),Animation
3229,Eureka Seven AO (2000),Animation
3230,Sakasama no Patema (2000),Animation
3231,Kyoukaisenjou no Horizon II (2000),Animation
3232,Ai Mai! Moe Can Change! (2000),Animation
3233,Mirai Nikki (TV): Ura Mirai Nikki (2000),Animation
3234,C³ Special (2000),Animation
3235,Sakamichi no Apollon (2000),Animation
3236,"Dakara Boku wa, H ga Dekinai. (2000)",Animation
3237,Fate/Prototype (2000),Animation
3238,Itsuka Tenma no Kuro Usagi Picture Drama (2000),Animation
3239,Asa made Jugyou Chu! (2000),Animation
3240,Sengoku Collection (2000),Animation
3241,Mo Gyutto Love de Sekkinchuu! (2000),Animation
3242,"Yuru Yuri: Doushite, Tomaranai, Tokimeki, Dokidoki, Paradox, Eternal (2000)",Animation
3243,Amagami SS+ Plus Specials (2000),Animation
3244,Pokemon Best Wishes! Season 2: Kyurem vs. Seikenshi (2000),Animation
3245,Papa no Iukoto wo Kikinasai!: Pokkapoka (2000),Animation
3246,Ozma (2000),Animation
3247,Joshiraku (2000),Animation
3248,Code Geass: Nunnally in Wonderland (2000),Animation
3249,Tight-rope (2000),Animation
3250,Tales of Gekijou (2000),Animation
3251,Tales of Symphonia The Animation: Sekai Tougou-hen Specials (2000),Animation
3252,Uta no☆Prince-sama♪ Maji Love 2000% (2000),Animation
3253,Initial D: Project D to the Next Stage - Project D e Mukete (2000),Animation
3254,High School DxD OVA (2000),Animation
3255,Phi Brain: Kami no Puzzle - Orpheus Order-hen (2000),Animation
3256,Sora no Otoshimono Final: Eternal My Master (2000),Animation
3257,Shirokuma Cafe (2000),Animation
3258,Shakugan no Shana III (Final) Specials (2000),Animation
3259,Star Driver the Movie (2000),Animation
3260,One Piece Film: Z (2000),Animation
3261,Pretty Rhythm: Dear My Future (2000),Animation
3262,Ginga e Kickoff!! (2000),Animation
3263,Dantalian no Shoka: Ibarahime (2000),Animation
3264,Tsuritama (2000),Animation
3265,Danshi Koukousei no Nichijou Specials (2000),Animation
3266,Morita-san wa Mukuchi. Specials (2000),Animation
3267,Saint Seiya Omega (2000),Animation
3268,Ojousama Yomeiri Kousou! (2000),Animation
3269,Arcana Famiglia (2000),Animation
3270,Naruto SD: Rock Lee no Seishun Full-Power Ninden (2000),Animation
3271,Please ♥♥♥♥ Me! (2000),Animation
3272,Aneki no Kounai Kaikinbi (2000),Animation
3273,Sankarea OVA (2000),Animation
3274,Prince of Tennis: Another Story II - Ano Toki no Bokura OVA Bonus (2000),Animation
3275,Nazo no Kanojo X: Nazo no Natsu Matsuri (2000),Animation
3276,Hakuouki Reimeiroku (2000),Animation
3277,Hakuouki Movie 1: Kyoto Ranbu (2000),Animation
3278,Hakuouki Movie 2: Shikon Soukyuu (2000),Animation
3279,Shinsekai yori (2000),Animation
3280,Itsuka Tenma no Kuro Usagi Special (2000),Animation
3281,Gakkatsu! (2000),Animation
3282,Shibainuko-san (2000),Animation
3283,Cardfight!! Vanguard: Asia Circuit-hen (2000),Animation
3284,Kuromajo-san ga Tooru!! (2000),Animation
3285,Hagure Yuusha no Aesthetica (2000),Animation
3286,Buta (2000),Animation
3287,Wasurenagumo (2000),Animation
3288,Puka Puka Juju (2000),Animation
3289,Shiranpuri (Movie) (2000),Animation
3290,Fate/Zero Remix (2000),Animation
3291,Monster Farm: Legend e no Michi (2000),Animation
3292,Lupin the Third: Mine Fujiko to Iu Onna (2000),Animation
3293,Guskou Budori no Denki (2012) (2000),Animation
3294,Kyonyuu Fantasy (2000),Animation
3295,Bible Black: New Testament Recap (2000),Animation
3296,Metal Fight Beyblade Zero G (2000),Animation
3297,Mass Effect: Paragon Lost (2000),Animation
3298,New Prince of Tennis Specials (2000),Animation
3299,Inazuma Eleven Go: Chrono Stone (2000),Animation
3300,Fate/Zero: Onegai! Einzbern Soudanshitsu (2000),Animation
3301,Shinryaku!! Ika Musume (2000),Animation
3302,Hunter x Hunter Movie: Phantom Rouge (2000),Animation
3303,One Off (2000),Animation
3304,Jormungand: Perfect Order (2000),Animation
3305,Tari Tari (2000),Animation
3306,Fuse: Teppou Musume no Torimonochou (2000),Animation
3307,Chouyaku Hyakuninisshu: Uta Koi. (2000),Animation
3308,High School DxD Specials (2000),Animation
3309,"Kono Naka ni Hitori, Imouto ga Iru! (2000)",Animation
3310,Recorder to Randoseru Re♪ (2000),Animation
3311,Rakuen Tsuihou: Expelled from Paradise (2000),Animation
3312,Inu x Boku SS Special (2000),Animation
3313,Utsu Musume Sayuri (2000),Animation
3314,Moyashimon Returns (2000),Animation
3315,Guilty Crown: Lost Christmas (2000),Animation
3316,Sakasama no Patema: Beginning of the Day (2000),Animation
3317,Hyouka: Motsubeki Mono wa (2000),Animation
3318,Ryuugajou Nanana no Maizoukin (2000),Animation
3319,Binbougami ga! (2000),Animation
3320,Guilty Crown: 4-koma Gekijou (2000),Animation
3321,Natsuyuki Rendezvous (2000),Animation
3322,Persona 4 the Animation: No One is Alone (2000),Animation
3323,"Suki de Suki de, Suki de The Animation (2000)",Animation
3324,Robotics;Notes (2000),Animation
3325,Psycho-Pass (2000),Animation
3326,Sayonara Zetsubou Sensei Special Omake (2000),Animation
3327,Furiko (2000),Animation
3328,Hi no Youjin (2000),Animation
3329,Little Busters! (2000),Animation
3330,Ore no Imouto ga Konnani Kawaii Wake ga Nai. (2000),Animation
3331,To LOVE-Ru Darkness (2000),Animation
3332,Naruto: Shippuuden Movie 6 - Road to Ninja (2000),Animation
3333,Otome Nadeshiko Koi Techou (2000),Animation
3334,Ao no Exorcist Movie Special (2000),Animation
3335,Afro Samurai Movie (2000),Animation
3336,Rinne no Lagrange: Kamogawa Days (2000),Animation
3337,Eureka Seven: New Order (2000),Animation
3338,Mashiro-iro Symphony: The Color of Lovers Picture Drama (2000),Animation
3339,Sakurasou no Pet na Kanojo (2000),Animation
3340,Junjou Romantica OVA (2000),Animation
3341,Uhou Renka (2000),Animation
3342,Pokemon: Meloetta no Kirakira Recital (2000),Animation
3343,Corpse Party: Missing Footage (2000),Animation
3344,Nagareboshi Lens (2000),Animation
3345,Marimo no Hana: Saikyou Butouha Shougakusei Densetsu (2000),Animation
3346,Detective Conan Bonus File: Fantasista Flower (2000),Animation
3347,Detective Conan OVA 12: The Miracle of Excalibur (2000),Animation
3348,Wild Adapter (2000),Animation
3349,To LOVE-Ru Darkness OVA (2000),Animation
3350,Queen&#039;s Blade: Rebellion Specials (2000),Animation
3351,Accel World: Acchel World. (2000),Animation
3352,Arve Rezzle: Kikaijikake no Yousei-tachi (2000),Animation
3353,Bishoujo Senshi Sailor Moon: Sailor Stars - Hero Club (2000),Animation
3354,Accel World EX (2000),Animation
3355,Boku wa Tomodachi ga Sukunai: Relay Shousetsu wa Ketsumatsu ga Hanpanai (2000),Animation
3356,Mangirl! (2000),Animation
3357,Mashiro-iro Symphony: Airi ga Anata no Kanojo ni!? (2000),Animation
3358,Ebiten: Kouritsu Ebisugawa Koukou Tenmonbu (2000),Animation
3359,Zetsuen no Tempest (2000),Animation
3360,Blood-C: None-None Gekijou (2000),Animation
3361,Pokemon Best Wishes! Season 2 (2000),Animation
3362,Pokemon Black and White 2: Introduction Movie (2000),Animation
3363,Papa Love: Papa to Icha Ero Shitai Musume-tachi to Hitotsu Yane no Shita de (2000),Animation
3364,Starless: 21st Century Nymphomaniacs (2000),Animation
3365,Girls und Panzer (2000),Animation
3366,"Hanayaka Nari, Waga Ichizoku: Kinetograph (2000)",Animation
3367,Upotte!! OVA (2000),Animation
3368,Hanasaku Iroha: Home Sweet Home (2000),Animation
3369,Tasogare Otome x Amnesia: Taima Otome (2000),Animation
3370,Oniichan dakedo Ai Sae Areba Kankeinai yo ne! (2000),Animation
3371,Tonari no Kaibutsu-kun (2000),Animation
3372,Busou Shinki (2000),Animation
3373,Persona 4 the Animation: The Factor of Hope (2000),Animation
3374,Chitose Get You!! (2000),Animation
3375,Vividred Operation (2000),Animation
3376,Sukitte Ii na yo. (2000),Animation
3377,Nerawareta Gakuen (2000),Animation
3378,Computer Kakumei: Saikyou x Saisoku no Zunou Tanjou (2000),Animation
3379,Tanken Driland (2000),Animation
3380,Btooom! (2000),Animation
3381,Ryo (2000),Animation
3382,Little Witch Academia (2000),Animation
3383,Death Billiards (2000),Animation
3384,Yama no Susume (2000),Animation
3385,Arata naru Sekai: World&#039;s/Start/Load/End (2000),Animation
3386,Shoujo x Shoujo x Shoujo The Animation (2000),Animation
3387,Chihayafuru 2 (2000),Animation
3388,Persona 3 the Movie 1: Spring of Birth (2000),Animation
3389,K (2000),Animation
3390,Mahoutsukai Nara Miso wo Kue! (2000),Animation
3391,Minami-ke Tadaima (2000),Animation
3392,Magi: The Labyrinth of Magic (2000),Animation
3393,Sasami-san@Ganbaranai (2000),Animation
3394,Medaka Box Abnormal (2000),Animation
3395,Love 2 Quad (2000),Animation
3396,Koutetsu no Majo Annerose (2000),Animation
3397,Maji de Otaku na English! Ribbon-chan: Eigo de Tatakau Mahou Shoujo (2000),Animation
3398,Minami-ke Omatase (2000),Animation
3399,Rinne no Lagrange Specials (2000),Animation
3400,Recorder to Randoseru (2000),Animation
3401,Hiiro no Kakera Dai Ni Shou (2000),Animation
3402,Tantei Opera Milky Holmes: Alternative (2000),Animation
3403,Hayate no Gotoku! Can&#039;t Take My Eyes Off You (2000),Animation
3404,Queen&#039;s Blade Rebellion vs. Hagure Yuusha no Aesthetica (2000),Animation
3405,Aura: Maryuuin Kouga Saigo no Tatakai (2000),Animation
3406,Yurumates 3D Plus (2000),Animation
3407,Kamisama Hajimemashita (2000),Animation
3408,JoJo no Kimyou na Bouken (TV) (2000),Animation
3409,Detective Conan Movie 17: Private Eye in the Distant Sea (2000),Animation
3410,Chuunibyou demo Koi ga Shitai! (2000),Animation
3411,Ore no Kanojo to Osananajimi ga Shuraba Sugiru (2000),Animation
3412,Bishoujo Senshi Sailor Moon Crystal (2000),Animation
3413,Hori-san to Miyamura-kun (2000),Animation
3414,Ixion Saga DT (2000),Animation
3415,Kara no Kyoukai: Mirai Fukuin (2000),Animation
3416,GJ-bu (2000),Animation
3417,Yahari Ore no Seishun Love Comedy wa Machigatteiru. (2000),Animation
3418,Mouretsu Pirates: Abyss of Hyperspace (2000),Animation
3419,D.C.III: Da Capo III (2000),Animation
3420,Fate/kaleid liner Prisma☆Illya (2000),Animation
3421,Maoyuu Maou Yuusha (2000),Animation
3422,The iDOLM@STER Shiny Festa (2000),Animation
3423,Dragon Ball Z Movie 14: Kami to Kami (2000),Animation
3424,Tsukumo (2000),Animation
3425,Eureka Seven AO: Jungfrau no Hanabana-tachi (2000),Animation
3426,Ebiten: Kouritsu Ebisugawa Koukou Tenmonbu OVA (2000),Animation
3427,"Dakara Boku wa, H ga Dekinai. OVA (2000)",Animation
3428,RDG: Red Data Girl (2000),Animation
3429,AKB0048: Next Stage (2000),Animation
3430,Wonderful Rush (2000),Animation
3431,Shakugan no Shana: Friagne to Marianne no Naze Nani Shana! Nandemo Shitsumonbako! 2 (2000),Animation
3432,Boku wa Tomodachi ga Sukunai Next (2000),Animation
3433,Chousoku Henkei Gyrozetter (2000),Animation
3434,Harem Time The Animation (2000),Animation
3435,Kyou no Asuka Show (2000),Animation
3436,Corpse Party: Tortured Souls - Bougyakusareta Tamashii no Jukyou (2000),Animation
3437,Ano Hi Mita Hana no Namae wo Bokutachi wa Mada Shiranai. Movie (2000),Animation
3438,Haitai Nanafa (2000),Animation
3439,Litchi DE Hikari Club (2000),Animation
3440,Love Live! School Idol Project (2000),Animation
3441,Initial D Fifth Stage (2000),Animation
3442,Aikatsu! (2000),Animation
3443,Amnesia (2000),Animation
3444,Tropical Kiss (2000),Animation
3445,Cuticle Tantei Inaba (2000),Animation
3446,Kami nomi zo Shiru Sekai: Tenri-hen (2000),Animation
3447,Senran Kagura (2000),Animation
3448,Teekyuu (2000),Animation
3449,Aoi Sekai no Chuushin de (2000),Animation
3450,Hetalia: The Beautiful World (2000),Animation
3451,Code Geass: Boukoku no Akito 2 - Hikisakareshi Yokuryuu (2000),Animation
3452,Code Geass: Boukoku no Akito 3 - Kagayaku Mono Ten yori Otsu (2000),Animation
3453,Code Geass: Boukoku no Akito 4 - Nikushimi no Kioku Kara (2000),Animation
3454,.hack//Versus: The Thanatos Report (2000),Animation
3455,Hentai Ouji to Warawanai Neko. (2000),Animation
3456,Hyakujitsu no Bara: Jinginaki Nikukyuu-hen (2000),Animation
3457,Wooser no Sono Higurashi (2000),Animation
3458,Mondaiji-tachi ga Isekai kara Kuru Sou Desu yo? (2000),Animation
3459,One Piece: Episode of Nami - Koukaishi no Namida to Nakama no Kizuna (2000),Animation
3460,"Dakara Boku wa, H ga Dekinai. Recap (2000)",Animation
3461,Gintama Movie: Kanketsu-hen - Yorozuya yo Eien Nare (2000),Animation
3462,Kyousou Giga (2012) (2000),Animation
3463,Hyakka Ryouran: Samurai Bride (2000),Animation
3464,Kotoura-san (2000),Animation
3465,Kagaku na Yatsura (2000),Animation
3466,Arcana Famiglia: Capriccio - stile Arcana Famiglia (2000),Animation
3467,Gintama&#039;: Enchousen (2000),Animation
3468,Natsu-iro Kiseki: 15-kaime no Natsuyasumi (2000),Animation
3469,Kore wa Zombie Desu ka? of the Dead OVA (2000),Animation
3470,"Kono Danshi, Ningyo Hiroimashita. (2000)",Animation
3471,High School DxD New (2000),Animation
3472,Kuroko no Basket NG-shuu (2000),Animation
3473,Yu☆Gi☆Oh! Zexal Second (2000),Animation
3474,Yumekuri (2000),Animation
3475,Tsugou no Yoi Sexfriend? (2000),Animation
3476,Namanaka Hyaku Percent!: Katamusubi no Shinpa (2000),Animation
3477,Maken-Ki! Two (2000),Animation
3478,Date A Live (2000),Animation
3479,Joshiraku OVA (2000),Animation
3480,Brothers Conflict (2000),Animation
3481,"Kono Naka ni Hitori, Imouto ga Iru!: Ani, Imouto, Koibito (2000)",Animation
3482,Cardfight!! Vanguard: Link Joker-hen (2000),Animation
3483,Hakkenden: Touhou Hakken Ibun (2000),Animation
3484,Jinrui wa Suitai Shimashita Specials (2000),Animation
3485,Code:Breaker OVA (2000),Animation
3486,Puchimas!: Petit iDOLM@STER (2000),Animation
3487,Phi Brain: Kami no Puzzle - Shukuteki! Rätsel-hen (2000),Animation
3488,Chuunibyou demo Koi ga Shitai! Lite (2000),Animation
3489,Nekomonogatari: Kuro (2000),Animation
3490,Haiyore! Nyaruko-san W (2000),Animation
3491,Bakuman.: Deraman. (2000),Animation
3492,Oda Nobuna no Yabou Soushuuhen (2000),Animation
3493,Hagure Yuusha no Aesthetica: Hajirai Ippai (2000),Animation
3494,Tamayura: More Aggressive (2000),Animation
3495,Jormungand: Perfect Order - First Stage Soushuuhen (2000),Animation
3496,Senyuu. (2000),Animation
3497,Saint☆Oniisan (Movie) (2000),Animation
3498,Saint☆Oniisan (2000),Animation
3499,Puchimas!: Petit iDOLM@STER Episode 0 (2000),Animation
3500,Inazuma Eleven Go vs. Danball Senki W Movie (2000),Animation
3501,"Senki Zesshou Symphogear G: In the Distance, That Day, When the Star Became Music... (2000)",Animation
3502,Ro-Kyu-Bu!: Tomoka no Ichigo Sundae (2000),Animation
3503,Hataraku Maou-sama! (2000),Animation
3504,Girls und Panzer Specials (2000),Animation
3505,Majokko Shimai no Yoyo to Nene (2000),Animation
3506,Hitou Meguri Kakure Yu: Mao-hen (2000),Animation
3507,Tsun Tsun Maid wa Ero Ero Desu (2000),Animation
3508,Koiito Kinenbi The Animation (2000),Animation
3509,Iron Man: Rise of Technovore (2000),Animation
3510,Ginga Kikoutai Majestic Prince (2000),Animation
3511,Zettai Junshu☆Kyousei Kozukuri Kyokashou!! (2000),Animation
3512,Chuunibyou demo Koi ga Shitai!: Depth of Field - Ai to Nikushimi Gekijou (2000),Animation
3513,Oniichan dakedo Ai Sae Areba Kankeinai yo ne! Specials (2000),Animation
3514,Fantasista Doll (2000),Animation
3515,Hiyokoi (2012) (2000),Animation
3516,Yuyushiki (2000),Animation
3517,Carnival Phantasm: HibiChika Special (2000),Animation
3518,Vassalord. (2000),Animation
3519,Amagami SS+ Plus Picture Drama (2000),Animation
3520,Nurarihyon no Mago OVA (2000),Animation
3521,Seitokai no Ichizon Lv.2: Watasu Seitokai (2000),Animation
3522,Eureka Seven AO: Aratanari Fukaki Ao (2000),Animation
3523,Saki Achiga-hen: Episode of Side-A Specials (2000),Animation
3524,Kokoro Connect: Michi Random (2000),Animation
3525,Zettai Karen Children: The Unlimited - Hyoubu Kyousuke (2000),Animation
3526,Kamisama no Inai Nichiyoubi (2000),Animation
3527,Tokyo Ravens (2000),Animation
3528,Kuro to Kin no Akanai Kagi. (2000),Animation
3529,Karneval (2000),Animation
3530,Karneval (TV) (2000),Animation
3531,Toaru Kagaku no Railgun S (2000),Animation
3532,Ro-Kyu-Bu! SS (2000),Animation
3533,Aku no Onna Kanbu: Full Moon Night (2000),Animation
3534,Nagi no Asukara (2000),Animation
3535,Sword Art Online: Sword Art Offline (2000),Animation
3536,"Jinrui wa Suitai Shimashita: Ningen-san no, Yousei-san Memo (2000)",Animation
3537,Saki Zenkoku-hen (2000),Animation
3538,One Piece: Kinkyuu Kikaku One Piece Kanzen Kouryakuhou (2000),Animation
3539,Kick-Heart (2000),Animation
3540,Choujigen Game Neptune The Animation (2000),Animation
3541,Choboraunyopomi Gekijou Ai Mai Mii (2000),Animation
3542,Miboujin Nikki: Akogare no Ano Hito to Hitotsu Yane no Shita (2000),Animation
3543,Girls und Panzer: Shoukai Shimasu! (2000),Animation
3544,Aku no Hana (2000),Animation
3545,Bakumatsu Gijinden Roman (2000),Animation
3546,One Piece: Episode of Luffy - Hand Island no Bouken (2000),Animation
3547,"Yondemasu yo, Azazel-san. Z (2000)",Animation
3548,Acchi Kocchi (TV): Place=Princess (2000),Animation
3549,One Piece: Romance Dawn (2000),Animation
3550,Ishida to Asakura (2000),Animation
3551,Next A-Class (2000),Animation
3552,Muv-Luv Alternative: Total Eclipse Recap - Climax Chokuzen Special (2000),Animation
3553,Love Lab (2000),Animation
3554,Dansai Bunri no Crime Edge (2000),Animation
3555,Vanquished Queens (2000),Animation
3556,Dog Days&#039;&#039; (2000),Animation
3557,SKET Dance OVA (2000),Animation
3558,Photokano (2000),Animation
3559,Boku no Imouto wa &quot;Osaka Okan&quot; (2000),Animation
3560,Tamako Market (2000),Animation
3561,Dokidoki! Precure (2000),Animation
3562,Tenshi no Drop (2000),Animation
3563,Mondaiji-tachi ga Isekai kara Kuru Sou Desu yo?: Onsen Manyuuki (2000),Animation
3564,One Piece: Glorious Island (2000),Animation
3565,Sei Yariman Gakuen Enkou Nikki The Animation (2000),Animation
3566,Soushisouai Note The Animation (2000),Animation
3567,Shingeki no Kyojin (2000),Animation
3568,Devil Survivor 2 The Animation (2000),Animation
3569,Arata Kangatari (2000),Animation
3570,Suisei no Gargantia (2000),Animation
3571,Hal (2000),Animation
3572,Danganronpa: Kibou no Gakuen to Zetsubou no Koukousei The Animation (2000),Animation
3573,Shitcom (2000),Animation
3574,Busou Shinki OVA (2000),Animation
3575,Kotoura-san: Haruka no Heya (2000),Animation
3576,Fault!! Service: Aratanaru Rival (2000),Animation
3577,Zettai Junpaku♡Mahou Shoujo (2000),Animation
3578,Kaze Tachinu (2000),Animation
3579,Kaguya-hime no Monogatari (2000),Animation
3580,Kakumeiki Valvrave (2000),Animation
3581,Pokemon: Pikachu to Eevee Friends (2000),Animation
3582,Pokemon Best Wishes! Season 2: Shinsoku no Genosect - Mewtwo Kakusei (2000),Animation
3583,Sankarea: Wagahai mo... Zombie de Aru... (2000),Animation
3584,Higurashi no Naku Koro ni Kaku: Outbreak (2000),Animation
3585,Kami nomi zo Shiru Sekai: Megami-hen (2000),Animation
3586,Kiniro Mosaic (2000),Animation
3587,Watashi ga Motenai no wa Dou Kangaetemo Omaera ga Warui! (2000),Animation
3588,Mirai Nikki Redial (2000),Animation
3589,Inferno Cop (2000),Animation
3590,Kotonoha no Niwa (2000),Animation
3591,Tonari no Kaibutsu-kun: Tonari no Gokudou-kun (2000),Animation
3592,Sukitte Ii na yo.: Dareka ga (2000),Animation
3593,The Last: Naruto the Movie (2000),Animation
3594,Makai Ouji: Devils and Realist (2000),Animation
3595,Kuroko no Basket 2nd Season (2000),Animation
3596,K: Missing Kings (2000),Animation
3597,Namiuchigiwa no Muromi-san (2000),Animation
3598,Chu Shite Agechau: Oshikake Oneesan no Seikou Chiryou (2000),Animation
3599,Kuroko no Basket: Tip Off (2000),Animation
3600,Gin no Saji (2000),Animation
3601,Hiiro no Kakera: Totsugeki! Tonari no Ikemenzu (2000),Animation
3602,Chuunibyou demo Koi ga Shitai!: Kirameki no... Slapstick Noel (2000),Animation
3603,Hayate no Gotoku! Cuties (2000),Animation
3604,D.C.III: Da Capo III Special (2000),Animation
3605,Monogatari Series: Second Season (2000),Animation
3606,Soukyuu no Fafner: Dead Aggressor - Exodus (2000),Animation
3607,Aiura (2000),Animation
3608,Pokemon Best Wishes! Season 2: Episode N (2000),Animation
3609,Dareka no Manazashi (2000),Animation
3610,Nozoki Ana (2000),Animation
3611,Ghost in the Shell: Arise - Border:1 Ghost Pain (2000),Animation
3612,Cowboy Bebop: Ein no Natsuyasumi (2000),Animation
3613,Machine-Doll wa Kizutsukanai (2000),Animation
3614,Pretty Rhythm: Rainbow Live (2000),Animation
3615,Wanna. SpartanSex Spermax!!! (2000),Animation
3616,Kuroko no Basket: Oshaberi Shiyokka (2000),Animation
3617,Log Horizon (2000),Animation
3618,Futari wa Milky Holmes (2000),Animation
3619,Captain Harlock (2000),Animation
3620,Hetalia: The Beautiful World Specials (2000),Animation
3621,Code Geass: Soubou no Oz Picture Drama (2000),Animation
3622,Yama no Susume: Kabette Kowakunai no? (2000),Animation
3623,Senran Kagura Specials (2000),Animation
3624,Mangirl!: Asobu Henshuu Girl (2000),Animation
3625,Natsuyasumi. (2000),Animation
3626,Kingdom 2nd Season (2000),Animation
3627,Senyuu. Specials (2000),Animation
3628,Ark IX (2000),Animation
3629,Cyclops Shoujo Saipuu (2000),Animation
3630,Sukitte Ii na yo.: Mei and Marshmallow (2000),Animation
3631,Dog Days&#039; Specials (2000),Animation
3632,The iDOLM@STER Movie: Kagayaki no Mukougawa e! (2000),Animation
3633,Garden (2000),Animation
3634,Mushibugyou (2000),Animation
3635,Diabolik Lovers (2000),Animation
3636,Fairy Tail Movie 1: Houou no Miko - Hajimari no Asa (2000),Animation
3637,Ryou Seibai!: Gakuen Bishoujo Seisai Hiroku (2000),Animation
3638,Kotowari: Kimi no Kokoro no Koboreta Kakera (2000),Animation
3639,Non Non Biyori (2000),Animation
3640,Shakugan no Shana: Shana &amp; Yuuji no Naze Nani Shana! Nandemo Shitsumon-bako! (2000),Animation
3641,Myself ; Yourself Specials (2000),Animation
3642,Koitabi: True Tours Nanto (2000),Animation
3643,Miyakawa-ke no Kuufuku (2000),Animation
3644,Date A Live: Date to Date (2000),Animation
3645,Little Busters!: Sekai no Saitou wa Ore ga Mamoru! (2000),Animation
3646,Genei wo Kakeru Taiyou (2000),Animation
3647,Buki yo Saraba (2000),Animation
3648,Gambo (2000),Animation
3649,Zettai Bouei Leviathan (2000),Animation
3650,Toriko Movie: Bishokushin no Special Menu (2000),Animation
3651,Mobile Suit Gundam: The 08th MS Team - A Battle with the Third Dimension (2000),Animation
3652,Magical☆Star Kanon 100% (2000),Animation
3653,Grisaia no Kajitsu (2000),Animation
3654,Ketsuekigata-kun! (2000),Animation
3655,Hidamari Sketch: Sae Hiro Sotsugyou-hen (2000),Animation
3656,Kimi no Iru Machi (2000),Animation
3657,"Maoyuu Maou Yuusha: Kono Monogatari wa, Daniku dake Dewanai no ja! (2000)",Animation
3658,Kakushi Dere (2000),Animation
3659,"Saikin, Imouto no Yousu ga Chotto Okashiinda ga. (2000)",Animation
3660,Kyoto Animation: Megane-hen (2000),Animation
3661,Kyoto Animation: Suiei-hen (2000),Animation
3662,Stella Jogakuin Koutou-ka C³-bu (2000),Animation
3663,Daitoshokan no Hitsujikai (2000),Animation
3664,Inu to Hasami wa Tsukaiyou (2000),Animation
3665,Inferno Cop: Fact Files (2000),Animation
3666,Sparrow&#039;s Hotel (2000),Animation
3667,Namiuchigiwa no Muromi-san OVA (2000),Animation
3668,Nuki Doki! Tenshi to Akuma no Sakusei Battle (2000),Animation
3669,Pokemon Best Wishes! Season 2: Decolora Adventure (2000),Animation
3670,Papa no Iukoto wo Kikinasai! OVA (2000),Animation
3671,Tamako Market Specials (2000),Animation
3672,Golden Time (2000),Animation
3673,All Alone With You (2000),Animation
3674,Uchouten Kazoku (2000),Animation
3675,Houkago no Pleiades (TV) (2000),Animation
3676,The Everlasting Guilty Crown (2000),Animation
3677,Freezing Vibration (2000),Animation
3678,Rescue Me! (2000),Animation
3679,Rozen Maiden (2013) (2000),Animation
3680,Koi to Senkyo to Chocolate Special (2000),Animation
3681,Hakkenden: Touhou Hakken Ibun 2nd Season (2000),Animation
3682,Nourin (2000),Animation
3683,Inazuma Eleven Go: Galaxy (2000),Animation
3684,Recorder to Randoseru Mi☆ (2000),Animation
3685,Magi: The Kingdom of Magic (2000),Animation
3686,Servant x Service (2000),Animation
3687,Teekyuu 2 (2000),Animation
3688,Tonari no Seki-kun (2000),Animation
3689,Kyoukai no Kanata (2000),Animation
3690,Yowamushi Pedal: Special Ride (2000),Animation
3691,Yowamushi Pedal (2000),Animation
3692,Little Busters!: Refrain (2000),Animation
3693,Gatchaman Crowds (2000),Animation
3694,White Album 2 (2000),Animation
3695,IS: Infinite Stratos 2 (2000),Animation
3696,Strike the Blood (2000),Animation
3697,Kakumeiki Valvrave 2nd Season (2000),Animation
3698,Girls und Panzer: Fushou - Akiyama Yukari no Sensha Kouza (2000),Animation
3699,Fairy Tail x Rave (2000),Animation
3700,Shingeki no Kyojin OVA (2000),Animation
3701,Gingitsune (2000),Animation
3702,Puchitto Gargantia (2000),Animation
3703,Lupin III vs. Detective Conan: The Movie (2000),Animation
3704,Blood Lad: Wagahai wa Neko de wa Nai (2000),Animation
3705,Genshiken Nidaime (2000),Animation
3706,Kitakubu Katsudou Kiroku (2000),Animation
3707,Yozakura Quartet: Hana no Uta (2000),Animation
3708,Yozakura Quartet: Tsuki ni Naku (2000),Animation
3709,Free! (2000),Animation
3710,Senyuu. 2 (2000),Animation
3711,Rin x Sen + Ran -&gt; Sem: Cross Mix (2000),Animation
3712,Chocotan! (2000),Animation
3713,Girls und Panzer der Film (2000),Animation
3714,Girls und Panzer: Kore ga Hontou no Anzio-sen Desu! (2000),Animation
3715,JK to Orc Heidan: Aku Buta Oni ni Ryougyaku Sareta Seijo Gakuen (2000),Animation
3716,Kamisama Hajimemashita OVA (2000),Animation
3717,Chuunibyou demo Koi ga Shitai! Ren (2000),Animation
3718,Yuusha ni Narenakatta Ore wa Shibushibu Shuushoku wo Ketsui Shimashita. (2000),Animation
3719,Kill la Kill (2000),Animation
3720,Diamond no Ace (2000),Animation
3721,Joshikousei no Koshitsuki (2000),Animation
3722,Tenioha!: Onnanoko datte Honto wa Ecchi da yo? (2000),Animation
3723,Haiyore! Nyaruko-san: Yasashii Teki no Shitome-kata (2000),Animation
3724,Chihayafuru 2: Waga Mi Yo ni Furu Nagame Seshi Ma ni (2000),Animation
3725,Yahari Ore no Seishun Love Comedy wa Machigatteiru. OVA (2000),Animation
3726,BlazBlue: Alter Memory (2000),Animation
3727,Gifuu Doudou!!: Kanetsugu to Keiji (2000),Animation
3728,Natsume Yuujinchou: Nyanko-sensei to Hajimete no Otsukai (2000),Animation
3729,Fate/kaleid liner Prisma☆Illya: Undoukai de Dance! (2000),Animation
3730,Ore no Imouto ga Konnani Kawaii Wake ga Nai. Specials (2000),Animation
3731,Code Geass: Hangyaku no Lelouch - Kiseki no Birthday Picture Drama Flash Special (2000),Animation
3732,Aoki Hagane no Arpeggio: Ars Nova (2000),Animation
3733,Nisekoi (2000),Animation
3734,Ghost in the Shell: Arise - Another Mission (2000),Animation
3735,Takanashi Rikka Kai: Chuunibyou demo Koi ga Shitai! Movie (2000),Animation
3736,"Wake Up, Girls! (2000)",Animation
3737,Yuyushiki: Nyanyashiki (2000),Animation
3738,Imouto Paradise! 2 (2000),Animation
3739,Pokemon: Mewtwo - Kakusei e no Prologue (2000),Animation
3740,Fate/kaleid liner Prisma☆Illya Specials (2000),Animation
3741,Love Live! School Idol Project 2nd Season (2000),Animation
3742,Giovanni no Shima (2000),Animation
3743,Toaru Hikuushi e no Koiuta (2000),Animation
3744,One Piece: Episode of Merry - Mou Hitori no Nakama no Monogatari (2000),Animation
3745,Turning Girls (2000),Animation
3746,Walkure Romanze (2000),Animation
3747,Genshiken Nidaime OVA (2000),Animation
3748,Date A Live II (2000),Animation
3749,Fate/Zero Cafe (2000),Animation
3750,Ghost in the Shell: Arise - Border:2 Ghost Whispers (2000),Animation
3751,Ghost in the Shell: Arise - Border:3 Ghost Tears (2000),Animation
3752,Ghost in the Shell: Arise - Border:4 Ghost Stands Alone (2000),Animation
3753,Suisei no Gargantia Specials (2000),Animation
3754,"Ore no Nounai Sentakushi ga, Gakuen Love Comedy wo Zenryoku de Jama Shiteiru (2000)",Animation
3755,Uta no☆Prince-sama♪ Maji Love 2000%: Shining Star Xmas (2000),Animation
3756,Hyakka Ryouran: Samurai Bride Specials (2000),Animation
3757,Meganebu! (2000),Animation
3758,Gintama x Mameshiba (2000),Animation
3759,Shingeki no Kyojin: Ano Hi Kara (2000),Animation
3760,Pokemon XY (2000),Animation
3761,Pupa (2000),Animation
3762,Gundam Build Fighters (2000),Animation
3763,Gin no Saji 2nd Season (2000),Animation
3764,Samurai Flamenco (2000),Animation
3765,Galilei Donna (2000),Animation
3766,Outbreak Company (2000),Animation
3767,Yami Shibai (2000),Animation
3768,Shingeki no Kyojin Picture Drama (2000),Animation
3769,Akuma no Riddle (2000),Animation
3770,Saiki Kusuo no Ψ-nan (2000),Animation
3771,Little Witch Academia: Mahoujikake no Parade (2000),Animation
3772,Naruto Shippuuden: Sunny Side Battle (2000),Animation
3773,Short Peace Opening (2000),Animation
3774,Kobayashi ga Kawai sugite Tsurai!! (2000),Animation
3775,New Initial D Movie: Legend 1 - Kakusei (2000),Animation
3776,Tayu Tayu (2000),Animation
3777,Hajime no Ippo: Rising (2000),Animation
3778,Neppuu Kairiku Bushi Road (2000),Animation
3779,Kuroko no Basket: Baka ja Katenai no yo! (2000),Animation
3780,Free!: FrFr - Short Movie (2000),Animation
3781,Kanojo ga Flag wo Oraretara (2000),Animation
3782,Toaru Kagaku no Railgun S: Motto Marutto Railgun (2000),Animation
3783,Kyousou Giga (TV) (2000),Animation
3784,Ansatsu Kyoushitsu (2000),Animation
3785,Mahou Sensou (2000),Animation
3786,Sidonia no Kishi (2000),Animation
3787,Robot Girls Z (2000),Animation
3788,No Game No Life (2000),Animation
3789,Super Seisyun Brothers (2000),Animation
3790,Nobunagun (2000),Animation
3791,Genshiken Nidaime Specials (2000),Animation
3792,Tesagure! Bukatsumono (2000),Animation
3793,Zoku Natsume Yuujinchou: 3D Nyanko-sensei Gekijou (2000),Animation
3794,Hunter x Hunter Movie: The Last Mission (2000),Animation
3795,Zetsumetsu Kigu Shoujo: Amazing Twins (2000),Animation
3796,Sword Art Online: Extra Edition (2000),Animation
3797,D-Frag! (2000),Animation
3798,Miss Monochrome: The Animation (2000),Animation
3799,Toaru Majutsu no Index: Endymion no Kiseki Special (2000),Animation
3800,Kill Me Baby: Butsuzou Kegatte Nise Halloween (2000),Animation
3801,IS: Infinite Stratos 2 - Hitonatsu no Omoide (2000),Animation
3802,Sakura Trick (2000),Animation
3803,Wizard Barristers: Benmashi Cecil (2000),Animation
3804,Space☆Dandy (2000),Animation
3805,Pokemon: The Origin (2000),Animation
3806,Genei wo Kakeru Taiyou: Fumikomenai Kokoro (2000),Animation
3807,Minami-ke Natsuyasumi (2000),Animation
3808,Wooser no Sono Higurashi: Kakusei-hen (2000),Animation
3809,Koroshiya-san: The Hired Gun (2000),Animation
3810,Yamada-kun to 7-nin no Majo (2000),Animation
3811,Another: Misaki Mei - Shizuka ni (2000),Animation
3812,Sekaiichi Hatsukoi Movie: Yokozawa Takafumi no Baai (2000),Animation
3813,Dorei Usagi to Anthony The Animation (2000),Animation
3814,Kamisama no Inai Nichiyoubi: Kioku (2000),Animation
3815,Hoozuki no Reitetsu (2000),Animation
3816,"Watashi ga Motenai no wa Dou Kangaetemo Omaera ga Warui!: Motenaishi, Nazomeite Miru (2000)",Animation
3817,"Inari, Konkon, Koi Iroha. (2000)",Animation
3818,Teekyuu 3 (2000),Animation
3819,Choujigen Game Neptune The Animation OVA (2000),Animation
3820,Noragami (2000),Animation
3821,Fate/kaleid liner Prisma☆Illya 2wei! (2000),Animation
3822,Little Busters!: EX (2000),Animation
3823,Z/X: Ignition (2000),Animation
3824,Mikakunin de Shinkoukei (2000),Animation
3825,Bayonetta: Bloody Fate (2000),Animation
3826,Yuusha ni Narenakatta Ore wa Shibushibu Shuushoku wo Ketsui Shimashita. OVA (2000),Animation
3827,SoniAni: Super Sonico The Animation (2000),Animation
3828,Haikyuu!! (2000),Animation
3829,Kimi no Iru Machi OVA (2000),Animation
3830,Natsume Yuujinchou: Itsuka Yuki no Hi ni (2000),Animation
3831,Amnesia OVA (2000),Animation
3832,Hinata no Aoshigure (2000),Animation
3833,Hamatora The Animation (2000),Animation
3834,Sabagebu! (2000),Animation
3835,Kyousou Giga (TV) Recaps (2000),Animation
3836,Pokemon Best Wishes! Season 2: Decolora Adventure - Dent to Takeshi! Gyarados no Gekirin!! (2000),Animation
3837,Love Live! School Idol Project OVA (2000),Animation
3838,Noragami OVA (2000),Animation
3839,Mahouka Koukou no Rettousei (2000),Animation
3840,Black Bullet (2000),Animation
3841,Koakuma Kanojo The Animation (2000),Animation
3842,Sekaiichi Hatsukoi: Valentine-hen (2000),Animation
3843,"Senki Zesshou Symphogear G: In the Distance, That Day, When the Star Became Music... Specials (2000)",Animation
3844,Seitokai Yakuindomo* (2000),Animation
3845,Oni Chichi 2: Revenge (2000),Animation
3846,Hitsugi no Chaika (2000),Animation
3847,Nissan Serena x One Piece 3D: Mugiwara Chase - Sennyuu!! Sauzando Sanii-gou (2000),Animation
3848,Music S.T.A.R.T!! (2000),Animation
3849,Kuro no Sumika: Chronus (2000),Animation
3850,JoJo no Kimyou na Bouken: Stardust Crusaders (2000),Animation
3851,Harmonie (2000),Animation
3852,Ookii 1 Nensei to Chiisana 2 Nensei (2000),Animation
3853,Kyoukai no Kanata: Mini Theater (2000),Animation
3854,Diabolik Lovers Recap (2000),Animation
3855,Oneechan ga Kita (2000),Animation
3856,"Ore no Nounai Sentakushi ga, Gakuen Love Comedy wo Zenryoku de Jama Shiteiru OVA (2000)",Animation
3857,Wonder Garden (2000),Animation
3858,Kiniro no Corda: Blue♪Sky (2000),Animation
3859,Sekai Seifuku: Bouryaku no Zvezda (2000),Animation
3860,Tonari no Seki-kun OVA (2000),Animation
3861,Yozakura Quartet: Yoza-Quar! (2000),Animation
3862,Dekakute Ecchi na Ore no Ane (2000),Animation
3863,Sekai de Ichiban Tsuyoku Naritai! Specials (2000),Animation
3864,Marvel Disk Wars: The Avengers (2000),Animation
3865,Seikoku no Dragonar (2000),Animation
3866,Gatchaman Crowds Insight (2000),Animation
3867,Strange+ (2000),Animation
3868,Amanee!: Tomodachinchi de Konna Koto ni Naru Nante! (2000),Animation
3869,Puchimas!!: Petit Petit iDOLM@STER (2000),Animation
3870,Hetalia: The Beautiful World Extra Disc (2000),Animation
3871,Witch Craft Works (2000),Animation
3872,Oni Chichi: Rebuild (2000),Animation
3873,Utopia (2000),Animation
3874,Love Stage!! (2000),Animation
3875,Escha &amp; Logy no Atelier: Tasogare no Sora no Renkinjutsushi (2000),Animation
3876,Nobunaga the Fool (2000),Animation
3877,Baby Steps (2000),Animation
3878,"Wake Up, Girls! Shichinin no Idol (2000)",Animation
3879,Soul Eater: Late Night Show (2000),Animation
3880,Teekyuu 2 Specials (2000),Animation
3881,Log Horizon Recap (2000),Animation
3882,Kyoukai no Kanata: Idol Saiban! Mayoi Nagara mo Kimi wo Sabaku Tami (2000),Animation
3883,Go! Go! 575 (2000),Animation
3884,Gochuumon wa Usagi Desu ka? (2000),Animation
3885,Pupipo! (2000),Animation
3886,Isshuukan Friends. (2000),Animation
3887,Mushishi Special: Hihamukage (2000),Animation
3888,Double Circle (2000),Animation
3889,Psycho-Pass Movie (2000),Animation
3890,Tokyo ESP (2000),Animation
3891,Freezing Vibration Specials (2000),Animation
3892,Bokura wa Minna Kawaisou (2000),Animation
3893,Happiness Charge Precure! (2000),Animation
3894,Machine-Doll wa Kizutsukanai Specials (2000),Animation
3895,Detective Conan Movie 18: The Sniper from Another Dimension (2000),Animation
3896,Mahou Shoujo Taisen (2000),Animation
3897,Minna Atsumare! Falcom Gakuen (2000),Animation
3898,Gokukoku no Brynhildr (2000),Animation
3899,Yama no Susume Second Season (2000),Animation
3900,Buddy Complex (2000),Animation
3901,Uta no☆Prince-sama♪ Maji Love Revolutions (2000),Animation
3902,Stand By Me Doraemon (2000),Animation
3903,Persona 3 the Movie 2: Midsummer Knight&#039;s Dream (2000),Animation
3904,Denpa Kyoushi (2000),Animation
3905,Sengoku Musou SP: Sanada no Shou (2000),Animation
3906,Soul Eater NOT! (2000),Animation
3907,Kantai Collection: KanColle (2000),Animation
3908,Futabu! (2000),Animation
3909,Hentai Ouji to Warawanai Neko.: Henneko BBS (2000),Animation
3910,Omoide no Marnie (2000),Animation
3911,Ryuugajou Nanana no Maizoukin (TV) (2000),Animation
3912,Kamigami no Asobi (2000),Animation
3913,Pokemon XY: Hakai no Mayu to Diancie (2000),Animation
3914,Senki Zesshou Symphogear GX: Believe in Justice and Hold a Determination to Fist. (2000),Animation
3915,Ghost in the Shell: Arise - Logicoma Specials (2000),Animation
3916,Mou Hitotsu no Mirai wo. (2000),Animation
3917,Yabai! Fukushuu Yami Site (2000),Animation
3918,Mekakucity Actors (2000),Animation
3919,GJ-bu@ (2000),Animation
3920,Tamako Love Story (2000),Animation
3921,Mitsuwano (2000),Animation
3922,IS: Infinite Stratos 2 - World Purge-hen (2000),Animation
3923,Kill la Kill Special (2000),Animation
3924,Non Non Biyori: Okinawa e Ikukoto ni Natta (2000),Animation
3925,Captain Earth (2000),Animation
3926,"Saikin, Imouto no Yousu ga Chotto Okashiinda ga. OVA (2000)",Animation
3927,Hanayamata (2000),Animation
3928,Pokemon XY SP: Road to Kalos (2000),Animation
3929,Cardfight!! Vanguard: Legion Mate-hen (2000),Animation
3930,"Tamayura: More Aggressive - Tsuitachi dake no Shuugakuryokou, Nanode (2000)",Animation
3931,Donten ni Warau (2000),Animation
3932,Okusama wa Moto Yariman (2000),Animation
3933,New Prince of Tennis OVA vs. Genius10 (2000),Animation
3934,Romantica Clock (2000),Animation
3935,Sugar*Soldier (2000),Animation
3936,Tsubasa to Hotaru (2000),Animation
3937,Chuunibyou demo Koi ga Shitai! Ren Lite (2000),Animation
3938,Kenzen Robo Daimidaler (2000),Animation
3939,Fuuun Ishin Dai☆Shogun (2000),Animation
3940,Fella Pure: Mitarashi-san Chi no Jijou The Animation (2000),Animation
3941,Majin Bone (2000),Animation
3942,Shingeki no Bahamut: Genesis (2000),Animation
3943,Ushinawareta Mirai wo Motomete (2000),Animation
3944,Love Live! School Idol Project Recap (2000),Animation
3945,Hanamonogatari (2000),Animation
3946,Mangaka-san to Assistant-san to The Animation (2000),Animation
3947,The Disappearance of Conan Edogawa: The Worst Two Days in History (2000),Animation
3948,Sword Art Online: Sword Art Offline - Extra Edition (2000),Animation
3949,Sword Art Online II (2000),Animation
3950,Gintama: Yorinuki Gintama-san on Theater 2D (2000),Animation
3951,Chichiiro Toiki (2000),Animation
3952,Mushishi Zoku Shou (2000),Animation
3953,Ao Haru Ride (2000),Animation
3954,Fairy Tail (2014) (2000),Animation
3955,"Inari, Konkon, Koi Iroha.: Inari, Konkon, Semishigure. (2000)",Animation
3956,Swing Out Sisters (2014) (2000),Animation
3957,Mikakunin de Shinkoukei: Mite. Are ga Watashitachi no Tomatteiru Ryokan yo. (2000),Animation
3958,Magi: Sinbad no Bouken (2000),Animation
3959,Soredemo Sekai wa Utsukushii (2000),Animation
3960,Witch Craft Works OVA (2000),Animation
3961,Inugami-san to Nekoyama-san (2000),Animation
3962,Kuroko no Basket: Mou Ikkai Yarimasen ka (2000),Animation
3963,Ping Pong The Animation (2000),Animation
3964,Kuroshitsuji: Book of Circus (2000),Animation
3965,Amagi Brilliant Park (2000),Animation
3966,Futsuu no Joshikousei ga [Locodol] Yattemita. (2000),Animation
3967,Akame ga Kill! (2000),Animation
3968,Momo Kyun Sword (2000),Animation
3969,Free!: Eternal Summer (2000),Animation
3970,Selector Infected WIXOSS (2000),Animation
3971,Fate/stay night: Unlimited Blade Works (2000),Animation
3972,Tokyo Ghoul (2000),Animation
3973,Teekyuu 3 Specials (2000),Animation
3974,Pandra The Animation: Shiroki Yokubou Kuro no Kibou (2000),Animation
3975,Sanzoku no Musume Ronja (2000),Animation
3976,Wonder Momo (2000),Animation
3977,Itadaki! Seieki♥ (2000),Animation
3978,Break Blade (2000),Animation
3979,Initial D Final Stage (2000),Animation
3980,Kiseijuu: Sei no Kakuritsu (2000),Animation
3981,Yami Shibai 2nd Season (2000),Animation
3982,"One More Time, One More Chance (2000)",Animation
3983,Blade &amp; Soul (2000),Animation
3984,One Piece: Cry Heart (2000),Animation
3985,Seiken Tsukai no World Break (2000),Animation
3986,Kuroko no Basket 2nd Season NG-shuu (2000),Animation
3987,Appleseed Alpha (2000),Animation
3988,Terra Formars (2000),Animation
3989,Terra Formars: Bugs 2-hen (2000),Animation
3990,Lady Jewelpet (2000),Animation
3991,Dragon Ball Z: Summer Vacation Special (2000),Animation
3992,Dragon Ball Z: Zenbu Misemasu Toshi Wasure Dragon Ball Z! (2000),Animation
3993,Aldnoah.Zero (2000),Animation
3994,Dragon Collection (2000),Animation
3995,Brothers Conflict Special (2000),Animation
3996,Toaru Kagaku no Railgun S: Daiji na Koto wa Zenbu Sentou ni Osowatta (2000),Animation
3997,Kara no Kyoukai: Mirai Fukuin - Extra Chorus (2000),Animation
3998,Dragon Ball Kai (2014) (2000),Animation
3999,Barakamon (2000),Animation
4000,Kindaichi Shounen no Jikenbo Returns (2000),Animation
4001,Aikatsu! Movie (2000),Animation
4002,Abarenbou Rikishi!! Matsutarou (2000),Animation
4003,Himegoto (2000),Animation
4004,Cross Road (2000),Animation
4005,Kara no Kyoukai: Mirai Fukuin - Manner Movie (2000),Animation
4006,Takanashi Rikka Kai: Chuunibyou demo Koi ga Shitai! Movie Lite (2000),Animation
4007,Rokujouma no Shinryakusha!? (TV) (2000),Animation
4008,Seirei Tsukai no Blade Dance (2000),Animation
4009,Date A Live: Encore OVA (2000),Animation
4010,Furueru Kuchibiru (2000),Animation
4011,Bakumatsu Rock (2000),Animation
4012,Glasslip (2000),Animation
4013,Hamatora The Animation: Saishuukai Chokuzen! Mao ga Okuru Soushuuhen Special (2000),Animation
4014,Jinsei (2000),Animation
4015,M3: Sono Kuroki Hagane (2000),Animation
4016,Shounen Hollywood: Holly Stage for 49 (2000),Animation
4017,Hayate no Gotoku! OVA (2000),Animation
4018,Kyoukai no Rinne (2000),Animation
4019,Durarara!!x2 Shou (2000),Animation
4020,Sengoku Basara: Judge End (2000),Animation
4021,Sora no Method (2000),Animation
4022,Kantoku Fuyuki Todoki (2000),Animation
4023,Yuru Yuri Nachuyachumi! (2000),Animation
4024,Mikakunin de Shinkoukei: Kamoniku tte Midori-ppoi Aji ga Suru no ne. (2000),Animation
4025,Shinmai Maou no Testament (2000),Animation
4026,Chuunibyou demo Koi ga Shitai! Ren Specials (2000),Animation
4027,Uchuu Senkan Yamato 2199: Hoshimeguru Hakobune (2000),Animation
4028,Gugure! Kokkuri-san (2000),Animation
4029,Gundam: G no Reconguista (2000),Animation
4030,Hello!! Kiniro Mosaic (2000),Animation
4031,Shigatsu wa Kimi no Uso (2000),Animation
4032,Saenai Heroine no Sodatekata (2000),Animation
4033,Psycho-Pass 2 (2000),Animation
4034,Zankyou no Terror (2000),Animation
4035,Poulette no Isu (2000),Animation
4036,Gekkan Shoujo Nozaki-kun (2000),Animation
4037,Lupin the IIIrd: Jigen Daisuke no Bohyou (2000),Animation
4038,Pokemon Best Wishes! Season 2: Decolora Adventure - Iris vs. Ibuki! Dragon Master e no Michi!! (2000),Animation
4039,Pokemon XY: Mega Evolution (2000),Animation
4040,Rail Wars! (2000),Animation
4041,Garo: Honoo no Kokuin (2000),Animation
4042,Kuroshitsuji: Book of Murder (2000),Animation
4043,"Suisei no Gargantia: Meguru Kouro, Haruka (2000)",Animation
4044,Log Horizon 2nd Season (2000),Animation
4045,Shirogane no Ishi: Argevollen (2000),Animation
4046,Space☆Dandy 2nd Season (2000),Animation
4047,DRAMAtical Murder (2000),Animation
4048,Mahouka Koukou no Rettousei: Yoku Wakaru Mahouka! (2000),Animation
4049,Code Geass: Boukoku no Akito 2 - Hikisakareshi Yokuryuu Picture Drama (2000),Animation
4050,Bakuman. 3rd Season Specials (2000),Animation
4051,Ore no Imouto ga Konnani Kawaii Wake ga Nai.: Ore no Imouto ga Konnani Eroge na Wake Nai (2000),Animation
4052,Bakuman. 2nd Season Special (2000),Animation
4053,D-Frag! OVA (2000),Animation
4054,Kyoukai no Kanata: Shinonome (2000),Animation
4055,Minami no Shima no Dera-chan (2000),Animation
4056,Tokyo Ravens: Kon ga Oshiete Moshi Agemasu! Maru Wakari Tokyo Ravens (2000),Animation
4057,Re:␣Hamatora (2000),Animation
4058,Mujaki no Rakuen (2000),Animation
4059,Karneval Specials (2000),Animation
4060,Oneechan ga Kita Special (2000),Animation
4061,Shin Strange+ (2000),Animation
4062,Toki wa Meguru: Tokyo Station (2000),Animation
4063,Love Stage!! OVA (2000),Animation
4064,"Ano Natsu de Matteru: Bokutachi wa Koukou Saigo no Natsu wo Sugoshinagara, Ano Natsu de Matteiru. (2000)",Animation
4065,Sekai Seifuku: Bouryaku no Zvezda - Shin Zvezda Daisakusen (2000),Animation
4066,Itadaki! Seieki♥ Special (2000),Animation
4067,Witch Craft Works Specials (2000),Animation
4068,Choboraunyopomi Gekijou Dai Ni Maku Ai Mai Mii: Mousou Catastrophe (2000),Animation
4069,12-sai. (2000),Animation
4070,The iDOLM@STER Cinderella Girls (2000),Animation
4071,Ninja Slayer From Animation (2000),Animation
4072,Haiyore! Nyaruko-san W OVA (2000),Animation
4073,Non Non Biyori Repeat (2000),Animation
4074,Aoki Hagane no Arpeggio: Ars Nova - Kirikumas (2000),Animation
4075,Ookami Shoujo to Kuro Ouji (2000),Animation
4076,Kara no Kyoukai: Manner Movies (2000),Animation
4077,Toradora! OVA (2000),Animation
4078,Gatchaman Crowds: Embrace (2000),Animation
4079,Strike Witches: Operation Victory Arrow (2000),Animation
4080,Kenzen Robo Daimidaler Specials (2000),Animation
4081,Nanatsu no Taizai (2000),Animation
4082,Shingeki no Kyojin Movie 1: Guren no Yumiya (2000),Animation
4083,Shingeki no Kyojin Movie 2: Jiyuu no Tsubasa (2000),Animation
4084,Blade &amp; Soul Specials (2000),Animation
4085,Hi☆sCoool! SeHa Girls (2000),Animation
4086,Mahou Shoujo Madoka★Magica Movie 3: Hangyaku no Monogatari - Magica Quartet x Nisioisin (2000),Animation
4087,Yahari Ore no Seishun Love Comedy wa Machigatteiru. Zoku (2000),Animation
4088,Majimoji Rurumo (2000),Animation
4089,Futari Ecchi (2014) (2000),Animation
4090,Sarusuberi: Miss Hokusai (2000),Animation
4091,Maken-Ki! Two Specials (2000),Animation
4092,Lance N&#039; Masques (2000),Animation
4093,Shijou Saikyou no Deshi Kenichi Specials (2000),Animation
4094,Denki-gai no Honya-san (2000),Animation
4095,Selector Spread WIXOSS (2000),Animation
4096,Persona 4 the Golden Animation (2000),Animation
4097,Taimadou Gakuen 35 Shiken Shoutai (2000),Animation
4098,Nobunaga Concerto (2000),Animation
4099,Ao Haru Ride OVA (2000),Animation
4100,Mushibugyou OVA (2000),Animation
4101,Nozo x Kimi (2000),Animation
4102,Orenchi no Furo Jijou (2000),Animation
4103,Nisekoi OVA (2000),Animation
4104,Hitsugi no Chaika: Avenging Battle (2000),Animation
4105,Hitsugi no Chaika OVA (2000),Animation
4106,Iinari! Saimin Kanojo (2000),Animation
4107,Yowamushi Pedal: Grande Road (2000),Animation
4108,Tonari no Seki-kun Specials (2000),Animation
4109,Spocon! (2000),Animation
4110,World Trigger (2000),Animation
4111,Kuroko no Basket 3rd Season (2000),Animation
4112,Daze (2000),Animation
4113,Kekkai Sensen (2000),Animation
4114,Kanojo ga Flag wo Oraretara OVA (2000),Animation
4115,Madan no Ou to Vanadis (2000),Animation
4116,Tales of Zestiria: Doushi no Yoake (2000),Animation
4117,Buddy Complex: Kanketsu-hen - Ano Sora ni Kaeru Mirai de (2000),Animation
4118,Hoozuki no Reitetsu OVA (2000),Animation
4119,Mangaka-san to Assistant-san to The Animation Specials (2000),Animation
4120,Ane Log: Moyako Neesan no Tomaranai Monologue (2000),Animation
4121,Persona 3 the Movie 3: Falling Down (2000),Animation
4122,Gundam Build Fighters Try (2000),Animation
4123,Yamada-kun to 7-nin no Majo (OVA) (2000),Animation
4124,Koufuku Graffiti (2000),Animation
4125,Baku Ane: Otouto Shibocchau zo! The Animation (2000),Animation
4126,Date A Live Movie: Mayuri Judgment (2000),Animation
4127,Mushishi Zoku Shou: Odoro no Michi (2000),Animation
4128,Gokukoku no Brynhildr Special (2000),Animation
4129,Ai Tenchi Muyou! (2000),Animation
4130,Mushishi Zoku Shou 2nd Season (2000),Animation
4131,High School DxD BorN (2000),Animation
4132,"Ore, Twintail ni Narimasu. (2000)",Animation
4133,Miss Monochrome: The Animation - Soccer-hen (2000),Animation
4134,Baka to Test to Shoukanjuu Ni!: Mahou Hideyoshi Hideyoshi (2000),Animation
4135,Akuma no Riddle: Shousha wa Dare? Nukiuchi Test (2000),Animation
4136,Gakkougurashi! (2000),Animation
4137,Imawa no Kuni no Alice (OVA) (2000),Animation
4138,Isshuukan Friends. Specials (2000),Animation
4139,Days (2000),Animation
4140,Ansatsu Kyoushitsu (TV) (2000),Animation
4141,Mobile Suit Gundam-san (2000),Animation
4142,Girlfriend (Kari) (2000),Animation
4143,Juuou Mujin no Fafnir (2000),Animation
4144,Sidonia no Kishi: Daikyuu Wakusei Seneki (2000),Animation
4145,Kaitou Joker (2000),Animation
4146,Bokura wa Minna Kawaisou: Hajimete no (2000),Animation
4147,Aoki Hagane no Arpeggio: Ars Nova DC (2000),Animation
4148,Aoki Hagane no Arpeggio: Ars Nova Cadenza (2000),Animation
4149,Recorder to Randoseru Mi☆ Special (2000),Animation
4150,No Game No Life Specials (2000),Animation
4151,Love Live! The School Idol Movie (2000),Animation
4152,Fate/kaleid liner Prisma☆Illya 2wei! Specials (2000),Animation
4153,Akatsuki no Yona (2000),Animation
4154,Kyoukai no Kanata Movie: I&#039;ll Be Here - Kako-hen (2000),Animation
4155,Barakamon: Mijikamon (2000),Animation
4156,Ore ga Ojousama Gakkou ni &quot;Shomin Sample&quot; Toshite Gets♥Sareta Ken (2000),Animation
4157,Ryuugajou Nanana no Maizoukin (TV) Specials (2000),Animation
4158,"Kono Danshi, Sekika ni Nayandemasu. (2000)",Animation
4159,Trinity Seven (2000),Animation
4160,Inou-Battle wa Nichijou-kei no Naka de (2000),Animation
4161,One Piece 3D2Y: Ace no shi wo Koete! Luffy Nakama Tono Chikai (2000),Animation
4162,Gangsta. (2000),Animation
4163,Akame ga Kill! Theater (2000),Animation
4164,Kuusen Madoushi Kouhosei no Kyoukan (2000),Animation
4165,Seirei Tsukai no Blade Dance Specials (2000),Animation
4166,Haikyuu!! OVA (2000),Animation
4167,Gintama: Jump Festa 2014 Special (2000),Animation
4168,Diamond no Ace OVA (2000),Animation
4169,Rance 01: Hikari wo Motomete The Animation (2000),Animation
4170,Dragon Ball Z Movie 15: Fukkatsu no F (2000),Animation
4171,Absolute Duo (2000),Animation
4172,Isuca (2000),Animation
4173,Chain Chronicle: Short Animation (2000),Animation
4174,Brothers Conflict OVA (2000),Animation
4175,Magic Kaito 1412 (2000),Animation
4176,Yuuki Yuuna wa Yuusha de Aru (2000),Animation
4177,DRAMAtical Murder OVA: Data_xx_Transitory (2000),Animation
4178,Sabagebu! Specials (2000),Animation
4179,Junjou Romantica 3 (2000),Animation
4180,Boy Meets Harem The Animation (2000),Animation
4181,Kamisama Hajimemashita◎ (2000),Animation
4182,Digimon Adventure tri. 1: Saikai (2000),Animation
4183,Hyakka Ryouran: Samurai After (2000),Animation
4184,"Futsuu no Joshikousei ga [Locodol] Yattemita.: Nagarekawa, Annai Shitemita. (2000)",Animation
4185,Tamayura: Sotsugyou Shashin Part 1 - Kizashi (2000),Animation
4186,Cross Ange: Tenshi to Ryuu no Rondo (2000),Animation
4187,Yowamushi Pedal: Re:RIDE (2000),Animation
4188,Shingeki no Kyojin: Kuinaki Sentaku (2000),Animation
4189,Shouwa Genroku Rakugo Shinjuu: Yotarou Hourou-hen (2000),Animation
4190,Pokemon the Movie XY: Ring no Choumajin Hoopa (2000),Animation
4191,Shirobako (2000),Animation
4192,Bonjour♪Koiaji Pâtisserie (2000),Animation
4193,Re-Kan! (2000),Animation
4194,Inugami-san to Nekoyama-san Special (2000),Animation
4195,Rolling☆Girls (2000),Animation
4196,"Wake Up, Girl Zoo! (2000)",Animation
4197,Working!!! (2000),Animation
4198,Love Live! School Idol Project: μ&#039;s →NEXT LoveLive! 2014 - Endless Parade Makuai Drama (2000),Animation
4199,Glass no Hana to Kowasu Sekai (2000),Animation
4200,Mahou Shoujo Lyrical Nanoha ViVid (2000),Animation
4201,Rokujouma no Shinryakusha!? (2000),Animation
4202,Haiyore! Nyaruko-san F (2000),Animation
4203,JoJo no Kimyou na Bouken: Stardust Crusaders 2nd Season (2000),Animation
4204,Fate/kaleid liner Prisma☆Illya 2wei! OVA (2000),Animation
4205,Military! (2000),Animation
4206,Yuri Kuma Arashi (2000),Animation
4207,Ikkitousen: Extravaganza Epoch (2000),Animation
4208,Free!: Eternal Summer Special (2000),Animation
4209,Owari no Seraph (2000),Animation
4210,Danna ga Nani wo Itteiru ka Wakaranai Ken (2000),Animation
4211,Nagato Yuki-chan no Shoushitsu (2000),Animation
4212,Persona 4 the Golden Animation: Thank you Mr. Accomplice (2000),Animation
4213,Teekyuu 4 (2000),Animation
4214,Junketsu no Maria (2000),Animation
4215,Triage X (2000),Animation
4216,Akame ga Kill! Recap (2000),Animation
4217,Under the Dog (2000),Animation
4218,Ghost in the Shell (2015) (2000),Animation
4219,Diabolik Lovers OVA (2000),Animation
4220,"Tari Tari: Kumottari, Kagayaitari, Mata Itsuka Utattari (2000)",Animation
4221,Show By Rock!! (2000),Animation
4222,Karen Senki (2000),Animation
4223,Toaru Majutsu no Index 10th Anniversary PV (2000),Animation
4224,Fate/kaleid liner Prisma☆Illya 2wei Herz! (2000),Animation
4225,Chuunibyou demo Koi ga Shitai! Ren: The Rikka Wars (2000),Animation
4226,Selector Infected WIXOSS: Midoriko-san to Piruruku-tan (2000),Animation
4227,Ane Log: Moyako Neesan no Honpen wo Tobidashite Tomaranai Monologue (2000),Animation
4228,Tantei Kageki Milky Holmes TD (2000),Animation
4229,God Eater (2000),Animation
4230,Gekkan Shoujo Nozaki-kun Specials (2000),Animation
4231,Aldnoah.Zero 2nd Season (2000),Animation
4232,Baby Steps 2nd Season (2000),Animation
4233,Binan Koukou Chikyuu Bouei-bu LOVE! (2000),Animation
4234,Shounen Hollywood: Holly Stage for 50 (2000),Animation
4235,Plastic Memories (2000),Animation
4236,Nisekoi: (2000),Animation
4237,Cardfight!! Vanguard G (2000),Animation
4238,Fate/stay night: Unlimited Blade Works - Prologue (2000),Animation
4239,Heavy Object (2000),Animation
4240,Durarara!!x2 Ten (2000),Animation
4241,Durarara!!x2 Ketsu (2000),Animation
4242,Madan no Ou to Vanadis: Tigre-kun to Vanadi-chu (2000),Animation
4243,Yama no Susume Second Season Specials (2000),Animation
4244,Sword Art Online II: Debriefing (2000),Animation
4245,Tokyo Ghoul √A (2000),Animation
4246,Anime de Wakaru Shinryounaika (2000),Animation
4247,Urawa no Usagi-chan (2000),Animation
4248,Afro Samurai Pilot (2000),Animation
4249,Gugure! Kokkuri-san Specials (2000),Animation
4250,Lupin III (2015) (2000),Animation
4251,Steins;Gate: Soumei Eichi no Cognitive Computing (2000),Animation
4252,Senran Kagura: Estival Versus - Shoujo-tachi no Sentaku (2000),Animation
4253,Hana to Alice: Satsujin Jiken (2000),Animation
4254,Hibike! Euphonium (2000),Animation
4255,K: Return of Kings (2000),Animation
4256,Macross Δ (2000),Animation
4257,Tsukimonogatari (2000),Animation
4258,Sword Art Online II: Sword Art Offline II (2000),Animation
4259,Shigatsu wa Kimi no Uso: Moments (2000),Animation
4260,Shirobako Specials (2000),Animation
4261,Dungeon ni Deai wo Motomeru no wa Machigatteiru Darou ka (2000),Animation
4262,Nihon Animator Mihonichi (2000),Animation
4263,Yoru no Yatterman (2000),Animation
4264,Shokugeki no Souma (2000),Animation
4265,Miss Monochrome: The Animation - Manager (2000),Animation
4266,Fastening Days (2000),Animation
4267,Harmony (2000),Animation
4268,Saint Seiya: Soul of Gold (2000),Animation
4269,Etotama (2000),Animation
4270,Death Parade (2000),Animation
4271,Arslan Senki (TV) (2000),Animation
4272,Sengoku Musou (2000),Animation
4273,Trinity Seven OVA (2000),Animation
4274,Ore Monogatari!! (2000),Animation
4275,Ookami Shoujo to Kuro Ouji OVA (2000),Animation
4276,Oni Chichi 2: Harvest (2000),Animation
4277,Kanojo wa Dare to demo Sex Suru. (2000),Animation
4278,Joukamachi no Dandelion (2000),Animation
4279,Ao no Kanata no Four Rhythm (2000),Animation
4280,Ansatsu Kyoushitsu (TV): Deai no Jikan (2000),Animation
4281,Kyoukai no Rinne (TV) (2000),Animation
4282,Pokemon Omega Ruby &amp; Alpha Sapphire: Mega Special Animation (2000),Animation
4283,Shingeki no Bahamut: Genesis Recap (2000),Animation
4284,Detective Conan Movie 19: The Hellfire Sunflowers (2000),Animation
4285,Sidonia no Kishi Movie (2000),Animation
4286,Rokka no Yuusha (2000),Animation
4287,Garo: Guren no Tsuki (2000),Animation
4288,Yuusha ni Narenakatta Ore wa Shibushibu Shuushoku wo Ketsui Shimashita. Specials (2000),Animation
4289,Hetalia: The World Twinkle (2000),Animation
4290,Punch Line (2000),Animation
4291,Ranpo Kitan: Game of Laplace (2000),Animation
4292,Subete ga F ni Naru: The Perfect Insider (2000),Animation
4293,Koutetsujou no Kabaneri (2000),Animation
4294,Shisha no Teikoku (2000),Animation
4295,Go! Princess Precure (2000),Animation
4296,Kyoukai no Kanata Movie: I&#039;ll Be Here - Mirai-hen (2000),Animation
4297,Yamada-kun to 7-nin no Majo (TV) (2000),Animation
4298,One Piece: Episode of Alabasta - Prologue (2000),Animation
4299,Fate/stay night: Unlimited Blade Works 2nd Season (2000),Animation
4300,Isuca: Gokuraku (2000),Animation
4301,Kokoro ga Sakebitagatterunda. (2000),Animation
4302,Shouwa Genroku Rakugo Shinjuu (2000),Animation
4303,Boruto: Naruto the Movie (2000),Animation
4304,Yu☆Gi☆Oh!: The Dark Side of Dimensions (2000),Animation
4305,Futabu!! (2000),Animation
4306,Gunslinger Stratos: The Animation (2000),Animation
4307,Bakemono no Ko (2000),Animation
4308,Mikagura Gakuen Kumikyoku (2000),Animation
4309,Okusama ga Seitokaichou! (2000),Animation
4310,Himouto! Umaru-chan (2000),Animation
4311,Takamiya Nasuno Desu!: Teekyuu Spin-off (2000),Animation
4312,New Initial D Movie: Legend 2 - Tousou (2000),Animation
4313,Hidan no Aria AA (2000),Animation
4314,Haikyuu!! Second Season (2000),Animation
4315,"Gate: Jieitai Kanochi nite, Kaku Tatakaeri (2000)",Animation
4316,Owari no Seraph: Nagoya Kessen-hen (2000),Animation
4317,Vampire Holmes (2000),Animation
4318,Mushishi Zoku Shou: Suzu no Shizuku (2000),Animation
4319,Idol☆Sister (2000),Animation
4320,Gintama° (2000),Animation
4321,To LOVE-Ru Darkness 2nd (2000),Animation
4322,Ame-iro Cocoa (2000),Animation
4323,Charlotte (2000),Animation
4324,Wooser no Sono Higurashi: Mugen-hen (2000),Animation
4325,Shinmai Maou no Testament OVA (2000),Animation
4326,Robot Girls Z Plus (2000),Animation
4327,Danna ga Nani wo Itteiru ka Wakaranai Ken 2 Sure-me (2000),Animation
4328,Lovely x Cation The Animation (2000),Animation
4329,Grisaia no Meikyuu: Caprice no Mayu 0 (2000),Animation
4330,Grisaia no Rakuen (2000),Animation
4331,Grisaia no Kajitsu Specials (2000),Animation
4332,Ookami Shoujo to Kuro Ouji Recap (2000),Animation
4333,Sore ga Seiyuu! (2000),Animation
4334,Aldnoah.Zero Extra Archives (2000),Animation
4335,Genkaku Cool na Sensei ga Aheboteochi! (2000),Animation
4336,Kurage no Shokudou (2000),Animation
4337,Saenai Heroine no Sodatekata: Ai to Seishun no Service Kai (2000),Animation
4338,Ghost in the Shell: Arise - Alternative Architecture (2000),Animation
4339,Ongaku Shoujo (2000),Animation
4340,Aki no Kanade (2000),Animation
4341,Mankitsu Happening (2000),Animation
4342,Kuroko no Basket: Oshaberi Demo Shimasen ka (2000),Animation
4343,Denpa Kyoushi (TV) (2000),Animation
4344,Haikyuu!! Movie 1: Owari to Hajimari (2000),Animation
4345,Taboo Tattoo (2000),Animation
4346,Jitsu wa Watashi wa (2000),Animation
4347,Shimoneta to Iu Gainen ga Sonzai Shinai Taikutsu na Sekai (2000),Animation
4348,Gochuumon wa Usagi Desu ka?? (2000),Animation
4349,Overlord (2000),Animation
4350,Namaiki: Kissuisou e Youkoso! The Animation (2000),Animation
4351,3Ping Lovers!☆Ippu Nisai no Sekai e Youkoso♪ The Animation (2000),Animation
4352,Tamayura: Sotsugyou Shashin Part 3 - Akogare (2000),Animation
4353,Tamayura: Sotsugyou Shashin Part 4 - Ashita (2000),Animation
4354,Ushio to Tora (TV) (2000),Animation
4355,Chu Feng: B.E.E (2000),Animation
4356,Aria The Avvenire (2000),Animation
4357,Million Doll (2000),Animation
4358,"Diabolik Lovers More,Blood (2000)",Animation
4359,Dance with Devils (2000),Animation
4360,Asobi ni Iku yo!: Asobi ni Oide - Owari (2000),Animation
4361,Momokuri (2000),Animation
4362,ReLIFE (2000),Animation
4363,Amagi Brilliant Park: Wakuwaku Mini Theater - Rakugaki Backstage (2000),Animation
4364,Chaos Dragon: Sekiryuu Seneki (2000),Animation
4365,Black Bullet: Tenchuu＊Girls (2000),Animation
4366,Akagami no Shirayuki-hime (2000),Animation
4367,Danchigai (2000),Animation
4368,Big Order (2000),Animation
4369,Sakurako-san no Ashimoto ni wa Shitai ga Umatteiru (2000),Animation
4370,Durarara!!x2 Shou: Watashi no Kokoro wa Nabe Moyou (2000),Animation
4371,Aoharu x Kikanjuu (2000),Animation
4372,Amagi Brilliant Park: Nonbirishiteiru Hima ga Nai! (2000),Animation
4373,Diamond no Ace: Second Season (2000),Animation
4374,Hyakka Ryouran: Samurai After Specials (2000),Animation
4375,Prison School (2000),Animation
4376,Gakuen de Jikan yo Tomare (2000),Animation
4377,Triage X: Recollection XOXO (2000),Animation
4378,Venus Project: Climax (2000),Animation
4379,One Punch Man (2000),Animation
4380,Yuru Yuri San☆Hai! (2000),Animation
4381,Rakudai Kishi no Cavalry (2000),Animation
4382,"High School DxD New: Oppai, Tsutsumimasu! (2000)",Animation
4383,Monster Musume no Iru Nichijou (2000),Animation
4384,Kuroko no Basket 3rd Season NG-shuu (2000),Animation
4385,Strike the Blood: Valkyria no Oukoku-hen (2000),Animation
4386,The iDOLM@STER Cinderella Girls 2nd Season (2000),Animation
4387,Doukyuusei (Movie) (2000),Animation
4388,Nanatsu no Taizai OVA (2000),Animation
4389,Wakaba*Girl (2000),Animation
4390,Shinmai Maou no Testament Burst (2000),Animation
4391,Haikyuu!! Movie 2: Shousha to Haisha (2000),Animation
4392,Shinmai Maou no Testament Burst OVA (2000),Animation
4393,Starmyu (2000),Animation
4394,Isshuukan Friends.: Tomodachi to no Omoide (2000),Animation
4395,Nagato Yuki-chan no Shoushitsu: Owarenai Natsuyasumi (2000),Animation
4396,Sousei no Aquarion Evol (2000),Animation
4397,Aquarion Logos (2000),Animation
4398,Classroom☆Crisis (2000),Animation
4399,Miss Monochrome: The Animation 2 (2000),Animation
4400,Valkyrie Drive: Mermaid (2000),Animation
4401,Yowamushi Pedal Movie (2000),Animation
4402,High☆Speed!: Free! Starting Days (2000),Animation
4403,Wakako-zake (2000),Animation
4404,Tokyo Ghoul: &quot;Jack&quot; (2000),Animation
4405,Shinmai Maou no Testament Specials (2000),Animation
4406,Noragami Aragoto (2000),Animation
4407,Nisekoimonogatari (2000),Animation
4408,Kagewani (2000),Animation
4409,Gundam Build Fighters Try: Island Wars (2000),Animation
4410,Gakusen Toshi Asterisk (2000),Animation
4411,Soukyuu no Fafner: Dead Aggressor - Exodus 2nd Season (2000),Animation
4412,Teekyuu 5 (2000),Animation
4413,Futabu! Mix: Futanari World (2000),Animation
4414,Taifuu no Noruda (2000),Animation
4415,Ane Yome Quartet (2000),Animation
4416,Yankee-kun na Yamada-kun to Megane-chan to Majo (2000),Animation
4417,Itoshi no Muco (2000),Animation
4418,Ansatsu Kyoushitsu (TV) 2nd Season (2000),Animation
4419,Queen&#039;s Blade: Grimoire (2000),Animation
4420,Makura no Danshi (2000),Animation
4421,Kamisama Hajimemashita: Kako-hen (2000),Animation
4422,Code Geass: Boukoku no Akito Final - Itoshiki Monotachi e (2000),Animation
4423,Owari no Seraph: Owaranai Seraph (2000),Animation
4424,Hacka Doll The Animation (2000),Animation
4425,Young Black Jack (2000),Animation
4426,Kyoukai no Kanata Movie: I&#039;ll Be Here - Kako-hen - Yakusoku no Kizuna (2000),Animation
4427,Fushigi na Somera-chan (2000),Animation
4428,Saijaku Muhai no Bahamut (2000),Animation
4429,Bikini Warriors (2000),Animation
4430,Yowamushi Pedal: Re:ROAD (2000),Animation
4431,Bakuon!! (2000),Animation
4432,Schwarzesmarken (2000),Animation
4433,Gyakuten Majo Saiban: Chijo na Majo ni Sabakarechau The Animation (2000),Animation
4434,Suzakinishi the Animation (2000),Animation
4435,Kono Subarashii Sekai ni Shukufuku wo! (2000),Animation
4436,Ajin Part 1: Shoudou (2000),Animation
4437,Ajin Part 3: Shougeki (2000),Animation
4438,Noragami Aragoto OVA (2000),Animation
4439,HaruChika: Haruta to Chika wa Seishun suru (2000),Animation
4440,Utawarerumono: Itsuwari no Kamen (2000),Animation
4441,Yuru Yuri Nachuyachumi!+ (2000),Animation
4442,Tales of Zestiria the X (2000),Animation
4443,Kekkai Sensen: Soresaemo Saitei de Saikou na Hibi (2000),Animation
4444,Sora no Method: Aru Shoujo no Kyuujitsu★ (2000),Animation
4445,Gatchaman Crowds Insight: Inbound (2000),Animation
4446,Kowabon (2000),Animation
4447,New Initial D Movie: Legend 3 - Mugen (2000),Animation
4448,Arslan Senki (TV) Specials (2000),Animation
4449,Futsuu no Joshikousei ga [Locodol] Yattemita. OVA (2000),Animation
4450,Himouto! Umaru-chan: Umaru-chan Mou Ikkai! (2000),Animation
4451,Boku dake ga Inai Machi (2000),Animation
4452,Cyborg 009 VS Devilman (2000),Animation
4453,Kuroko no Basket: Saikou no Present Desu (2000),Animation
4454,Fate/kaleid liner Prisma☆Illya 2wei Herz! Specials (2000),Animation
4455,Etotama Specials (2000),Animation
4456,Anne Happy♪ (2000),Animation
4457,Komori-san wa Kotowarenai! (2000),Animation
4458,Hibike! Euphonium: Suisougaku-bu no Nichijou (2000),Animation
4459,Ushio to Tora (TV) 2nd Season (2000),Animation
4460,Hatsukoi Monster (2000),Animation
4461,Monster Musume no Iru Nichijou: Hobo Mainichi ◯◯! Namappoi Douga (2000),Animation
4462,Arslan Senki (TV): Dakkan no Yaiba (2000),Animation
4463,Overlord: Ple Ple Pleiades (2000),Animation
4464,Ame-iro Cocoa: Rainy Color e Youkoso! (2000),Animation
4465,Onsen Yousei Hakone-chan (2000),Animation
4466,Concrete Revolutio: Choujin Gensou (2000),Animation
4467,Persona 3 the Movie 4: Winter of Rebirth (2000),Animation
4468,Kuusen Madoushi Kouhosei no Kyoukan OVA (2000),Animation
4469,Dimension W (2000),Animation
4470,Akagami no Shirayuki-hime 2nd Season (2000),Animation
4471,Osomatsu-san (2000),Animation
4472,Owarimonogatari (2000),Animation
4473,Cardfight!! Vanguard G: GIRS Crisis-hen (2000),Animation
4474,Tantei Team KZ Jiken Note (2000),Animation
4475,Phantasy Star Online 2 The Animation (2000),Animation
4476,Kindaichi Shounen no Jikenbo Returns 2nd Season (2000),Animation
4477,Servamp (2000),Animation
4478,Himouto! Umaru-chanS (2000),Animation
4479,Re:Zero kara Hajimeru Isekai Seikatsu (2000),Animation
4480,Zutto Mae kara Suki deshita.: Kokuhaku Jikkou Iinkai (2000),Animation
4481,Mobile Suit Gundam: Iron-Blooded Orphans (2000),Animation
4482,Selector Destructed WIXOSS Movie (2000),Animation
4483,Bikini Warriors Special (2000),Animation
4484,One Piece: Episode of Sabo - 3 Kyoudai no Kizuna Kiseki no Saikai to Uketsugareru Ishi (2000),Animation
4485,Tokyo Ghoul: &quot;Pinto&quot; (2000),Animation
4486,Comet Lucifer (2000),Animation
4487,Grisaia no Meikyuu Special (2000),Animation
4488,High School DxD BorN: Ishibumi Ichiei Kanzen Kanshuu! Mousou Bakuyou Kaijo Original Video (2000),Animation
4489,Hundred (2000),Animation
4490,K: Missing Kings - Manner Movie (2000),Animation
4491,Grisaia no Rakuen Specials (2000),Animation
4492,Tonkatsu DJ Agetarou (2000),Animation
4493,Shingeki! Kyojin Chuugakkou (2000),Animation
4494,Flying Witch (2000),Animation
4495,Owari no Seraph: Kyuuketsuki Shahar (2000),Animation
4496,To LOVE-Ru Darkness 2nd OVA (2000),Animation
4497,Fate/stay night: Unlimited Blade Works 2nd Season - Sunny Day (2000),Animation
4498,Netoge no Yome wa Onnanoko ja Nai to Omotta? (2000),Animation
4499,Joker Game (2000),Animation
4500,Nijiiro Days (2000),Animation
4501,Binan Koukou Chikyuu Bouei-bu LOVE! LOVE! (2000),Animation
4502,Terra Formars Revenge (2000),Animation
4503,Wagamama High Spec (2000),Animation
4504,Teekyuu 6 (2000),Animation
4505,Musaigen no Phantom World (2000),Animation
4506,Mahouka Koukou no Rettousei: Yoku Wakaru Mahouka! Special (2000),Animation
4507,Norn9: Norn+Nonet (2000),Animation
4508,Bungou Stray Dogs (2000),Animation
4509,"Akagami no Shirayuki-hime: Nandemonai Takaramono, Kono Page (2000)",Animation
4510,Hantsu x Trash (2000),Animation
4511,Pan de Peace! (2000),Animation
4512,High School Fleet (2000),Animation
4513,Anitore! EX (2000),Animation
4514,Ushinawareta Mirai wo Motomete: Ushinawareta Natsuyasumi wo Motomete (2000),Animation
4515,Sekkou Boys (2000),Animation
4516,Durarara!!x2 Ten: Onoroke Chakapoko (2000),Animation
4517,Charlotte: Tsuyoi Monotachi (2000),Animation
4518,Prince of Stride: Alternative (2000),Animation
4519,Miss Monochrome: The Animation 3 (2000),Animation
4520,Gangsta. Recap (2000),Animation
4521,Sansha Sanyou (2000),Animation
4522,JK Meshi! (2000),Animation
4523,Ajin (2000),Animation
4524,Pokemon XY&amp;Z (2000),Animation
4525,Rokka no Yuusha Picture Drama (2000),Animation
4526,Luger Code 1951 (2000),Animation
4527,Kyoukai no Rinne (TV) 2nd Season (2000),Animation
4528,Ooyasan wa Shishunki! (2000),Animation
4529,"Gyakuten Saiban: Sono &quot;Shinjitsu&quot;, Igi Ari! (2000)",Animation
4530,Sushi Police (2000),Animation
4531,Dagashi Kashi (2000),Animation
4532,"Gate: Jieitai Kanochi nite, Kaku Tatakaeri 2nd Season (2000)",Animation
4533,Persona 5 the Animation: The Day Breakers (2000),Animation
4534,Hibike! Euphonium: Kakedasu Monaka (2000),Animation
4535,Haikyuu!! Quest Picture Drama (2000),Animation
4536,Super Lovers (2000),Animation
4537,Danchigai Special (2000),Animation
4538,One Punch Man: Road to Hero (2000),Animation
4539,Fate/kaleid liner Prisma☆Illya 3rei!! (2000),Animation
4540,Divine Gate (2000),Animation
4541,To LOVE-Ru Darkness 2nd Specials (2000),Animation
4542,Working!!!: Lord of the Takanashi (2000),Animation
4543,Rewrite (2000),Animation
4544,Nanatsu no Taizai: Seisen no Shirushi (2000),Animation
4545,Bishoujo Senshi Sailor Moon Crystal Season III (2000),Animation
4546,Valkyrie Drive: Mermaid Specials (2000),Animation
4547,Gakusen Toshi Asterisk 2nd Season (2000),Animation
4548,Magi: Sinbad no Bouken (TV) (2000),Animation
4549,Aoharu x Kikanjuu: Kemono-tachi no Senjou da na! (2000),Animation
4550,Owari no Seraph: The Beginning of the End (2000),Animation
4551,Kizumonogatari II: Nekketsu-hen (2000),Animation
4552,King of Prism by Pretty Rhythm (2000),Animation
4553,Accel World: Infinite∞Burst (2000),Animation
4554,Nejimaki Seirei Senki: Tenkyou no Alderamin (2000),Animation
4555,Amanchu! (2000),Animation
4556,One Punch Man Specials (2000),Animation
4557,Kimi no Kokoro wa Kagayaiteru kai? (2000),Animation
4558,Active Raid: Kidou Kyoushuushitsu Dai Hachi Gakari (2000),Animation
4559,Mahou Shoujo Nante Mou Ii Desukara. (2000),Animation
4560,Ore ga Ojousama Gakkou ni &quot;Shomin Sample&quot; Toshite Gets♥Sareta Ken Specials (2000),Animation
4561,Kiznaiver (2000),Animation
4562,Kuma Miko (2000),Animation
4563,"Kono Danshi, Mahou ga Oshigoto Desu. (2000)",Animation
4564,Arslan Senki (TV): Fuujin Ranbu (2000),Animation
4565,Masou Gakuen HxH (2000),Animation
4566,Ojisan to Marshmallow (2000),Animation
4567,Hai to Gensou no Grimgar (2000),Animation
4568,Kare Baka: Wagahai no Kare wa Baka de R (2000),Animation
4569,Shoujo-tachi wa Kouya wo Mezasu OVA (2000),Animation
4570,Nurse Witch Komugi-chan R (2000),Animation
4571,Big Order (TV) (2000),Animation
4572,Wakaba*Girl: Onsen Tsukaritai (2000),Animation
4573,Shoujo-tachi wa Kouya wo Mezasu (2000),Animation
4574,Owari no Seraph: Nagoya Kessen-hen - Owaranai Seraph - Nagoya Kessen-hen (2000),Animation
4575,Phantom of the Kill: Zero kara no Hangyaku (2000),Animation
4576,Koukaku no Pandora: Ghost Urn (2000),Animation
4577,Kono Bijutsubu ni wa Mondai ga Aru! (2000),Animation
4578,New Game! (2000),Animation
4579,Boku no Hero Academia (2000),Animation
4580,Mobile Suit Gundam Thunderbolt (2000),Animation
4581,Okusama ga Seitokaichou! OVA (2000),Animation
4582,Hibike! Euphonium Movie: Kitauji Koukou Suisougaku-bu e Youkoso (2000),Animation
4583,Yami Shibai 3rd Season (2000),Animation
4584,Detective Conan Movie 20: The Darkest Nightmare (2000),Animation
4585,Hakuouki: Otogisoushi (2000),Animation
4586,Oshiete! Galko-chan (2000),Animation
4587,Bubuki Buranki (2000),Animation
4588,Show By Rock!! Short!! (2000),Animation
4589,One Piece: Adventure of Nebulandia (2000),Animation
4590,Luck &amp; Logic (2000),Animation
4591,Tanaka-kun wa Itsumo Kedaruge (2000),Animation
4592,Reikenzan: Hoshikuzu-tachi no Utage (2000),Animation
4593,Digimon Adventure tri. 2: Ketsui (2000),Animation
4594,Gintama: Jump Festa 2015 Special (2000),Animation
4595,Mahou Shoujo Madoka★Magica: Concept Movie (2000),Animation
4596,Ange Vierge (2000),Animation
4597,Shounen Maid (2000),Animation
4598,Mob Psycho 100 (2000),Animation
4599,Steins;Gate: Kyoukaimenjou no Missing Link - Divide By Zero (2000),Animation
4600,Danganronpa 3: The End of Kibougamine Gakuen - Mirai-hen (2000),Animation
4601,Koukaku no Pandora (2000),Animation
4602,High School DxD BorN: Yomigaeranai Fushichou (2000),Animation
4603,Teekyuu 7 (2000),Animation
4604,Kuromukuro (2000),Animation
4605,Koyomimonogatari (2000),Animation
4606,Kimi no Na wa. (2000),Animation
4607,Shokugeki no Souma: Ni no Sara (2000),Animation
4608,Kanamewo (2000),Animation
4609,Active Raid: Kidou Kyoushuushitsu Dai Hachi Gakari 2nd (2000),Animation
4610,Tabi Machi Late Show (2000),Animation
4611,Concrete Revolutio: Choujin Gensou - The Last Song (2000),Animation
4612,Aishen Qiaokeli-ing... (2000),Animation
4613,Qualidea Code (2000),Animation
4614,Boruto: Naruto the Movie - Naruto ga Hokage ni Natta Hi (2000),Animation
4615,Gintama°: Aizome Kaori-hen (2000),Animation
4616,D.Gray-man Hallow (2000),Animation
4617,Berserk (2016) (2000),Animation
4618,Kono Subarashii Sekai ni Shukufuku wo! OVA (2000),Animation
4619,Shinmai Maou no Testament Burst Specials (2000),Animation
4620,Mayoiga (2000),Animation
4621,Usakame (2000),Animation
4622,Cheer Danshi!! (2000),Animation
4623,Prison School OVA (2000),Animation
4624,Kanojo to Kanojo no Neko: Everything Flows (2000),Animation
4625,Love Live! Sunshine!! (2000),Animation
4626,Sakamoto desu ga? (2000),Animation
4627,Non Non Biyori Repeat OVA (2000),Animation
4628,Digimon Adventure tri. 3: Kokuhaku (2000),Animation
4629,Nisekoi: OVA (2000),Animation
4630,Hai to Gensou no Grimgar Special (2000),Animation
4631,Noblesse: Pamyeol-ui Sijak (2000),Animation
4632,Kekkai Sensen: Ousama no Restaurant no Ousama (2000),Animation
4633,Seisen Cerberus: Ryuukoku no Fatalités (2000),Animation
4634,12-sai.: Chicchana Mune no Tokimeki (2000),Animation
4635,Onigiri (2000),Animation
4636,Endride (2000),Animation
4637,Okusama ga Seitokaichou!: Okusama Gekijou (2000),Animation
4638,Handa-kun (2000),Animation
4639,Bananya (2000),Animation
4640,Baka na Imouto wo Rikou ni Suru no wa Ore no xx dake na Ken ni Tsuite (2000),Animation
4641,Noblesse: Awakening (2000),Animation
4642,Uchuu Patrol Luluco (2000),Animation
4643,Kagewani: Shou (2000),Animation
4644,Fukigen na Mononokean (2000),Animation
4645,Ozmafia!! (2000),Animation
4646,Orange (2000),Animation
4647,Girls und Panzer der Film: Arisu War! (2000),Animation
4648,Mobile Suit Gundam Unicorn RE:0096 (2000),Animation
4649,Dungeon ni Deai wo Motomeru no wa Machigatteiru Darou ka OVA (2000),Animation
4650,Amaama to Inazuma (2000),Animation
4651,Ansatsu Kyoushitsu (TV) 2nd Season: Kagaijugyou-hen (2000),Animation
4652,Kuroko no Basket Movie 1: Winter Cup Soushuuhen - Kage to Hikari (2000),Animation
4653,Bishoujo Yuugi Unit Crane Game Girls (2000),Animation
4654,Durarara!!x2 Ketsu: Dufufufu!! (2000),Animation
4655,Haikyuu!!: Karasuno Koukou VS Shiratorizawa Gakuen Koukou (2000),Animation
4656,Battery (2000),Animation
4657,RS Keikaku: Rebirth Storage (2000),Animation
4658,Flying Witch Petit (2000),Animation
4659,Regalia: The Three Sacred Stars (2000),Animation
4660,91 Days (2000),Animation
4661,Tanaka-kun wa Kyou mo Kedaruge (2000),Animation
4662,Ragnastrike Angels (2000),Animation
4663,Danganronpa 3: The End of Kibougamine Gakuen - Zetsubou-hen (2000),Animation
4664,Drifters: Special Edition (2000),Animation
4665,B-Project: Kodou＊Ambitious (2000),Animation
4666,Musaigen no Phantom World Special (2000),Animation
4667,Brotherhood: Final Fantasy XV (2000),Animation
4668,Kingsglaive: Final Fantasy XV (2000),Animation
4669,Planetarian: Chiisana Hoshi no Yume (2000),Animation
4670,Scared Rider Xechs (2000),Animation
4671,Kuma Miko Specials (2000),Animation
4672,Joker Game: Kuroneko Yoru no Bouken (2000),Animation
4673,Re:Zero kara Hajimeru Break Time (2000),Animation
4674,Yahari Ore no Seishun Love Comedy wa Machigatteiru. Zoku OVA (2000),Animation
4675,Musaigen no Phantom World: Limitless Phantom World (2000),Animation
4676,Ojisan to Marshmallow Special (2000),Animation
4677,Mobile Suit Gundam Thunderbolt: December Sky (2000),Animation
4678,Fudanshi Koukou Seikatsu (2000),Animation
4679,Honobono Log (2000),Animation
4680,Arslan Senki (TV) OVA (2000),Animation
4681,Yowamushi Pedal: Spare Bike (2000),Animation
4682,One Piece: Heart of Gold (2000),Animation
4683,Time Travel Shoujo: Mari Waka to 8-nin no Kagakusha-tachi (2000),Animation
4684,Overlord: Ple Ple Pleiades (OVA) (2000),Animation
4685,Mahou Shoujo? Naria☆Girls (2000),Animation
4686,Hitori no Shita: The Outcast (2000),Animation
4687,Sakamoto desu ga? Special (2000),Animation
4688,Tales of Zestiria the X: Saiyaku no Jidai (2000),Animation
4689,Re:Petit kara Hajimeru Isekai Seikatsu (2000),Animation
4690,One Piece Film: Gold Episode 0 - 711 ver. (2000),Animation
4691,Suntory Minami Alps no Tennen Mizu (2000),Animation
4692,91 Days Recap (2000),Animation
4693,Sakura Nagashi (2000),Animation
4694,Danganronpa 3: The End of Kibougamine Gakuen - Kibou-hen (2000),Animation
4695,Shelter (2000),Animation
