id,title,budget,revenue,runtime,popularity,release_date,original_language,status,genres
9077,Rokudenashi Blues,1,2378,33.0,3.0,1992-07-11,ja,Movie,"Comedy, Drama, Sports"
28811,Last Exile: Doyou no Asa,3,1528,0.5,0.0,2011-12-17,ja,Special,"Comedy, Sci-Fi"
3136,Little Pollon,46,3186,22.0,11.0,1982-05-08,ja,TV,Comedy
2153,Saint Beast: Kouin Jojishi Tenshi Tan,13,6734,25.0,10.0,2007-04-04,ja,TV,Fantasy
192,Love Hina Spring Movie,1,52165,46.0,17.0,2001-04-02,ja,Special,"Adventure, Comedy, Romance"
2157,Koutetsushin Jeeg,13,6578,23.0,12.0,2007-04-05,ja,TV,Sci-Fi
42143,Earwig and the Witch,1,14926,82.0,20.0,2020-12-30,ja,Special,UNKNOWN
35838,Girls' Last Tour,12,321970,23.0,6471.0,2017-10-06,ja,TV,"Adventure, Mystery, Sci-Fi, Slice of Life"
221,Mezzo Forte,2,31422,30.0,91.0,2000-05-25,ja,OVA,"Action, Comedy, Sci-Fi, Hentai"
2892,Bob in the Bottle,52,2093,24.0,1.0,1969-10-05,ja,TV,"Comedy, Fantasy"
7808,Don Quixote,23,810,30.0,3.0,1980-04-15,ja,TV,"Adventure, Comedy, Romance"
7857,Mini Sengoku Basara: Chousokabe-kun to Mouri-kun,7,5268,6.0,5.0,2009-07-01,ja,Special,Comedy
17573,Uchuu Kyoudai: Itten no Hikari,1,5347,38.0,2.0,2012-07-21,ja,Movie,"Comedy, Sci-Fi, Slice of Life"
10313,Dallos Special,1,1034,89.0,0.0,1985-05-08,ja,OVA,Sci-Fi
13421,Wheels,1,724,3.0,0.0,2000-01-01,ja,Special,Comedy
3553,Legend of Lyon Flare,2,1713,28.0,3.0,1986-07-14,ja,OVA,"Action, Fantasy, Hentai"
2723,D4 Princess,24,3183,8.0,2.0,1999-04-06,ja,TV,"Action, Comedy, Sci-Fi"
44881,I’m Standing on a Million Lives Season 2,12,149182,23.0,615.0,2021-07-10,ja,TV,"Drama, Fantasy"
42822,Dr. Ramune -Mysterious Disease Specialist-,12,68064,23.0,302.0,2021-01-10,ja,TV,"Mystery, Supernatural"
1080,Yukikaze,5,18613,37.0,177.0,2002-08-25,ja,OVA,"Action, Award Winning, Drama, Sci-Fi, Suspense"
50474,The Faraway Paladin: Michiyuki,1,10516,23.0,39.0,2021-11-27,ja,Special,"Action, Adventure, Fantasy"
3888,The Invisible Stud,2,9355,27.0,26.0,2006-02-10,ja,OVA,Hentai
27927,Urawa no Usagi-chan,12,17015,3.0,8.0,2015-04-10,ja,TV,Comedy
49357,Star Wars: Visions,9,86083,15.0,380.0,2021-09-22,ja,ONA,"Action, Adventure, Sci-Fi"
38573,Do You Love Your Mom and Her Two-Hit Multi-Target Attacks?,12,271866,23.0,461.0,2019-07-13,ja,TV,"Adventure, Comedy, Fantasy, Ecchi"
30705,makuranodanshi,12,41476,4.0,56.0,2015-07-14,ja,TV,Slice of Life
47638,A.A,1,228,9.0,0.0,2010-10-27,ja,Music,Avant Garde
30443,Kana Kana Kazoku: Shinnen no Goaisatsu,1,379,0.8,0.0,2015-01-07,ja,ONA,Comedy
23101,With the Date,1,6708,30.0,5.0,2014-06-27,ja,OVA,Hentai
39056,Mirai Koushi Harima SACLA NEX RAY,1,630,2.0,0.0,2017-10-12,ja,ONA,Sci-Fi
3661,Joker: Marginal City,1,1704,36.0,1.0,1992-04-21,ja,OVA,"Action, Romance, Sci-Fi"
34863,Touken Ranbu: Hanamaru 2,12,28486,24.0,139.0,2018-01-08,ja,TV,"Action, Comedy, Drama, Fantasy, Slice of Life"
2246,Mononoke,12,309241,22.0,7775.0,2007-07-13,ja,TV,"Fantasy, Horror, Mystery, Supernatural"
10845,Manyuu Hikenchou Specials,8,15500,3.0,42.0,2011-10-04,ja,Special,"Action, Ecchi"
26303,Cello Hiki no Gauche (OVA),1,521,20.0,0.0,1998-01-01,ja,OVA,"Drama, Fantasy"
162,Pita-Ten,26,23271,24.0,85.0,2002-04-07,ja,TV,"Comedy, Fantasy, Romance"
10581,Mobile Suit Gundam 0083: Stardust Memory - The Mayfly of Space,1,6687,3.0,3.0,1992-01-01,ja,Special,"Action, Drama, Sci-Fi"
29363,Watashi no Ashinaga Ojisan Specials,2,655,45.0,0.0,2001-05-01,ja,Special,"Comedy, Romance, Slice of Life"
29861,Channel 5.5 3rd Season Prologue,1,561,3.0,0.0,2014-07-01,ja,ONA,Comedy
1922,Urusei Yatsura Movie 3: Remember My Love,1,8100,95.0,9.0,1985-01-26,ja,Movie,"Action, Adventure, Comedy, Drama, Romance, Sci-Fi"
2118,Captain Tsubasa: Europe Daikessen,1,5997,42.0,2.0,1985-07-13,ja,Movie,Sports
41035,Melty Land Nightmare,1,723,4.0,1.0,2018-02-16,ja,Music,UNKNOWN
12143,Swing Out Sisters,1,16150,30.0,63.0,2011-11-25,ja,OVA,Hentai
38349,Wotakoi: Love is Hard for Otaku OVA,3,193612,23.0,471.0,2019-03-29,ja,OVA,Romance
6978,The Monster Of Frankenstein,1,1854,89.0,3.0,1981-07-27,ja,Special,"Drama, Horror, Sci-Fi"
4003,Dream Hunter Rem,4,8215,40.0,19.0,1985-12-15,ja,OVA,"Action, Fantasy, Mystery, Ecchi"
40921,Urashimasakatasen no Nichijou Special,1,845,4.0,1.0,2020-02-26,ja,Special,Comedy
2622,Big Wars,1,2968,71.0,5.0,1993-09-25,ja,OVA,"Action, Sci-Fi"
31108,Green Dakara x Bakemono no Ko,2,4093,0.2,6.0,2015-06-24,ja,ONA,UNKNOWN
9922,We Without Wings – Under the Innocent Sky,12,86403,24.0,172.0,2011-04-04,ja,TV,"Comedy, Drama, Romance, Ecchi"
38610,Magical Sempai,12,265320,12.0,456.0,2019-07-02,ja,TV,"Comedy, Ecchi"
13673,Otome Nadeshiko Koi Techou,1,5165,10.0,2.0,2012-01-26,ja,OVA,UNKNOWN
40786,Skate-Leading Stars,12,39941,23.0,148.0,2021-01-10,ja,TV,Sports
21729,Cardfight!! Vanguard Legion Mate,33,15563,24.0,36.0,2014-03-09,ja,TV,Action
51561,Dilemma,1,527,2.0,5.0,2022-03-09,ja,Music,UNKNOWN
3391,Miss Machiko,95,3765,25.0,10.0,1981-10-08,ja,TV,"Comedy, Ecchi"
32521,Super Mario World: Mario to Yoshi no Bouken Land,1,1571,27.0,5.0,1991-01-01,ja,OVA,Comedy
34836,Future Card Buddyfight X,52,4203,23.0,10.0,2017-04-01,ja,TV,UNKNOWN
38981,Katana Maidens ~ Mini Toji – Katana Maidens Quickening Arc 205-Second Introduction Special!,1,1861,3.0,3.0,2019-01-06,ja,Special,Action
12031,Kingdom,38,204262,25.0,1663.0,2012-06-04,ja,TV,Action
41025,To Your Eternity,20,812354,25.0,13654.0,2021-04-12,ja,TV,"Adventure, Drama, Supernatural"
49978,Candy Caries,1,597,1.0,1.0,2021-03-21,ja,ONA,Fantasy
30446,Little Red Riding Hood and Health,1,506,5.0,2.0,2007-01-01,ja,OVA,Comedy
1909,Bad Teacher Equation,2,5062,28.0,11.0,1994-11-25,ja,OVA,"Boys Love, Comedy, Romance"
15611,Cardfight!! Vanguard Link Joker,59,22143,24.0,83.0,2013-01-13,ja,TV,Action
23519,Enbi,2,5017,16.0,31.0,2014-05-02,ja,OVA,Hentai
2170,Sousei no Aquarion OVA,2,10699,54.0,9.0,2007-05-25,ja,OVA,"Action, Romance, Sci-Fi, Supernatural"
48791,The Legend of Luoxiaohei: The Gate of All Living Beings,12,1302,8.0,8.0,2021-04-24,ja,ONA,"Comedy, Supernatural"
8332,Kudan,1,388,9.0,0.0,2008-01-01,ja,Movie,"Award Winning, Fantasy"
18953,Hitotsubu ni Kawaranu Ai wo Komete,1,2707,2.0,2.0,2013-06-01,ja,ONA,Slice of Life
5209,Manin Densha,3,6877,27.0,20.0,2005-05-27,ja,OVA,Hentai
36894,Inazma Delivery: Dougyousha Attack-hen,10,810,2.0,2.0,2017-12-08,ja,TV,"Action, Comedy, Sci-Fi"
38104,Mahou Shoujo Site Recaps,2,5187,16.0,7.0,2018-05-10,ja,Special,"Drama, Horror, Supernatural"
39172,Clear Weather,1,362,4.0,0.0,2017-08-31,ja,Music,UNKNOWN
49913,Cinderella Nine: The Story Continues,1,1590,23.0,5.0,2021-09-25,ja,Special,Sports
45604,Bottom-Tier Character Tomozaki Specials,2,40869,13.0,74.0,2021-05-07,ja,Special,"Drama, Romance"
3713,Hell Girl: Three Vessels,26,100427,24.0,273.0,2008-10-04,ja,TV,"Mystery, Supernatural"
6311,Sarutobi Ecchan,26,1042,25.0,0.0,1971-10-04,ja,TV,Comedy
3839,Himitsu no Akko-chan 3,44,1059,24.0,0.0,1998-04-05,ja,TV,UNKNOWN
9361,Molly Star-Racer,1,1782,2.0,4.0,2001-01-01,ja,Music,UNKNOWN
27951,"Mattsu, Yamma and Moburi - The Naval Treasure and Riddle Island",1,547,13.0,0.0,2014-10-23,ja,ONA,Fantasy
6402,Bakunyuu Maid Kari,2,5293,29.0,25.0,2009-04-24,ja,OVA,Hentai
8655,Bijukubo,2,8146,27.0,32.0,2010-07-09,ja,OVA,Hentai
6067,The Burning Wild Man,24,1609,24.0,15.0,1988-03-14,ja,TV,"Action, Adventure, Comedy"
34447,Masou Gakuen HxH Specials,6,36050,4.0,56.0,2016-09-30,ja,Special,Ecchi
16067,A Lull in the Sea,26,585254,23.0,9372.0,2013-10-03,ja,TV,"Drama, Fantasy, Romance"
40064,Is It Wrong to Try to Pick Up Girls in a Dungeon? II: Past & Future,1,54069,24.0,57.0,2019-07-06,ja,Special,"Action, Adventure, Fantasy"
24365,Tonari no Seki-kun Specials,2,31833,13.0,11.0,2014-05-28,ja,Special,Comedy
591,Ah My Buddha,12,73399,24.0,81.0,2005-07-01,ja,TV,"Comedy, Romance, Supernatural, Ecchi"
37368,Shounen Ashibe: Go! Go! Goma-chan 3,32,783,9.0,2.0,2018-04-03,ja,TV,"Comedy, Slice of Life"
2164,Den-noh Coil,26,143009,25.0,1620.0,2007-05-12,ja,TV,"Adventure, Award Winning, Drama, Mystery, Sci-Fi"
2744,Potemayo,12,16457,24.0,64.0,2007-07-07,ja,TV,Comedy
9716,Rurouni Kenshin: Review Special,1,6114,26.0,3.0,1997-03-26,ja,Special,"Action, Comedy"
37484,Duel Masters!,51,1379,24.0,2.0,2018-04-01,ja,TV,"Action, Adventure, Comedy, Fantasy"
40554,"""Uchuu Senkan Yamato"" to Iu Jidai: Seireki 2202-nen no Sentaku",1,3770,120.0,12.0,2021-06-11,ja,Movie,"Action, Drama, Sci-Fi"
28735,Showa Genroku Rakugo Shinju,13,281445,26.0,5711.0,2016-01-09,ja,TV,Drama
212,Project A-Ko,1,19646,83.0,123.0,1986-06-21,ja,Movie,"Action, Adventure, Comedy, Sci-Fi"
2569,The Jungle Book,52,7108,25.0,27.0,1989-10-09,ja,TV,"Adventure, Drama"
4070,Black Jack: Dr. Pinoco's Adventure,1,2318,7.0,1.0,2005-12-17,ja,Movie,Comedy
9781,Hyouga Senshi Gaislugger,20,810,30.0,0.0,1977-04-12,ja,TV,"Action, Sci-Fi"
50602,Spy x Family Part 2,13,766479,24.0,6913.0,2022-10-01,ja,TV,"Action, Comedy"
11227,Lagrange: The Flower of Rin-ne,12,70196,23.0,144.0,2012-01-08,ja,TV,"Action, Comedy, Sci-Fi"
40902,Food Wars! The Fifth Plate,13,500718,23.0,1303.0,2020-04-11,ja,TV,"Gourmet, Ecchi"
3890,Battle Team Lakers EX,1,1585,28.0,3.0,1996-05-21,ja,OVA,"Sci-Fi, Hentai"
53880,One Piece: The Planetarium,1,871,30.0,1.0,2013-07-13,ja,Movie,"Adventure, Comedy, Fantasy"
12121,Towa no Kizuna,1,4568,3.0,4.0,2011-10-19,ja,Music,UNKNOWN
37735,Calamity of the Zombie Girl,1,13752,79.0,14.0,2018-07-04,ja,ONA,"Action, Horror, Supernatural, Suspense"
2577,The Adventures of Tom Sawyer,49,8618,25.0,62.0,1980-01-06,ja,TV,"Adventure, Drama, Slice of Life"
38361,Tales of Crestoria,4,1823,1.0,2.0,2018-09-11,ja,ONA,Fantasy
37058,Sword Dynasty 2,12,773,13.0,1.0,2017-10-12,ja,ONA,Action
13519,Organic,1,443,4.0,0.0,2009-10-21,ja,ONA,Comedy
40117,Yichang Shengwu Jianwenlu Specials,13,729,1.0,0.0,2019-06-28,ja,ONA,Comedy
39181,Shiroi Niji,1,252,4.0,0.0,2014-04-01,ja,Music,Avant Garde
30264,Hello Kitty in Cinderella,1,664,15.0,1.0,2001-11-23,ja,OVA,Fantasy
13089,The Flower and the Mole,1,590,15.0,0.0,1970-01-01,ja,Movie,"Award Winning, Comedy"
2717,The Galaxy Railways II,24,4018,24.0,4.0,2006-10-05,ja,TV,"Action, Adventure, Drama, Sci-Fi"
16742,"WataMote: No Matter How I Look At It, It's You Guys' Fault I'm Not Popular!",12,631605,24.0,5412.0,2013-07-09,ja,TV,Comedy
53273,JoJo's Bizarre Adventure: Stone Ocean Part 3,14,149413,24.0,2447.0,2022-12-01,ja,ONA,"Action, Adventure, Supernatural"
2137,Insatiable,2,5417,28.0,26.0,2005-12-25,ja,OVA,Hentai
5484,Wagaya no Oinari-sama.: Kuu-chan no Omake Gekijou,12,3336,2.0,0.0,2008-07-25,ja,Special,"Adventure, Comedy, Fantasy, Supernatural"
39569,Her Blue Sky,1,108172,106.0,366.0,2019-10-11,ja,Movie,"Drama, Romance, Supernatural"
28297,My Love Story!!,24,646011,22.0,4927.0,2015-04-09,ja,TV,"Comedy, Romance"
33877,Kochira Katsushikaku Kameari Kouenmae Hashutsujo: Hashire! Ryoutsu-shiki Chinchin Densha,1,624,20.0,0.0,2006-04-02,ja,Special,Comedy
42996,It's So Good Now,1,203,1.0,1.0,2005-01-01,ja,Music,Comedy
29687,Duel Masters VSR,51,1323,24.0,1.0,2015-04-05,ja,TV,"Action, Adventure, Comedy, Fantasy"
10813,Alps no Shoujo Heidi Pilot,1,1189,5.0,1.0,1967-01-01,ja,Special,"Comedy, Drama"
17733,Dibetagurashi: Ahiru no Seikatsu,39,984,3.0,1.0,2013-04-07,ja,TV,"Comedy, Slice of Life"
21195,Soul Eater: Late Night Show,51,26776,1.0,37.0,2008-04-01,ja,Special,"Action, Comedy, Fantasy"
1996,Full Moon wo Sagashite: Kawaii Kawaii Daibouken,1,9679,10.0,16.0,2002-11-01,ja,Special,"Comedy, Fantasy, Supernatural"
44259,Next Color Planet,1,404,4.0,4.0,2020-03-22,ja,Music,UNKNOWN
41852,Teienu Theater in Kobe Opening,1,521,0.7,2.0,2010-07-24,ja,Special,UNKNOWN
31163,Dimension W,12,292061,24.0,823.0,2016-01-10,ja,TV,"Action, Sci-Fi"
23439,Passage of Time: Tokyo Station,1,5052,5.0,4.0,2014-06-24,ja,ONA,Slice of Life
33783,Godzilla: Planet of the Monsters,1,60328,87.0,64.0,2017-11-17,ja,Movie,"Action, Adventure, Sci-Fi"
34122,Minna de Bokumetsu Inshu Unten,1,283,0.5,0.0,2013-01-01,ja,Special,Drama
29703,Raunchy Role Play,1,6074,25.0,8.0,2015-04-24,ja,OVA,Hentai
517,School Rumble: Extra Class,2,58378,25.0,106.0,2005-12-22,ja,OVA,"Comedy, Romance"
49529,Beelzebuz,1,294,4.0,2.0,2020-10-07,ja,Music,UNKNOWN
2312,"Bagi, the Monster of Mighty Nature",1,3242,90.0,14.0,1984-08-19,ja,Movie,"Action, Romance, Sci-Fi"
3541,Co-eD Affairs,1,1417,28.0,0.0,1998-11-19,ja,OVA,Hentai
50501,The Legend of Sword Domain,40,1361,10.0,16.0,2021-11-28,ja,ONA,"Action, Adventure, Fantasy"
4026,Pokémon: Giratina and the Sky Warrior,1,88178,96.0,30.0,2008-07-19,ja,Movie,"Action, Adventure, Fantasy"
42250,Bungou Stray Dogs Wan!,12,106241,11.0,1009.0,2021-01-13,ja,TV,"Comedy, Supernatural"
50398,Everlasting God Of Sword,38,1239,11.0,4.0,2021-10-30,ja,ONA,"Action, Fantasy, Supernatural"
15439,This Boy Caught A Merman,1,38201,29.0,159.0,2012-11-09,ja,OVA,"Boys Love, Fantasy"
17831,Dog & Scissors,12,144705,24.0,277.0,2013-07-02,ja,TV,"Comedy, Supernatural"
10934,Itsuka Tenma no Kuro Usagi: Kokoro Utsuri no Toukoubi - School Attendance Day,1,20189,24.0,4.0,2011-12-05,ja,OVA,"Comedy, Romance, Supernatural, Ecchi"
38017,ANNA (kidnapper),1,1644,26.0,0.0,2018-07-21,ja,Movie,"Action, Adventure, Romance"
39456,Are You Lost?,12,152274,12.0,231.0,2019-07-02,ja,TV,"Adventure, Comedy"
49527,Princess♂,1,290,2.0,0.0,2019-10-11,ja,Music,UNKNOWN
7106,Golden Warrior: The Gold Lightan,52,1223,25.0,1.0,1981-03-01,ja,TV,"Action, Adventure, Sci-Fi"
49510,"Tantei wa Mou, Shindeiru. Mini Anime",5,1139,2.0,2.0,2021-05-21,ja,ONA,Comedy
34100,Fate/kaleid liner Prisma Illya: Vow in the Snow,1,92027,89.0,371.0,2017-08-26,ja,Movie,"Action, Fantasy"
39187,Daisy Blue,1,352,4.0,0.0,2017-12-20,ja,Music,UNKNOWN
35610,Adventure Without a Map,1,481,5.0,0.0,2017-05-19,ja,ONA,Slice of Life
9884,Osomatsu-kun,56,3580,25.0,14.0,1966-02-05,ja,TV,Comedy
40044,Doraemon the Movie 2020: Nobita's New Dinosaur,1,3846,110.0,10.0,2020-08-07,ja,Movie,"Adventure, Comedy, Sci-Fi"
48862,Cardfight!! Vanguard: overDress Season 2,13,6720,24.0,41.0,2021-10-05,ja,TV,"Action, Drama"
33190,Planetarian: Storyteller of the Stars,1,46395,117.0,204.0,2016-09-03,ja,Movie,"Drama, Sci-Fi"
40351,Pokémon Journeys: The Series,136,81747,23.0,648.0,2019-11-17,ja,TV,"Action, Adventure, Comedy, Fantasy"
42829,Boukyaku Battery,1,2356,20.0,11.0,2020-10-11,ja,ONA,Sports
37153,Warai Kawasemi ni Hanasu na yo,1,240,2.0,0.0,1962-12-05,ja,Music,UNKNOWN
50207,Fanren Xiu Xian Chuan 2nd Season,51,2314,19.0,28.0,2021-11-14,ja,ONA,"Action, Adventure, Fantasy"
21395,Crayon Shin-chan: Serious Battle! Robot Dad Strikes Back,1,5608,96.0,14.0,2014-04-19,ja,Movie,"Award Winning, Comedy, Sci-Fi"
8632,A Sumo Wrestler's Tail,1,2538,13.0,3.0,2010-01-03,ja,Movie,"Comedy, Sports"
41466,The Titan's Bride,9,31298,6.0,145.0,2020-07-06,ja,ONA,"Boys Love, Fantasy, Erotica"
18041,Rozen Maiden: Zurückspulen,13,76328,24.0,226.0,2013-07-05,ja,TV,"Action, Comedy, Drama"
40529,No Guns Life Season 2,12,76610,23.0,78.0,2020-07-10,ja,TV,"Action, Drama, Sci-Fi"
29772,Calm,1,1761,7.0,7.0,2007-01-01,ja,Movie,Avant Garde
32953,Koi ni Naritai Aquarium,1,8763,7.0,25.0,2016-04-27,ja,Music,UNKNOWN
34394,Yuuki Yuuna wa Yuushabu Shozoku,1,4939,7.0,5.0,2017-03-18,ja,Movie,"Comedy, Fantasy, Slice of Life"
37424,THE IDOLM@STER CINDERELLA GIRLS Theater (Web) 3rd Season,7,3708,1.0,3.0,2018-07-03,ja,ONA,"Comedy, Slice of Life"
41309,Hand in Hand,1,392,5.0,1.0,2015-07-07,ja,Music,UNKNOWN
38539,Sora ni Rakugaki,1,366,4.0,1.0,2018-07-22,ja,Music,Fantasy
8231,Princess Lover!: Magical Knight Maria-chan,6,10321,0.5,2.0,2009-10-23,ja,Special,UNKNOWN
30095,Color Old Master Q,1,505,80.0,1.0,1981-07-16,ja,Movie,"Action, Comedy"
49320,Detective Conan: The Bride of Halloween,1,12240,110.0,92.0,2022-04-15,ja,Movie,Mystery
33846,Garo: Guren no Tsuki - Yurugaro,21,1191,2.0,1.0,2016-07-06,ja,Special,"Comedy, Fantasy"
1020,Mirage of Blaze: Rebels of the River Edge,3,10578,30.0,27.0,2004-07-28,ja,OVA,"Action, Boys Love, Drama, Romance, Supernatural"
1912,Marginal Prince: Gekkeiju no Ouji-tachi,13,14018,24.0,17.0,2006-10-02,ja,TV,"Boys Love, Romance"
53365,Untitled World,1,513,1.0,1.0,2020-07-01,ja,Music,"Action, Sci-Fi"
14661,Kindan no Byoutou The Animation,2,5322,27.0,10.0,2012-09-28,ja,OVA,Hentai
5118,The Melancholy of Haruhi-chan Suzumiya,25,97533,3.0,336.0,2009-02-14,ja,ONA,Comedy
9211,Scold with Dirty Words,1,3277,17.0,5.0,2010-07-07,ja,OVA,Hentai
20857,Nebula feat. Hatsune Miku,1,2075,4.0,1.0,2009-02-03,ja,Music,UNKNOWN
42899,My Little Goat,1,1344,10.0,4.0,2018-01-01,ja,Movie,"Drama, Horror"
3147,Daigo of Fire Company,1,1450,45.0,2.0,1999-07-27,ja,Movie,"Action, Drama"
39606,UzaMaid! My Maid Is Still Seriously Way Too Annoying...,1,18216,24.0,3.0,2019-04-24,ja,Special,"Comedy, Girls Love"
37976,Zombie Land Saga,12,470781,23.0,3063.0,2018-10-04,ja,TV,"Award Winning, Comedy, Supernatural"
2409,Gokudo,26,15131,23.0,134.0,1999-04-02,ja,TV,"Adventure, Comedy, Fantasy"
1402,Princess Memory,2,1703,26.0,3.0,2001-06-25,ja,OVA,"Fantasy, Hentai"
2851,Ninkuu (Movie),1,1770,26.0,1.0,1995-07-15,ja,Movie,"Action, Adventure, Comedy"
916,Tokko,13,44875,24.0,101.0,2006-04-16,ja,TV,"Action, Comedy, Horror, Mystery, Supernatural"
29863,Anata wo Zutto Aishiteru,1,1447,82.0,2.0,2015-06-06,ja,Movie,"Adventure, Fantasy"
10909,Ultraman Kids: M7.8 Sei no Yukai na Nakama,1,641,25.0,0.0,1984-03-17,ja,Movie,UNKNOWN
38501,Catalyst,1,291,4.0,0.0,2015-12-20,ja,Music,Avant Garde
34338,Lost Song,12,45963,23.0,177.0,2018-04-08,ja,TV,"Drama, Fantasy"
5220,Shangri-La,24,58566,23.0,128.0,2009-04-06,ja,TV,"Action, Drama, Sci-Fi"
5088,Dr. Fabre is a Detective,26,893,25.0,2.0,2000-04-11,ja,TV,Mystery
3568,Ganbarist! Shun,30,3480,26.0,13.0,1996-07-01,ja,TV,"Comedy, Sports"
6566,It's a Rumic World: 50th Anniversary Weekly★Shonen Sunday,1,4259,3.0,10.0,2008-07-30,ja,Special,"Comedy, Sci-Fi"
3175,Undersea Super Train: Marine Express,1,1542,91.0,3.0,1979-08-26,ja,Special,"Action, Adventure, Comedy, Drama, Sci-Fi"
6836,Tiny Chibisuke's Big Adventure,1,1171,9.0,0.0,1935-05-08,ja,Movie,Action
49739,Snickers x Attack on Titan,2,3569,0.5,14.0,2019-10-01,ja,Special,Comedy
28401,Q Transformers: Kaette Kita Convoy no Nazo,13,1174,5.0,1.0,2015-01-06,ja,TV,Slice of Life
35224,Mobile Suit Gundam: Twilight Axis,6,11154,3.0,9.0,2017-06-23,ja,ONA,"Action, Sci-Fi"
33191,Thus Spoke Kishibe Rohan,4,141071,23.0,403.0,2017-09-20,ja,OVA,"Action, Mystery, Supernatural"
43711,Juunenbun no Watashi e,1,1338,1.0,0.0,2020-10-25,ja,ONA,Drama
5234,Zettai Yareru Greece Shinwa,13,770,24.0,0.0,2008-10-04,ja,TV,"Comedy, Ecchi"
35400,Kamishibai Kintaro,1,559,7.0,0.0,1934-01-01,ja,Movie,Fantasy
36418,Koneko no Chi: Ponponra Dairyokou,25,2455,12.0,1.0,2018-04-08,ja,TV,Slice of Life
2029,The Sea Prince and the Fire Child,1,5427,107.0,17.0,1981-07-18,ja,Movie,"Drama, Fantasy, Romance"
50006,Mabashii DNA dake,1,310,3.0,0.0,2019-02-04,ja,Music,UNKNOWN
36799,Kyoto Animation Koushiki Twitter: Itsumo Arigatou,1,1002,0.4,0.0,2016-03-17,ja,ONA,Slice of Life
7230,Hoshi ni Negai wo: Cold Body + Warm Heart,1,2133,22.0,1.0,2009-06-01,ja,ONA,"Adventure, Sci-Fi"
11687,Pussycat,1,5261,5.0,2.0,2008-12-08,ja,ONA,"Fantasy, Horror"
4252,Explorer Woman Ray,2,1669,30.0,1.0,1989-05-26,ja,OVA,"Action, Adventure"
23299,Pokemon Best Wishes! Season 2: Decolora Adventure - Iris vs. Ibuki! Dragon Master e no Michi!!,1,7083,23.0,0.0,2014-03-27,ja,Special,"Action, Adventure, Comedy, Fantasy"
1135,Munto 2: Beyond the Walls of Time,1,12075,60.0,12.0,2005-04-29,ja,OVA,"Action, Fantasy"
29105,Aruite Mikka!,1,612,2.0,0.0,1999-12-01,ja,Music,Comedy
20913,6♥Princess,1,4364,3.0,2.0,2013-10-04,ja,Music,UNKNOWN
12951,AWOL,12,1386,24.0,2.0,1998-01-07,ja,TV,"Action, Sci-Fi"
33902,Suntory Minami Alps no Tennensui,3,14437,0.3,20.0,2016-08-09,ja,Special,Slice of Life
11659,Pink: Water Thieves Rain Thieves,1,1766,30.0,0.0,1990-07-07,ja,Movie,"Action, Comedy, Fantasy"
34292,Kamigami no Ki,16,1081,2.0,2.0,2016-11-25,ja,TV,"Comedy, Supernatural"
11635,Sacred Seven: Wings of the Silver Moon,1,6470,59.0,3.0,2012-01-07,ja,Movie,"Action, Sci-Fi"
2144,Naruto the Movie 3: Guardians of the Crescent Moon Kingdom,1,202638,94.0,162.0,2006-08-05,ja,Movie,"Action, Adventure, Fantasy"
30089,Life of the Dead,4,442,17.0,2.0,2011-07-26,ja,ONA,"Comedy, Horror"
42209,The Westward: Goodbye Wu Kong,1,861,65.0,2.0,2020-05-04,ja,ONA,"Action, Adventure, Fantasy"
40745,Sushi,1,372,2.0,0.0,2011-01-01,ja,Movie,Avant Garde
34096,Gintama Season 5,12,297857,24.0,2644.0,2017-01-09,ja,TV,"Action, Comedy, Sci-Fi"
5583,Sonic: Night of the WereHog,1,8527,11.0,21.0,2008-11-01,ja,ONA,Action
8667,Koi Hanabi,1,581,4.0,0.0,2002-08-02,ja,Music,Fantasy
1179,Shingu: Secret of the Stellar Wars,26,7238,25.0,24.0,2001-05-08,ja,TV,"Action, Adventure, Sci-Fi, Supernatural"
8503,Fushigi Mahou Fun Fun Pharmacy,48,3252,12.0,29.0,1998-02-15,ja,TV,UNKNOWN
23369,Bakuman. 2nd Season Special,1,15559,4.0,12.0,2012-09-26,ja,Special,Comedy
18053,Koi to Senkyo to Chocolate: Ikenai Hazuki-sensei,1,10574,23.0,3.0,2012-09-26,ja,Special,"Drama, Romance"
30074,Symphonic Variations,1,405,2.0,0.0,1976-06-07,ja,Music,UNKNOWN
41312,By the Grace of the Gods,12,193406,23.0,978.0,2020-10-04,ja,TV,"Fantasy, Slice of Life"
36593,Hug tto! Precure,49,15547,24.0,255.0,2018-02-04,ja,TV,"Action, Fantasy"
2727,Sweet Valerian,18,3277,3.0,2.0,2004-08-01,ja,TV,"Action, Comedy"
43683,My Hero Academia: Heroes Rising - Epilogue Plus,1,44485,9.0,99.0,2020-07-15,ja,Special,Comedy
3461,Ellcia,4,2508,41.0,0.0,1992-10-23,ja,OVA,"Adventure, Fantasy"
3932,Magnerobo Ga-Keen,39,1256,24.0,0.0,1976-09-05,ja,TV,"Action, Sci-Fi"
44070,Heaven Official's Blessing Special,1,39477,22.0,401.0,2021-02-16,ja,ONA,"Drama, Supernatural"
33746,Anime de Training! Xx,12,15061,4.0,10.0,2016-10-05,ja,TV,"Comedy, Sports"
1603,Super Robot Wars The Original Generation: The Divine Wars,25,7815,24.0,15.0,2006-10-05,ja,TV,"Action, Sci-Fi"
3784,Evangelion: 2.0 You Can (Not) Advance,1,517144,112.0,3370.0,2009-07-27,ja,Movie,"Action, Drama, Sci-Fi"
2969,Appleseed: Ex Machina,1,38698,104.0,107.0,2007-10-20,ja,Movie,"Action, Sci-Fi"
11523,Shiofuki Mermaid,1,3787,28.0,4.0,2011-10-28,ja,OVA,Hentai
1869,Nana Recaps,3,17829,23.0,19.0,2006-06-21,ja,Special,"Comedy, Drama, Romance, Slice of Life"
39589,Kouya no Kotobuki Hikoutai Gaiden: Oozora no Harukaze Hikoutai,12,2188,14.0,2.0,2019-04-10,ja,ONA,"Action, Adventure"
3057,Loveless Specials,6,18594,2.0,25.0,2005-11-01,ja,Special,"Boys Love, Comedy, Fantasy, Romance, Supernatural"
36584,Ki de Tsukurou,1,273,1.0,0.0,2013-11-27,ja,ONA,Slice of Life
1448,Voltron: Defender of the Universe,52,12159,23.0,48.0,1981-03-04,ja,TV,"Adventure, Sci-Fi"
10534,Doraemon: Nobita and the Steel Troops - The New Age,1,13553,108.0,127.0,2011-03-05,ja,Movie,"Adventure, Comedy, Fantasy"
38154,3-gatsu no Lion: Ugoku! Nya Shogi,10,3920,4.0,2.0,2017-01-25,ja,Special,UNKNOWN
14145,"Hanayaka Nari, Waga Ichizoku: Kinetograph",2,15179,50.0,41.0,2012-12-02,ja,OVA,Drama
21329,Mushi-shi: The Shadow that Devours the Sun,1,133534,45.0,181.0,2014-01-04,ja,Special,"Adventure, Mystery, Slice of Life, Supernatural"
9789,Nezumi Monogatari: George to Gerald no Bouken,1,1126,52.0,1.0,2007-12-22,ja,Movie,Adventure
2428,Unico: Black Cloud White Feather,1,1609,26.0,2.0,1979-04-05,ja,OVA,"Adventure, Fantasy"
51383,Wo Jian Qile Yi Di Shuxing,16,621,17.0,5.0,2023-01-23,ja,ONA,"Action, Adventure, Fantasy"
3584,Idol of Darkness,1,1481,47.0,1.0,1997-07-02,ja,OVA,"Supernatural, Hentai"
39331,Zounds,1,330,4.0,0.0,2003-01-01,ja,Movie,UNKNOWN
6513,Ravex in Tezuka World,1,1401,18.0,1.0,2009-04-29,ja,OVA,UNKNOWN
1604,Reborn!,203,543898,24.0,15837.0,2006-10-07,ja,TV,"Action, Comedy"
5723,Kidou Senshi Gundam: Uchuu Seiki Yowa,10,3272,3.0,0.0,1996-10-25,ja,Special,Sci-Fi
8216,Aa Harimanada,23,1812,24.0,5.0,1992-04-23,ja,TV,Sports
51528,Ahoy!! Warera Houshou Kaizoku-dan☆,1,1257,1.0,3.0,2020-07-30,ja,Music,UNKNOWN
9613,Big X,59,1201,25.0,4.0,1964-08-03,ja,TV,"Action, Sci-Fi"
5571,Shining May,1,846,25.0,2.0,1985-11-28,ja,OVA,Hentai
6594,Katanagatari,12,545253,50.0,10715.0,2010-01-26,ja,TV,"Action, Adventure, Romance"
34901,Beyblade Burst Evolution,51,16533,24.0,113.0,2017-04-03,ja,TV,"Action, Adventure, Sci-Fi, Sports"
3683,Hippo and Thomas,300,785,5.0,2.0,1971-01-01,ja,TV,Comedy
20045,IS: Infinite Stratos 2 - Hitonatsu no Omoide,1,58684,39.0,40.0,2013-10-30,ja,OVA,"Action, Comedy, Sci-Fi"
25053,Mister Ajikko Special,1,473,23.0,1.0,1989-02-09,ja,Special,"Comedy, Gourmet"
399,Seikai no Senki Special,1,3339,120.0,2.0,2001-07-04,ja,Special,"Action, Romance, Sci-Fi"
16592,Danganronpa: The Animation,13,907772,24.0,8168.0,2013-07-05,ja,TV,"Horror, Mystery"
1638,Peter Pan & Wendy,41,4597,23.0,10.0,1989-01-15,ja,TV,"Adventure, Fantasy"
4701,Yama Hime no Mi,3,5413,25.0,38.0,2007-10-26,ja,OVA,Hentai
38440,Shikizakura,12,16500,24.0,50.0,2021-10-10,ja,TV,"Action, Drama, Sci-Fi"
40153,teeter,2,390,3.0,0.0,2018-07-02,ja,Music,UNKNOWN
32031,Leopard Eyes,1,2948,4.0,6.0,2015-12-15,ja,Music,UNKNOWN
38922,Kimi ga Mita Sora wa,1,377,1.0,0.0,2018-12-27,ja,Music,UNKNOWN
53148,The Way of the Househusband Season 2,5,58601,17.0,98.0,2023-01-01,ja,ONA,Comedy
928,Transformers Cybertron,52,6164,24.0,27.0,2005-01-08,ja,TV,"Adventure, Sci-Fi"
510,Kakyusei 2,13,6081,25.0,6.0,2004-10-02,ja,TV,"Comedy, Drama, Romance"
30740,Young Black Jack,12,82155,24.0,147.0,2015-10-02,ja,TV,Drama
19627,Junkers Come Here: Memories of You,1,615,29.0,0.0,1994-07-21,ja,OVA,"Drama, Slice of Life"
3256,Soukou Kihei Votoms: Pailsen Files,12,5052,25.0,9.0,2007-10-26,ja,OVA,Sci-Fi
81,Mobile Suit Gundam: The 08th MS Team,12,79682,25.0,1064.0,1996-01-25,ja,OVA,"Adventure, Drama, Romance, Sci-Fi"
21925,Chichiiro Toiki,2,15054,14.0,79.0,2014-05-30,ja,OVA,Hentai
3600,Yotoden: Chronicle of the Warlord Period,3,2494,42.0,6.0,1987-05-21,ja,OVA,Action
30782,Bikini Warriors,12,87763,4.0,154.0,2015-07-08,ja,TV,"Comedy, Fantasy, Ecchi"
292,Hoop Days,26,21602,24.0,46.0,2003-04-07,ja,TV,"Drama, Sports"
48824,Blue Archive,1,5352,1.0,56.0,2021-01-25,ja,ONA,Fantasy
33,Berserk,25,608800,25.0,25404.0,1997-10-08,ja,TV,"Action, Adventure, Drama, Fantasy, Horror"
9566,Umi kara no Shisha,1,1634,8.0,2.0,2010-08-21,ja,Movie,"Action, Sci-Fi"
1737,Space Warrior Baldios,34,2451,25.0,6.0,1980-06-30,ja,TV,"Action, Adventure, Drama, Sci-Fi"
3308,Heartwork: Love Guns,3,4588,30.0,13.0,2003-08-28,ja,OVA,"Action, Hentai"
4121,Meimon! The Third Baseball Club,40,801,24.0,1.0,1988-10-20,ja,TV,"Action, Sports"
17403,Kaitou Lupin: 813 no Nazo,1,969,80.0,1.0,1979-05-05,ja,Special,Mystery
52134,Mob Psycho 100: Tankoubon Hatsubai Kinen Anime,3,1971,0.8,4.0,2013-01-01,ja,Special,"Action, Supernatural"
39020,Flying Luna Clipper,1,1773,55.0,16.0,1987-10-20,ja,OVA,"Avant Garde, Comedy, Ecchi"
1553,Queen Emeraldas,4,7317,36.0,10.0,1998-06-05,ja,OVA,"Action, Adventure, Sci-Fi"
30749,Undefeated Bahamut Chronicle,12,384082,23.0,1013.0,2016-01-11,ja,TV,"Action, Fantasy, Romance, Ecchi"
35248,18if,13,55712,23.0,106.0,2017-07-07,ja,TV,"Mystery, Supernatural"
1943,Paprika,1,510385,90.0,4396.0,2006-11-25,ja,Movie,"Avant Garde, Award Winning, Fantasy, Horror, Mystery, Sci-Fi, Suspense"
48876,Night is Faint,1,2075,3.0,16.0,2021-04-30,ja,Music,Supernatural
10080,The World God Only Knows II,12,380871,23.0,992.0,2011-04-12,ja,TV,"Comedy, Romance, Supernatural"
35203,In Another World With My Smartphone,12,528970,24.0,2799.0,2017-07-11,ja,TV,"Adventure, Comedy, Fantasy, Romance"
2104,My Bride is a Mermaid,26,320077,24.0,2940.0,2007-04-02,ja,TV,"Comedy, Romance"
16870,Naruto Shippuden the Movie 7: The Last,1,576646,112.0,2109.0,2014-12-06,ja,Movie,"Action, Adventure, Fantasy, Romance"
14407,Persona 3 the Movie: #1 Spring of Birth,1,113823,98.0,520.0,2013-11-23,ja,Movie,"Action, Fantasy, Supernatural"
39026,How Heavy Are the Dumbbells You Lift?,12,374807,24.0,1268.0,2019-07-03,ja,TV,"Comedy, Ecchi"
7762,"Yondemasu yo, Azazel-san.",4,31006,21.0,71.0,2010-02-23,ja,OVA,"Comedy, Supernatural"
35220,Elegant Yokai Apartment Life,26,66298,23.0,213.0,2017-07-03,ja,TV,"Slice of Life, Supernatural"
10249,A Certain Magical Index II: Specials,2,38043,10.0,34.0,2011-01-26,ja,Special,Comedy
8709,Pikachu's Great Ice Adventure,1,6580,21.0,3.0,2008-08-01,ja,Special,"Adventure, Comedy, Fantasy"
24021,Sei Shoujo The Animation,1,5494,30.0,17.0,2014-07-25,ja,OVA,Hentai
42731,Kite,1,354,2.0,1.0,2020-04-02,ja,Music,UNKNOWN
30093,Ball yo Doko e Yuku,1,455,1.0,0.0,2014-09-11,ja,ONA,Comedy
42994,Dropkick On My Devil!! X,12,35277,23.0,132.0,2022-07-06,ja,TV,"Comedy, Supernatural"
7014,Buddha: The Great Departure,1,9351,111.0,18.0,2011-05-28,ja,Movie,"Drama, Supernatural"
12433,Zero Escape: VLR prologue,1,5085,12.0,12.0,2011-12-11,ja,ONA,Mystery
34943,T7S Longing for Summer Again and Again: Harukaze,1,1178,10.0,1.0,2017-04-19,ja,Music,UNKNOWN
36091,Ghana,1,278,4.0,0.0,2015-07-06,ja,Music,UNKNOWN
33912,Gakuen Handsome: Haitoku no Lesson,2,1258,4.0,1.0,2016-05-10,ja,Music,Comedy
9667,Super Speed,1,1215,4.0,1.0,2010-09-29,ja,Music,UNKNOWN
38325,Yi Ren Zhi Xia: Fanwai Pian,2,7751,16.0,6.0,2018-09-30,ja,ONA,"Action, Supernatural"
40046,ID: INVADED,13,344736,24.0,2748.0,2020-01-06,ja,TV,"Mystery, Sci-Fi, Suspense"
8292,Seitokaichou Hikaru,1,5516,31.0,12.0,2010-04-23,ja,OVA,Hentai
33515,Misuzu: Ikenai Koto,1,4470,14.0,4.0,2016-08-05,ja,OVA,Hentai
41120,The Millionaire Detective – Balance: UNLIMITED,11,406879,23.0,2876.0,2020-04-10,ja,TV,Mystery
15139,Tsuki no Miya no Oujo-sama,1,537,11.0,1.0,1934-10-25,ja,Movie,UNKNOWN
38461,Timing,1,1236,100.0,3.0,2014-10-03,ja,Movie,"Mystery, Suspense"
39684,Sayonara Freeway,1,863,2.0,0.0,2019-04-05,ja,Music,UNKNOWN
1057,Ippatsu Kiki Musume,16,7044,3.0,10.0,1999-10-05,ja,TV,"Action, Comedy, Ecchi"
31229,SERVAMP,12,275054,24.0,1297.0,2016-07-05,ja,TV,"Action, Supernatural"
40517,Ano Hi no Kokoro wo Toraete,1,2125,7.0,2.0,2019-10-23,ja,ONA,"Drama, Sci-Fi"
808,Sorcerer Hunters,3,6775,28.0,10.0,1996-12-21,ja,OVA,"Action, Adventure, Comedy, Fantasy, Romance, Ecchi"
5608,Onna Kyoushi: Nikutai Jugyou,2,1484,27.0,2.0,2004-02-02,ja,OVA,Hentai
30460,Cat Play Punishment,1,6336,24.0,4.0,2015-06-26,ja,OVA,Hentai
35566,A Silent Voice Specials,2,23951,2.0,41.0,2017-05-17,ja,Special,UNKNOWN
2859,Ikusa Otome Valkyrie Shinshou,2,4107,28.0,4.0,2006-02-24,ja,OVA,Hentai
2748,Dash! Kappei,65,5322,25.0,30.0,1981-10-04,ja,TV,"Comedy, Sports, Ecchi"
481,Yu-Gi-Oh!,224,381676,23.0,4558.0,2000-04-18,ja,TV,"Action, Adventure, Fantasy"
16608,Shitcom,1,20703,1.0,52.0,2012-09-21,ja,ONA,"Comedy, Romance"
44064,Drowning Sorrows in Raging Fire,12,7320,20.0,64.0,2021-10-07,ja,ONA,"Action, Drama, Supernatural"
430,Fullmetal Alchemist: The Movie - Conqueror of Shamballa,1,322398,104.0,628.0,2005-07-23,ja,Movie,"Award Winning, Comedy, Drama, Fantasy"
49114,The Case Study of Vanitas Part 2,12,248510,23.0,2537.0,2022-01-15,ja,TV,"Action, Fantasy, Mystery"
38731,Ace of Diamond Act II,52,84897,24.0,941.0,2019-04-02,ja,TV,Sports
31909,Wakaba Girl Special,1,8976,8.0,1.0,2015-10-23,ja,Special,"Comedy, Slice of Life"
13215,The Life of Budori Gusuko,1,6230,106.0,10.0,2012-07-07,ja,Movie,"Award Winning, Drama, Fantasy, Slice of Life"
138,Hunter x Hunter: Greed Island,8,150175,22.0,284.0,2003-02-05,ja,OVA,"Action, Adventure, Fantasy"
51662,Seika Jogakuin Kounin Sao Ojisan,4,6062,16.0,59.0,2022-07-01,ja,OVA,Hentai
39108,Best Hit Music with Ham-Hams,7,439,4.0,0.0,2003-03-29,ja,Music,UNKNOWN
13143,Baku Tech! Bakugan,51,4349,5.0,4.0,2012-04-07,ja,TV,Action
29716,Ginga Tetsudou 999: Shounen no Tabidachi to Wakare,1,787,25.0,0.0,1982-04-05,ja,Special,"Adventure, Drama, Sci-Fi"
10918,Kowarekake no Orgel (Movie),1,15452,30.0,20.0,2010-09-11,ja,Movie,"Drama, Sci-Fi, Slice of Life"
40005,Full-Time Magister 4th Season,12,35890,21.0,83.0,2020-05-27,ja,ONA,"Action, Fantasy"
4031,Charge!! Men's Private School,1,2663,74.0,5.0,1988-07-23,ja,Movie,"Action, Comedy"
5873,Taro's Toy Train,1,1801,15.0,2.0,1929-06-18,ja,Movie,Action
42880,Yu Yu Hakusho Opening & Ending Encyclopedia,1,1560,21.0,2.0,1995-10-20,ja,Special,Comedy
34649,Soukyuu no Fafner: Dead Aggressor - The Beyond,3,7182,28.0,12.0,2019-05-17,ja,Movie,"Action, Drama, Sci-Fi"
1727,Polyphonica,12,31196,24.0,43.0,2007-04-04,ja,TV,"Drama, Fantasy, Romance"
11829,Manga Mitokoumon,46,950,24.0,1.0,1981-09-03,ja,TV,UNKNOWN
3190,The Boy Who Carried a Guitar: Kikaider vs. Inazuman,1,1356,28.0,1.0,2003-09-18,ja,Special,Sci-Fi
15051,Love Live! School Idol Project,13,436300,23.0,7955.0,2013-01-06,ja,TV,Slice of Life
51417,Engage Kiss,13,207613,24.0,1143.0,2022-07-03,ja,TV,"Action, Comedy, Romance"
2944,Perverse Investigations,2,4013,28.0,6.0,2003-01-10,ja,OVA,"Avant Garde, Fantasy, Horror, Hentai"
14947,Onegai My Melody: Yuu & Ai,1,1319,12.0,0.0,2012-08-11,ja,Movie,"Comedy, Fantasy"
2243,Karasu Tengu Kabuto,39,2563,25.0,2.0,1990-07-29,ja,TV,"Action, Adventure, Drama"
45611,"I'm Home, Chibigodzilla 2nd Season",13,344,0.5,0.0,2020-12-02,ja,ONA,"Fantasy, Slice of Life"
5678,Kobato.,24,162758,24.0,1472.0,2009-10-06,ja,TV,"Comedy, Drama, Fantasy, Romance"
595,X: An Omen,1,12815,22.0,5.0,2001-08-25,ja,OVA,"Drama, Fantasy, Mystery, Romance, Supernatural"
10003,Kago Shintarou Anime Sakuhin Shuu,15,5736,2.0,11.0,2008-01-01,ja,OVA,"Avant Garde, Comedy, Horror"
51018,Pochama Sweets,1,376,2.0,1.0,2021-08-05,ja,Special,Comedy
2205,Bakuretsu Tenshi: Infinity,1,15539,25.0,13.0,2007-03-23,ja,OVA,"Action, Comedy, Sci-Fi"
16211,Bakumatsu Gijinden Roman,12,10847,23.0,1.0,2013-01-08,ja,TV,Fantasy
37538,Junai Rhapsody,1,290,2.0,0.0,2016-06-17,ja,Music,UNKNOWN
2858,Ride of the Valkyrie,2,7216,28.0,16.0,2004-12-24,ja,OVA,Hentai
394,Ai Yori Aoshi: Enishi,12,58056,23.0,82.0,2003-10-13,ja,TV,"Comedy, Drama, Romance"
35139,Crayon Shin-chan x Panpaka Pants: Aeon Cinema Manner Movie Collab,1,683,0.9,0.0,2017-03-17,ja,ONA,Comedy
3000,You're Under Arrest: Full Throttle,23,9757,24.0,5.0,2007-10-05,ja,TV,"Action, Comedy"
25441,Shin Strange+ Special,1,1989,3.0,0.0,2014-10-19,ja,Special,"Comedy, Slice of Life"
29829,Tamayura: Sotsugyou Shashin Part 2 - Hibiki,1,9915,52.0,12.0,2015-08-29,ja,Movie,"Comedy, Drama, Slice of Life"
37604,So long!,1,303,6.0,1.0,2013-05-19,ja,Music,UNKNOWN
53246,Evangelion: 3.0 (-46h),1,6528,10.0,24.0,2023-03-08,ja,Special,UNKNOWN
31424,Inyouchuu Etsu Special,1,2622,5.0,5.0,2014-03-07,ja,Special,"Horror, Supernatural, Hentai"
4553,Sukima no Kuni no Polta,13,462,5.0,2.0,2005-09-15,ja,TV,Fantasy
31966,Sword Gai,1,4437,1.0,9.0,2013-10-04,ja,ONA,"Action, Supernatural"
22335,Teekyu 3 Specials,2,9429,2.0,2.0,2014-01-24,ja,Special,"Comedy, Sports"
9308,Oni Chichi 2,2,26015,28.0,60.0,2010-10-29,ja,OVA,Hentai
25641,Monotonous Purgatory,1,1643,6.0,0.0,2012-10-26,ja,Music,UNKNOWN
4699,Eisai Kyoiku,1,2777,18.0,4.0,2007-07-25,ja,OVA,Hentai
616,Nurse Angel Ririka SOS,35,4490,24.0,35.0,1995-07-07,ja,TV,"Drama, Fantasy"
42820,Mug,1,400,3.0,1.0,2020-04-24,ja,Music,Avant Garde
29609,Chinka,1,482,0.4,0.0,2010-03-31,ja,Special,Action
36553,Yinhun x He Wei Dao,3,7955,3.0,9.0,2017-08-29,ja,ONA,Comedy
13927,Sacred Seven: Wings of the Silver Moon Picture Drama,2,2838,12.0,0.0,2012-04-20,ja,Special,"Action, Comedy, Sci-Fi"
34535,Koi Suru Shirokuma,21,7256,0.6,20.0,2017-03-04,ja,Movie,"Boys Love, Comedy"
20671,The Portrait Studio,1,7664,16.0,9.0,2013-11-09,ja,Movie,"Drama, Slice of Life"
32845,Ishitsubutsu Toriatsukaijo,1,314,4.0,0.0,2012-05-27,ja,Music,Drama
18119,Servant x Service,13,215258,23.0,679.0,2013-07-06,ja,TV,"Comedy, Slice of Life"
2864,Four Play,2,2938,24.0,12.0,1998-02-25,ja,OVA,Hentai
49005,27th,1,364,3.0,1.0,2020-01-17,ja,Music,Avant Garde
37362,Sword Art Online Fatal Bullet: The Third Episode,1,17553,3.0,48.0,2018-03-20,ja,Special,UNKNOWN
33840,Kabukibu!,12,19640,24.0,22.0,2017-04-07,ja,TV,UNKNOWN
22961,Date A Live II: Kurumi Star Festival,1,178061,29.0,1036.0,2014-12-08,ja,OVA,Romance
13517,Nanana's Buried Treasure,1,13843,2.0,16.0,2011-12-26,ja,ONA,"Comedy, Supernatural"
30080,Inishie no Megami to Houseki no Ite,2,695,1.0,0.0,2014-07-04,ja,ONA,Action
48675,A Couple of Cuckoos,24,250690,23.0,2131.0,2022-04-24,ja,TV,"Comedy, Romance"
4161,Private Psycho Lesson,2,2226,28.0,3.0,1996-09-27,ja,OVA,"Comedy, Girls Love, Hentai"
21821,Dai-Shogun: Great Revolution,12,26525,24.0,27.0,2014-04-10,ja,TV,Action
19271,Crush Gear Turbo The Movie - Kaiservern's Ultimate Challenge,1,969,20.0,1.0,2002-07-20,ja,Movie,Sports
1581,Gift: Eternal Rainbow,12,31261,24.0,30.0,2006-10-06,ja,TV,"Comedy, Drama, Romance"
1620,Maps,4,2594,28.0,4.0,1994-07-08,ja,OVA,"Action, Adventure, Comedy, Sci-Fi"
20381,Jungle Taitei Movie,1,1203,74.0,1.0,1966-07-31,ja,Movie,Adventure
31050,Cyborg 009 VS Devilman,3,14065,31.0,15.0,2015-11-11,ja,OVA,"Action, Sci-Fi, Supernatural"
6959,GA: Geijutsuka Art Design Class: Aozora ga Kakitai,1,4774,24.0,1.0,2010-04-02,ja,OVA,"Comedy, Slice of Life"
39539,No Guns Life,12,185896,24.0,287.0,2019-10-11,ja,TV,"Action, Drama, Sci-Fi"
9257,Electric Full Flower Garden,2,1177,16.0,0.0,2007-06-25,ja,OVA,Hentai
2696,Crusher Joe: The OVAs,2,3494,56.0,1.0,1989-02-05,ja,OVA,"Action, Adventure, Sci-Fi"
37446,The Master of Ragnarok & Blesser of Einherjar,12,184482,23.0,307.0,2018-07-08,ja,TV,Fantasy
39705,One Punch Man Season 2 Specials,6,123427,12.0,148.0,2019-10-25,ja,Special,"Action, Comedy"
4033,THE IDOLM@STER Live For You!,1,9806,17.0,9.0,2008-02-28,ja,OVA,"Comedy, Drama"
2592,Kimera,1,7687,47.0,8.0,1996-07-31,ja,OVA,"Action, Boys Love, Horror, Sci-Fi, Supernatural"
31736,Valkyrie Drive: Mermaid Specials,6,19621,2.0,29.0,2015-12-18,ja,Special,"Action, Fantasy, Girls Love, Ecchi"
9587,Because I Don't Like My Big Brother at All!!,12,88739,23.0,92.0,2011-01-09,ja,TV,"Comedy, Romance, Ecchi"
42076,How to Eat Life,1,4780,3.0,22.0,2020-05-22,ja,Music,"Horror, Supernatural"
50634,Love Me: Kaede to Suzu The Animation,2,13779,26.0,240.0,2022-03-25,ja,OVA,Hentai
23225,Yuru Yuri Nachuyachumi!,1,71531,63.0,146.0,2015-02-18,ja,OVA,"Comedy, Girls Love"
10620,The Future Diary,26,1946264,23.0,30182.0,2011-10-09,ja,TV,"Action, Supernatural, Suspense"
37595,Cardcaptor Sakura: Clear Card Recap,1,6196,25.0,14.0,2018-04-01,ja,Special,"Adventure, Comedy, Fantasy, Romance"
3866,Kuro ga Ita Natsu,1,970,67.0,3.0,1990-06-04,ja,Movie,Drama
54084,Chillin' in My 30s after Getting Fired from the Demon King's Army Mini Anime,12,1061,2.0,1.0,2023-01-11,ja,ONA,"Comedy, Fantasy"
1035,Patalliro Saiyuuki!,26,3971,9.0,3.0,2005-06-07,ja,TV,"Adventure, Boys Love, Comedy, Fantasy"
24861,Akaoni to Aooni no Tango,1,550,2.0,0.0,1977-12-05,ja,Music,UNKNOWN
30524,Kagewani,13,32457,7.0,30.0,2015-10-02,ja,TV,"Horror, Mystery, Supernatural, Suspense"
39979,Business Fish,6,3675,24.0,11.0,2019-07-08,ja,TV,"Comedy, Slice of Life"
53641,Dainouteki na Rendezvous,1,1911,2.0,2.0,2022-11-16,ja,Music,UNKNOWN
8888,Code Geass: Akito the Exiled - The Wyvern Arrives,1,177822,51.0,563.0,2012-07-16,ja,Movie,"Action, Sci-Fi"
6397,Song of the Ladybug,104,877,25.0,3.0,1974-10-06,ja,TV,"Drama, Slice of Life"
623,Shichinin no Nana,25,6556,24.0,18.0,2002-01-10,ja,TV,"Adventure, Comedy, Romance"
1954,Rayearth,3,15605,45.0,30.0,1997-07-25,ja,OVA,"Action, Adventure, Fantasy"
2330,Bucky: The Incredible Kid,26,12990,22.0,61.0,1999-10-05,ja,TV,"Adventure, Comedy, Fantasy"
50098,Kyoukaisen,1,3444,5.0,13.0,2021-10-10,ja,Music,Mystery
31769,The Hyuga Episode of Kojiki,1,482,12.0,0.0,2013-01-01,ja,Movie,UNKNOWN
673,My-Hime Specials,27,11863,1.0,15.0,2005-01-28,ja,Special,Comedy
14093,Pokémon: Black & White: Rival Destinies,24,66319,22.0,33.0,2012-06-21,ja,TV,"Action, Adventure, Comedy, Fantasy"
1983,Black Jack: The Two Doctors of Darkness,1,4893,97.0,5.0,2005-12-17,ja,Movie,Drama
6460,Crayon Shin-chan Movie 05: Ankoku Tamatama Daitsuiseki,1,6818,99.0,10.0,1997-04-19,ja,Movie,"Action, Adventure, Comedy"
12905,Tsuki ga Noboru made ni,1,1262,43.0,0.0,1991-11-08,ja,OVA,Drama
4935,Ikkyu the Little Monk,296,2265,24.0,3.0,1975-10-15,ja,TV,Comedy
2508,Genshiken 2,12,81348,24.0,208.0,2007-10-10,ja,TV,Comedy
10059,Sore Ike! Anpanman: Tsumikijou no Himitsu,1,520,60.0,1.0,1992-03-14,ja,Movie,"Comedy, Fantasy"
51618,My War,1,1205,4.0,0.0,2022-04-03,ja,Music,Suspense
22231,Tenshi no Shippo Chu!: Tenshi no Utagoe,1,785,25.0,0.0,2004-01-22,ja,OVA,"Fantasy, Romance"
359,I'll/CKBC,2,5420,30.0,6.0,2002-12-18,ja,OVA,"Action, Sports"
7661,Giant Killing,26,68724,24.0,365.0,2010-04-04,ja,TV,"Drama, Sports"
20225,Umigame to Shounen,1,602,45.0,1.0,2002-08-15,ja,Special,Drama
29812,Yumemi Douji,1,555,15.0,0.0,1958-04-05,ja,Movie,Drama
15583,Date A Live,12,990978,25.0,9459.0,2013-04-06,ja,TV,"Romance, Sci-Fi"
7152,Anyamal Tantei Kiruminzoo,50,8235,23.0,54.0,2009-10-05,ja,TV,Comedy
7045,Doraemon the Movie: Nobita's the Legend of the Sun King,1,10163,91.0,8.0,2000-03-04,ja,Movie,"Adventure, Comedy, Fantasy"
52989,Ashura-chan,1,499,3.0,3.0,2021-10-28,ja,Music,UNKNOWN
42282,My Next Life as a Villainess: All Routes Lead to Doom! X,12,217125,23.0,1028.0,2021-07-03,ja,TV,"Comedy, Fantasy, Romance"
12441,"Soukou Kihei Votoms Vol.II: Highlights from the ""A.T.Votoms""",1,862,57.0,1.0,1985-07-20,ja,OVA,"Action, Drama, Sci-Fi"
1750,Ah My Buddha Katsu Special,1,13851,23.0,6.0,2006-06-21,ja,Special,"Comedy, Romance, Supernatural, Ecchi"
3473,The Genesis,1,1831,4.0,1.0,1968-10-01,ja,Movie,UNKNOWN
38483,ORESUKI Are you the only one who loves me?,12,435521,23.0,2204.0,2019-10-03,ja,TV,"Comedy, Romance"
35776,Kingdom Hearts χ Back Cover,1,4688,62.0,23.0,2017-01-12,ja,OVA,"Action, Fantasy, Mystery"
619,Ninja Ryuukenden,1,4682,48.0,4.0,1991-11-22,ja,OVA,"Action, Sci-Fi, Supernatural, Suspense"
6328,Bondage Game: Shinsou no Reijou-tachi - Shinsou no Dorei-tachi,1,2924,26.0,3.0,2003-08-08,ja,Special,"Suspense, Hentai"
37202,Radiant,21,203105,24.0,419.0,2018-10-06,ja,TV,"Action, Adventure, Fantasy"
19945,Zoku Natsume Yuujinchou: 3D Nyanko-sensei Gekijou,5,8419,0.5,8.0,2009-04-22,ja,Special,Comedy
37089,Cherry & Gal's↑↑,2,10001,16.0,29.0,2018-02-09,ja,OVA,Hentai
20539,The Nameko Families,13,998,5.0,2.0,2013-12-20,ja,OVA,"Comedy, Slice of Life"
2068,Sousei Kishi Gaiarth,3,3125,46.0,6.0,1992-04-22,ja,OVA,"Action, Adventure, Fantasy, Sci-Fi"
32737,009 Re:Cyborg x Zip,10,1472,0.2,3.0,2012-10-15,ja,ONA,Comedy
28049,General of the Swamp,1,697,7.0,0.0,1933-11-17,ja,Movie,"Adventure, Comedy"
7501,Kintarou Taiiku Nikki,1,683,9.0,1.0,1940-09-19,ja,Movie,"Comedy, Sports"
35643,Blazing Teens 5: Legendary Warriors,40,428,23.0,3.0,2014-09-09,ja,TV,Fantasy
249,InuYasha,167,765524,24.0,17881.0,2000-10-16,ja,TV,"Action, Adventure, Fantasy, Romance"
38529,Chidori RSC,12,37149,23.0,37.0,2019-10-13,ja,TV,"Comedy, Sports"
21641,Planet:Valkyrie,1,1780,1.0,1.0,2013-12-23,ja,ONA,Action
5555,Suishou no Yoru: Aoi Kokuhaku yori,1,904,26.0,1.0,2003-09-12,ja,OVA,Hentai
53613,Dead Mount Death Play,12,129673,23.0,750.0,2023-04-11,ja,TV,"Action, Fantasy, Supernatural"
39284,Tsuki no Uta,1,802,4.0,0.0,2003-06-11,ja,Music,UNKNOWN
31478,Bungo Stray Dogs,12,1300357,23.0,25238.0,2016-04-07,ja,TV,"Action, Mystery, Supernatural"
48654,Bitch na Inane-sama,4,5882,19.0,35.0,2021-04-23,ja,OVA,Hentai
32151,Senki Zesshou Symphogear GX: Senki Zesshou Shinai Symphogear,4,6757,8.0,6.0,2015-11-25,ja,Special,"Comedy, Sci-Fi, Slice of Life"
2145,Black Gate: Kanin no Gakuen,2,5359,28.0,6.0,2004-07-25,ja,OVA,"Fantasy, Supernatural, Hentai"
41236,Chiisana Tsubomi no Sono Oku ni...,4,8423,25.0,47.0,2020-04-24,ja,OVA,Hentai
6149,Little Miss Maruko,1,5243,23.0,43.0,1995-01-08,ja,TV,"Comedy, Slice of Life"
4012,First Squad,1,7059,3.0,4.0,2005-03-20,ja,Music,Action
41170,Fishing,1,241,3.0,0.0,2014-01-01,ja,Movie,Avant Garde
9599,Miyazaki Maya Daizukan,2,3877,17.0,9.0,2010-11-19,ja,OVA,Hentai
22541,Oniku Daisuki! Zeushi-kun,12,578,1.0,0.0,2014-01-06,ja,TV,"Comedy, Gourmet"
11577,Steins;Gate: The Movie - Load Region of Déjà Vu,1,571749,90.0,2543.0,2013-04-20,ja,Movie,"Drama, Sci-Fi"
51065,Sazanami Soushi ni Junketsu wo Sasagu,8,1988,5.0,6.0,2023-04-03,ja,ONA,Hentai
23933,Kyutai Panic Adventure!,1,2525,8.0,0.0,2003-07-19,ja,Special,Action
797,Hanaukyou Maid-tai OVA,3,9720,14.0,5.0,2001-09-19,ja,OVA,"Comedy, Romance, Ecchi"
20945,Eon Kid,26,4813,24.0,40.0,2006-04-06,ja,TV,"Action, Adventure, Comedy, Sci-Fi"
39518,Vampire in the Garden,5,63772,26.0,436.0,2022-05-16,ja,ONA,"Action, Fantasy"
8919,Licca-chan no Nichiyoubi,1,883,25.0,0.0,1992-07-21,ja,OVA,Adventure
9061,RPG Densetsu Hepoi,50,928,25.0,10.0,1990-10-06,ja,TV,"Adventure, Fantasy"
2260,Kirameki☆Project,5,2240,29.0,2.0,2005-06-24,ja,OVA,"Comedy, Sci-Fi, Ecchi"
21267,Go! Go! 575,4,11669,3.0,3.0,2014-01-10,ja,TV,Slice of Life
48239,In the Land of Leadale,12,144640,23.0,819.0,2022-01-05,ja,TV,"Adventure, Fantasy"
23987,Sarusuberi: Miss Hokusai,1,33335,90.0,53.0,2015-05-09,ja,Movie,"Award Winning, Drama, Supernatural"
777,Hellsing Ultimate,10,888527,49.0,21056.0,2006-02-10,ja,OVA,"Action, Horror, Supernatural"
2600,Juusenki L-Gaim II: Farewell My Lovely + Pentagona Dolls,1,1008,56.0,0.0,1987-01-10,ja,OVA,"Action, Adventure, Drama, Sci-Fi"
36497,Overlord Movie: Ple Ple Pleiades,2,20736,13.0,15.0,2017-02-25,ja,Movie,"Action, Comedy, Fantasy"
30096,Lao Fu Zi Shui Hu Chuan,1,436,72.0,2.0,1982-07-10,ja,Movie,Comedy
9926,Sekai Ichi Hatsukoi - World's Greatest First Love,12,213174,23.0,3047.0,2011-04-09,ja,TV,"Boys Love, Romance"
37684,"Susume, Karolina.",1,2401,3.0,2.0,2018-06-14,ja,ONA,UNKNOWN
54255,Itowanai feat. Miyu Tomita ＆ Kana Ichinose,1,722,3.0,0.0,2023-01-16,ja,Music,UNKNOWN
42526,FASTENING,1,465,3.0,0.0,2020-07-23,ja,Music,UNKNOWN
31646,March Comes In Like a Lion,22,652813,25.0,15123.0,2016-10-08,ja,TV,"Drama, Slice of Life"
15335,Gintama: The Movie: The Final Chapter: Be Forever Yorozuya,1,229376,110.0,2091.0,2013-07-06,ja,Movie,"Action, Comedy, Sci-Fi"
30058,Hong Ling Jin Xia,1,482,4.0,0.0,2010-09-27,ja,ONA,Action
27567,Fushigi Yuugi Special: Watase Yuu Selection,2,2830,2.0,7.0,1996-07-25,ja,Special,Comedy
2576,Raccoon Rascal,52,3038,26.0,9.0,1977-01-02,ja,TV,"Drama, Slice of Life"
35404,Detective Felix in Trouble,1,606,10.0,1.0,1932-01-01,ja,Movie,Mystery
37659,Taimanin Yukikaze Special,1,2736,5.0,8.0,2016-01-29,ja,Special,"Action, Supernatural, Hentai"
21493,Ninja Hattori-kun: Nin Nin Ninpo Enikki no Maki,1,747,31.0,0.0,1982-03-13,ja,Movie,"Comedy, Slice of Life"
36824,Fox Spirit Matchmaker 6th Season,26,7211,19.0,16.0,2017-11-24,ja,ONA,"Comedy, Romance, Supernatural"
25293,The Wizard of twins LICO & GLI,4,738,1.0,1.0,2013-11-04,ja,ONA,UNKNOWN
50770,Vanitas no Karte: Le Chemin Parcouru Depuis la Rencontre,1,7001,44.0,33.0,2021-12-31,ja,Special,"Action, Fantasy, Mystery"
39315,Kekkaishi: Yoshimori no Omoi,1,854,25.0,1.0,2007-05-25,ja,Special,"Adventure, Comedy, Fantasy"
5290,Keroro Movie 3,1,5186,95.0,14.0,2008-03-01,ja,Movie,"Comedy, Sci-Fi"
35827,Otome*Domain The Animation,1,5151,27.0,15.0,2017-09-29,ja,OVA,Hentai
38027,Free! Dive to the Future Episode 0,1,21686,23.0,11.0,2018-06-23,ja,Special,Comedy
2876,Winds of Change,1,1051,80.0,1.0,1979-10-27,ja,Movie,Fantasy
49396,Kyoto Animation: Souzou-hen,1,3143,0.5,23.0,2021-07-08,ja,Special,Slice of Life
52245,Renseijutsushi Colette no H na Sakusei Monogatari,1,2421,16.0,4.0,2022-09-30,ja,OVA,Hentai
1544,Super Robot Wars Original Generation: The Animation,3,4126,28.0,6.0,2005-05-27,ja,OVA,"Action, Sci-Fi"
4447,Detective Conan Movie 12: Full Score of Fear,1,45528,116.0,23.0,2008-04-19,ja,Movie,"Adventure, Comedy, Mystery"
29895,Muku no Ki no Hanashi,1,563,20.0,0.0,1947-09-25,ja,Movie,UNKNOWN
9925,Amagami SS: Little Sister,1,53607,24.0,25.0,2011-04-29,ja,Special,UNKNOWN
13365,Samchongsa: Time Machine 001,1,436,71.0,0.0,1980-01-12,ja,Movie,"Adventure, Sci-Fi"
8763,Hajime Ningen Gyatoruz,77,838,24.0,2.0,1974-10-05,ja,TV,Comedy
11111,Another,12,1605359,24.0,17080.0,2012-01-10,ja,TV,"Horror, Mystery, Supernatural"
40052,Great Pretender,23,615601,23.0,9460.0,2020-07-09,ja,TV,"Action, Adventure, Mystery"
50597,Massara,1,2122,6.0,9.0,2021-11-30,ja,ONA,Slice of Life
29451,Hoshi Uranai Kirakira,1,346,2.0,0.0,1983-12-01,ja,Music,UNKNOWN
6156,Pleasant Goat and Big Big Wolf: The Super Snail Adventure,1,591,85.0,0.0,2009-01-16,ja,Movie,"Adventure, Comedy"
79,Shuffle!,24,273378,24.0,1461.0,2005-07-08,ja,TV,"Comedy, Drama, Fantasy, Romance, Ecchi"
30864,New Tokyo Ondo,1,315,5.0,0.0,2012-11-04,ja,Movie,Avant Garde
42082,Yi Shijie Zhongyao Pu,40,880,10.0,2.0,2020-05-08,ja,ONA,"Drama, Fantasy"
42584,Showtime,1,267,4.0,1.0,2020-07-29,ja,Music,UNKNOWN
2064,Gall Force: Earth Chapter,3,2936,50.0,2.0,1989-12-25,ja,OVA,"Action, Sci-Fi"
1760,Golgo 13: The Professional,1,17897,93.0,57.0,1983-05-28,ja,Movie,"Action, Adventure, Drama"
37320,Sweet Punishment: I'm the Guard's Personal Pet,13,32074,5.0,124.0,2018-04-02,ja,ONA,"Drama, Hentai"
323,Paranoia Agent,13,396950,24.0,5297.0,2004-02-03,ja,TV,"Avant Garde, Drama, Mystery, Supernatural, Suspense"
899,Dragon Ball Z: The Return of Cooler,1,123225,45.0,25.0,1992-03-07,ja,Movie,"Action, Adventure, Comedy, Fantasy, Sci-Fi"
47778,Demon Slayer: Kimetsu no Yaiba Entertainment District Arc,11,1244195,26.0,23462.0,2021-12-05,ja,TV,"Action, Fantasy"
51778,Build Divide: Code White Recap,1,1085,23.0,6.0,2022-05-08,ja,Special,Fantasy
33661,Crayon Shin-chan Gaiden: Alien vs. Shinnosuke,13,2742,8.0,7.0,2016-08-03,ja,ONA,"Comedy, Sci-Fi, Ecchi"
10207,"Lily, Frogs, and Little Brother.",1,1355,27.0,0.0,2006-08-20,ja,Special,"Adventure, Comedy, Supernatural"
8109,Hamtaro: The Mysterious Ogre's Picture Book Tower,1,1936,50.0,2.0,2004-12-23,ja,Movie,"Adventure, Comedy"
22603,Pekkle in the Adventures of Sinbad,1,613,26.0,3.0,1993-10-21,ja,OVA,"Adventure, Fantasy"
3113,Pinky Street,2,1280,12.0,0.0,2006-07-26,ja,OVA,"Comedy, Slice of Life"
4967,Locke the Superman: Mirror Ring,1,1030,60.0,0.0,2000-12-22,ja,OVA,"Action, Sci-Fi"
7024,Heya,1,1834,4.0,1.0,1967-01-01,ja,Movie,"Avant Garde, Award Winning, Comedy"
39178,Fights Break Sphere 2nd Season Specials: Song of Desert,3,3586,25.0,13.0,2019-04-14,ja,ONA,"Action, Adventure, Fantasy"
39078,Aikatsu Friends!: Kagayaki no Jewel,26,5166,24.0,18.0,2019-04-04,ja,TV,Slice of Life
20457,Inari Kon Kon,10,160671,24.0,387.0,2014-01-16,ja,TV,"Comedy, Romance, Supernatural"
12917,Daisy: A Hen into the Wild,1,4054,92.0,18.0,2011-07-28,ja,Movie,"Adventure, Drama, Fantasy"
35840,Cells at Work!,1,20810,1.0,66.0,2017-07-02,ja,ONA,Sci-Fi
34177,Angel's 3Piece!,12,62969,23.0,104.0,2017-07-10,ja,TV,Slice of Life
4483,Someday's Dreamers II: Sora,12,26607,23.0,65.0,2008-07-03,ja,TV,"Drama, Romance, Slice of Life"
40816,Scape Escape,1,346,1.0,0.0,2014-01-01,ja,Movie,Avant Garde
17875,Papa no Iukoto wo Kikinasai! OVA,2,37770,25.0,26.0,2013-06-25,ja,OVA,"Comedy, Romance"
3947,Jarinko Chie (TV),64,1315,24.0,2.0,1981-10-03,ja,TV,"Comedy, Drama"
25159,When Supernatural Battles Became Commonplace,12,409649,24.0,899.0,2014-10-07,ja,TV,"Comedy, Supernatural"
27967,Senran Kagura Estival Versus: Mizugi-darake no Zenyasai,1,19622,30.0,23.0,2015-03-26,ja,OVA,"Action, Comedy, Ecchi"
3021,Wingman,47,2969,24.0,14.0,1984-02-07,ja,TV,"Action, Comedy, Romance"
25889,Stitch: Son of Sprout,1,863,21.0,1.0,2010-08-08,ja,Special,"Adventure, Comedy, Sci-Fi"
33505,Tsumamigui 3 The Animation,2,10897,26.0,61.0,2016-09-30,ja,OVA,Hentai
37764,Mobile Suit Gundam Narrative,1,19139,90.0,36.0,2018-11-30,ja,Movie,"Action, Drama, Sci-Fi"
324,Patlabor: The Mobile Police - The TV Series,47,36549,24.0,414.0,1989-10-11,ja,TV,"Comedy, Sci-Fi"
11001,Library Wars: The Wings of Revolution,1,23521,105.0,43.0,2012-06-16,ja,Movie,"Action, Comedy, Romance"
32615,Saga of Tanya the Evil,12,867830,23.0,11723.0,2017-01-06,ja,TV,"Action, Fantasy"
3037,Ghost Sweeper Mikami Movie,1,3293,59.0,1.0,1994-08-20,ja,Movie,"Comedy, Fantasy"
15905,Qin's Moon: The Great Wall,37,1351,22.0,10.0,2012-09-30,ja,TV,"Action, Fantasy"
4166,ToHeart 2 AD,2,6691,28.0,5.0,2008-03-26,ja,OVA,"Comedy, Romance, Ecchi"
37906,Gaikan Chiba,1,348,6.0,0.0,2018-05-16,ja,ONA,Drama
31537,Mysteria Friends,10,118973,15.0,293.0,2019-01-21,ja,TV,"Fantasy, Slice of Life"
12281,Lagrange: The Flower of Rin-ne Season 2,12,28243,24.0,18.0,2012-07-08,ja,TV,"Action, Comedy, Sci-Fi"
36021,The Senior Class,1,1623,81.0,1.0,2016-12-29,ja,Movie,"Drama, Romance"
41499,Promise,2,241,4.0,0.0,2019-09-14,ja,Music,UNKNOWN
30886,Mu Di,1,843,20.0,0.0,1963-01-01,ja,Movie,UNKNOWN
1931,Futari wa Precure: Max Heart Movie 2 - Yukizora no Tomodachi,1,6272,71.0,7.0,2005-12-10,ja,Movie,"Comedy, Fantasy"
29517,Kumi to Tulip,1,1962,23.0,1.0,2015-03-22,ja,Movie,Sci-Fi
9650,Dream C Club Pure Songs Clips,6,764,2.0,0.0,2010-11-10,ja,Music,UNKNOWN
39279,Human Orchestra,1,342,3.0,0.0,2010-09-16,ja,Movie,UNKNOWN
3918,Resort Boin,3,26992,29.0,295.0,2007-12-25,ja,OVA,Hentai
1279,The Mysterious Cities of Gold,39,12705,27.0,109.0,1982-05-01,ja,TV,"Adventure, Sci-Fi"
14663,Queen's Blade Rebellion vs. Hagure Yuusha no Aesthetica,1,14472,3.0,8.0,2012-06-27,ja,Special,"Action, Fantasy, Ecchi"
14537,Cinnamon no Parade,1,669,8.0,1.0,2012-06-21,ja,ONA,Fantasy
374,All Purpose Cultural Cat Girl Nuku Nuku Dash!,12,5694,24.0,7.0,1998-09-23,ja,OVA,"Action, Comedy, Romance, Sci-Fi, Ecchi"
38620,Kanpeki Ojousama no Watakushi ga Dogeza de Mazo Ochisuru Choroin na Wakenai desu wa!,4,8079,23.0,32.0,2019-01-25,ja,OVA,Hentai
13693,Ippatsu Hicchuu!! Devander,1,854,27.0,1.0,2012-10-19,ja,OVA,"Action, Sci-Fi"
35632,"""Kinako"" Movie x Mameshiba",1,533,0.2,0.0,2010-07-06,ja,Special,Comedy
2614,Mirai Shounen Conan: Kyodaiki Gigant no Fukkatsu,1,1888,48.0,6.0,1984-03-11,ja,Movie,"Adventure, Drama, Sci-Fi"
1913,Young GTO,5,43638,46.0,159.0,1994-01-21,ja,OVA,"Action, Comedy"
15227,In This Corner of the World,1,179010,168.0,1470.0,2016-11-12,ja,Movie,"Award Winning, Drama"
856,Utawarerumono,26,166653,23.0,1189.0,2006-04-04,ja,TV,"Action, Drama, Fantasy, Sci-Fi"
2091,The Fashion Boy is Cool,1,1169,30.0,0.0,1993-04-23,ja,OVA,Romance
36990,Non Non Biyori Movie: Vacation,1,74111,71.0,206.0,2018-08-25,ja,Movie,Slice of Life
53716,Soaring Sky! Pretty Cure,1,6764,24.0,86.0,2023-02-05,ja,TV,"Action, Fantasy"
6951,Yu-Gi-Oh! 3D: Bonds Beyond Time,1,47207,49.0,81.0,2010-01-23,ja,Movie,Adventure
6822,Ukkari Pénélope (2009),26,615,5.0,0.0,2009-06-29,ja,TV,"Comedy, Slice of Life"
34623,Bakuon!! no Kobeya,4,3485,1.0,2.0,2016-08-24,ja,Special,"Comedy, Slice of Life"
558,Major S2,26,69800,25.0,307.0,2005-12-10,ja,TV,Sports
36670,Hatoya,1,375,2.0,1.0,2012-03-28,ja,ONA,Avant Garde
1473,City Hunter '91,13,22481,23.0,61.0,1991-04-28,ja,TV,"Action, Comedy, Mystery"
35834,Angolmois: Record of Mongol Invasion,12,58933,23.0,123.0,2018-07-11,ja,TV,"Action, Drama"
1516,Kirarin Revolution,153,31061,22.0,243.0,2006-04-07,ja,TV,"Comedy, Drama, Romance"
41006,Higurashi: When They Cry – Gou,24,262440,23.0,1460.0,2020-10-01,ja,TV,"Horror, Mystery, Supernatural, Suspense"
53013,Let You Down,1,8035,4.0,26.0,2022-09-12,ja,Music,"Action, Sci-Fi"
35237,My First Girlfriend is a Gal: My First Cultural Festival,1,69320,23.0,99.0,2017-12-26,ja,OVA,"Comedy, Romance, Ecchi"
25365,"Diancie, Princess of the Diamond Domain",1,6770,5.0,0.0,2014-07-17,ja,Special,"Comedy, Fantasy"
38163,I Want You To Show Me Your Panties With a Disgusted Face 2,6,34245,4.0,83.0,2019-11-22,ja,ONA,Ecchi
18603,Kennosuke-sama,1,1505,20.0,0.0,1990-07-07,ja,OVA,"Adventure, Comedy"
280,Animal Lane,51,3036,23.0,14.0,2005-10-04,ja,TV,"Adventure, Comedy, Fantasy"
36847,The Seven Heavenly Virtues,10,56894,4.0,111.0,2018-01-27,ja,TV,"Fantasy, Ecchi"
74,Gakuen Alice,26,97186,25.0,1397.0,2004-10-30,ja,TV,"Comedy, Fantasy"
4191,Popolocrois Monogatari,25,3336,23.0,17.0,1998-10-04,ja,TV,"Adventure, Fantasy"
8294,Shinshou Genmukan,4,4643,16.0,9.0,2010-03-20,ja,OVA,Hentai
2612,Spoon Oba-san,130,2140,10.0,4.0,1983-04-04,ja,TV,UNKNOWN
38297,"Demon Lord, Retry!",12,231286,23.0,614.0,2019-07-04,ja,TV,"Action, Adventure, Fantasy"
1569,Otoboku: Maidens are Falling for Me!,12,62315,24.0,175.0,2006-10-08,ja,TV,"Comedy, Drama, Romance"
7862,Transformers: Robot Masters,2,1231,6.0,1.0,2004-07-15,ja,Special,UNKNOWN
53183,Lupin III x McDonald's CMs,3,581,0.6,0.0,2022-09-27,ja,Special,Comedy
33589,ViVid Strike!,12,83783,24.0,192.0,2016-10-02,ja,TV,"Action, Drama"
33173,Sansha Sanyou Specials,3,6966,6.0,1.0,2016-06-29,ja,Special,"Comedy, Slice of Life"
49457,My Next Life as a Villainess: All Routes Lead to Doom! X: I Met My Destined One...,1,22330,28.0,37.0,2021-09-30,ja,OVA,"Comedy, Drama, Fantasy, Romance"
31641,Niedola,1,588,5.0,1.0,2012-01-01,ja,Music,UNKNOWN
1981,Twilight Q,2,7698,30.0,9.0,1987-02-28,ja,OVA,"Mystery, Sci-Fi"
39419,Jian Wang 3: Xia Gan Yi Dan Shen Jianxin,12,2510,17.0,13.0,2018-09-21,ja,ONA,"Action, Adventure, Comedy"
48780,Dakaretai Otoko 1-i ni Odosarete Imasu. Movie: Spain-hen,1,30531,78.0,450.0,2021-10-09,ja,Movie,"Boys Love, Comedy, Drama"
8952,Nougyou Musume!,1,1657,3.0,0.0,2010-10-07,ja,Special,Comedy
7060,Ring of Gundam,1,4934,5.0,4.0,2009-08-29,ja,Special,Sci-Fi
5065,Detroit Metal City: Birth of the Metal Devil,1,23611,13.0,19.0,2008-07-11,ja,Special,"Comedy, Romance"
3482,Madonna,2,2021,50.0,1.0,1988-03-11,ja,OVA,"Comedy, Sports"
25915,Sakura Capusule,1,1488,40.0,2.0,2014-08-29,ja,OVA,Slice of Life
35806,"Haikyuu!! vs. ""Akaten""",1,89024,24.0,79.0,2016-05-02,ja,OVA,Sports
2344,Urotsukidoji IV: Inferno Road,3,2737,43.0,4.0,1993-12-21,ja,OVA,"Fantasy, Horror, Sci-Fi, Hentai"
53012,The Human Crazy University,12,8736,23.0,25.0,2022-10-05,ja,TV,"Comedy, Mystery"
18653,JK to Orc Heidan: Aku Buta Oni ni Ryougyaku Sareta Seijo Gakuen,2,7439,29.0,37.0,2013-07-26,ja,OVA,"Supernatural, Hentai"
53229,Tsuma Netori 3: Kairaku ni Ochita Injiru Kyoushi-tachi,1,1789,28.0,5.0,2022-10-28,ja,OVA,Hentai
1892,YAT Anshin! Uchuu Ryokou 2,25,1284,25.0,6.0,1998-04-11,ja,TV,"Adventure, Comedy, Sci-Fi"
1703,Tokyo Tribe 2,13,11637,21.0,21.0,2006-11-12,ja,TV,"Action, Drama"
206,Record of Lodoss War: Chronicles of the Heroic Knight,27,31538,25.0,125.0,1998-04-01,ja,TV,"Action, Adventure, Drama, Fantasy, Romance"
38770,Detective Conan Movie 23: The Fist of Blue Sapphire,1,27254,109.0,71.0,2019-04-12,ja,Movie,"Action, Comedy, Drama, Mystery"
9424,Wings of Dragon,26,711,24.0,3.0,1998-05-18,ja,TV,Sports
29757,Mori no e,1,562,5.0,1.0,2011-02-27,ja,Music,UNKNOWN
26031,Super Erotic Anime,2,586,27.0,2.0,1985-10-09,ja,OVA,Hentai
6840,Mabo's Big Race,1,1111,1.0,0.0,1936-01-01,ja,Movie,"Comedy, Sports"
22477,Hello Kitty in The Day the Big Clock Stopped,1,464,30.0,0.0,1992-07-21,ja,OVA,Fantasy
33018,Katsugeki Touken Ranbu,13,119369,23.0,455.0,2017-07-02,ja,TV,"Action, Fantasy"
50110,The mark of Emi,1,510,4.0,1.0,2020-08-14,ja,Movie,"Girls Love, Romance"
51781,My Hero Academia ONA,2,37337,23.0,49.0,2022-06-16,ja,ONA,Sports
34465,Blue Exorcist: Kyoto Saga OVA,2,68216,24.0,58.0,2017-04-04,ja,OVA,"Action, Fantasy, Supernatural"
49059,Unbelievable Space Love,10,3092,1.0,11.0,2018-07-17,ja,ONA,"Boys Love, Drama, Romance, Sci-Fi"
34802,Cobalt World,1,3097,4.0,1.0,2016-12-14,ja,Music,Slice of Life
16910,Muromi-san,13,40851,13.0,52.0,2013-04-07,ja,TV,"Comedy, Fantasy, Slice of Life"
475,Hotori: Tada Saiwai wo Koinegau,1,6251,40.0,7.0,2005-08-28,ja,Special,"Drama, Sci-Fi"
29980,Adventures in Beauty Wonderland,1,2657,4.0,7.0,2013-01-01,ja,Movie,"Adventure, Avant Garde"
20479,Choujigen Game Neptune The Animation: Yakusoku no Eien - True End,1,32395,24.0,53.0,2014-03-26,ja,OVA,"Action, Comedy, Fantasy, Sci-Fi"
41457,86 Eighty-Six,11,686544,23.0,17085.0,2021-04-11,ja,TV,"Action, Drama, Sci-Fi"
42314,Who Am I?,1,308,3.0,0.0,2012-12-01,ja,Music,UNKNOWN
2839,Ariel Visual,2,2124,27.0,0.0,1989-07-21,ja,OVA,"Action, Comedy, Sci-Fi"
740,Sailor Moon R,43,152577,24.0,814.0,1993-03-06,ja,TV,"Fantasy, Romance"
51574,Neko Naraba Ikeru,1,381,4.0,0.0,2022-02-02,ja,Music,UNKNOWN
18353,Hadakya no Otonosama,2,312,0.6,0.0,2014-03-05,ja,ONA,Slice of Life
49532,Eternal 831,1,4005,105.0,6.0,2022-01-30,ja,Special,UNKNOWN
41694,Cells at Work! CODE BLACK!,13,214708,23.0,445.0,2021-01-10,ja,TV,"Action, Drama"
9969,Gintama Season 2,51,525688,24.0,7765.0,2011-04-04,ja,TV,"Action, Comedy, Sci-Fi"
37290,Animation × Paralympic: Who Is Your Hero?,16,1198,5.0,2.0,2017-11-10,ja,Special,Sports
7791,K-ON! Season 2,26,668118,24.0,14233.0,2010-04-07,ja,TV,"Award Winning, Comedy"
49426,Tropical-Rouge! Precure Movie: Yuki no Princess to Kiseki no Yubiwa!,1,1977,70.0,8.0,2021-10-23,ja,Movie,"Action, Fantasy"
3050,Panty Flash Teacher,2,10011,28.0,36.0,2004-11-26,ja,OVA,Hentai
32349,Hot Minute: Gudetama,1,1135,1.0,1.0,2015-11-02,ja,ONA,Comedy
39480,Shinmai Maou no Testament Departures: Maria no Hizou Eizou,1,16850,6.0,16.0,2018-03-28,ja,Special,Ecchi
38470,Saimin Seishidou,6,16187,16.0,163.0,2019-02-01,ja,OVA,Hentai
920,Nurse Witch Komugi-chan Magikarte Special,1,5428,27.0,1.0,2003-06-06,ja,Special,Comedy
1670,Beyblade the Movie: Decisive Battle! Takao VS Daichi,1,11275,70.0,9.0,2002-08-17,ja,Movie,"Action, Adventure, Comedy, Sci-Fi, Sports"
348,Bottle Fairy,13,18743,13.0,50.0,2003-10-04,ja,TV,"Comedy, Fantasy"
51128,I've Somehow Gotten Stronger When I Improved My Farm-Related Skills,12,113354,23.0,424.0,2022-10-01,ja,TV,"Action, Adventure, Fantasy"
4524,Shenmue: The Movie,1,2508,91.0,8.0,2001-09-08,ja,Movie,"Action, Adventure"
51893,Mr.,1,341,3.0,0.0,2022-05-22,ja,Music,UNKNOWN
9001,Je T'aime,1,7686,11.0,16.0,2010-07-06,ja,OVA,Sci-Fi
49652,Link Click: Troubles of Ordinary People,1,4905,16.0,5.0,2021-08-27,ja,ONA,Comedy
1303,The Animatrix,9,79457,10.0,254.0,2003-06-03,ja,OVA,"Action, Drama, Sci-Fi"
18639,Lagrange: The Flower of Rin-ne Season 2 Specials,6,3280,3.0,0.0,2012-09-21,ja,Special,Comedy
36082,City Planning,1,233,6.0,0.0,2012-06-17,ja,Music,UNKNOWN
28989,Maku,1,492,5.0,0.0,2014-08-25,ja,Movie,Avant Garde
1951,Neo Tokyo,3,31918,16.0,117.0,1987-09-25,ja,Movie,"Adventure, Fantasy, Horror, Sci-Fi, Supernatural"
33899,IDOLiSH7,17,66307,24.0,1303.0,2018-01-07,ja,TV,Drama
10161,No. 6,11,422505,23.0,7272.0,2011-07-08,ja,TV,"Action, Drama, Mystery, Sci-Fi"
5614,Shikkaku Ishi,2,1215,28.0,3.0,2003-01-25,ja,OVA,Hentai
28953,The Undertaker and the Dog,1,916,4.0,0.0,2010-01-01,ja,Movie,"Avant Garde, Horror"
52931,Kimi wa Tennen Shoku,1,437,4.0,0.0,2021-03-03,ja,Music,UNKNOWN
649,Hanaukyo Maid Team: La Verite,12,23362,23.0,14.0,2004-04-04,ja,TV,"Comedy, Romance, Ecchi"
6653,Galaxy Express 999: Claire of the Glass,1,2804,15.0,3.0,1980-03-15,ja,Movie,"Drama, Sci-Fi"
42793,Carol (Music),1,416,3.0,0.0,2020-08-01,ja,Music,UNKNOWN
22081,Cosplay Rakuen,1,4598,16.0,4.0,2014-01-01,ja,OVA,Hentai
37401,Irotoridori,1,271,3.0,0.0,2013-02-05,ja,Music,UNKNOWN
32410,Dimension W: W Gate Online - Rose's Counseling Room,5,11230,3.0,10.0,2016-03-25,ja,Special,Sci-Fi
769,Burn-Up W: On the Case & In your Face,4,10104,26.0,5.0,1996-04-10,ja,OVA,"Action, Comedy, Sci-Fi, Ecchi"
3178,Karura Mau Movie,1,2181,78.0,3.0,1989-04-08,ja,Movie,"Action, Adventure, Fantasy, Horror, Supernatural"
9706,Canaan: Minorikawa Report Year 201X Shanghai,1,8219,12.0,2.0,2010-02-26,ja,Special,Action
9292,Kiki to Lala no Aoi Tori,1,500,58.0,1.0,1989-07-22,ja,Movie,UNKNOWN
3014,Legend of the Galactic Heroes: My Conquest is the Sea of Stars,1,37629,59.0,59.0,1988-02-06,ja,Movie,"Action, Sci-Fi"
51886,Pokémon Kids TV: Let's Play with Pokémon,1,558,2.0,2.0,2021-03-12,ja,ONA,UNKNOWN
31405,Joker Game,12,207237,23.0,609.0,2016-04-05,ja,TV,Drama
36510,Ulysses: Jeanne d'Arc and the Alchemist Knight,12,91240,23.0,101.0,2018-10-07,ja,TV,"Action, Fantasy, Ecchi"
19283,Oyako Rankan The Animation,1,4110,28.0,2.0,2013-09-27,ja,OVA,Hentai
2090,Choujikuu Seiki Orguss 02,6,3619,30.0,11.0,1993-12-05,ja,OVA,"Action, Adventure, Romance, Sci-Fi"
8547,"Dr. Slump and Arale-chan: Hoyoyo! City of Dreams, Mechapolis",1,1442,38.0,0.0,1985-07-13,ja,Movie,"Comedy, Sci-Fi"
40610,Healin' Good Pretty Cure,45,10698,24.0,73.0,2020-02-02,ja,TV,"Action, Fantasy"
21473,Persona 3 the Movie: #2 Midsummer Knight's Dream,1,82306,98.0,208.0,2014-06-07,ja,Movie,"Action, Fantasy, Supernatural"
34935,Yowai Robot to 10 no Story Project,2,288,1.0,0.0,2016-03-22,ja,ONA,UNKNOWN
3702,Detroit Metal City: The Animated Series,12,205577,14.0,3234.0,2008-08-08,ja,OVA,Comedy
2150,Tanoshii Muumin Ikka,78,25539,24.0,664.0,1990-04-12,ja,TV,"Adventure, Comedy, Fantasy, Slice of Life"
47351,Monster (Music),1,835,3.0,4.0,2021-01-13,ja,Music,UNKNOWN
11855,Houkago Nyannyan,1,5645,19.0,8.0,2011-12-16,ja,OVA,Hentai
34633,Origami of Landscape,1,564,0.7,0.0,2013-06-08,ja,ONA,Avant Garde
49214,Peach Boy Riverside Mini Anime,12,2728,1.0,3.0,2021-05-25,ja,ONA,Fantasy
33865,8-shaku 8-wa Kerakumeguri: Igyou Kaikitan The Animation,3,10610,15.0,60.0,2016-11-25,ja,OVA,"Supernatural, Hentai"
2280,Tokyo Pig,61,1444,23.0,7.0,1997-07-03,ja,TV,Comedy
1258,Saint Seiya: The Heated Battle of the Gods,1,17047,45.0,21.0,1988-03-12,ja,Movie,"Adventure, Sci-Fi"
48097,Incomparable Demon King,40,1300,7.0,6.0,2021-02-17,ja,ONA,Fantasy
52178,War God System! I'm Counting On You!,16,13180,19.0,66.0,2022-07-27,ja,ONA,"Action, Comedy, Fantasy"
51195,Fog Hill of Five Elements,1,2277,5.0,3.0,2016-12-31,ja,ONA,"Action, Fantasy"
37802,Ongeki,1,572,1.0,1.0,2018-04-27,ja,ONA,Slice of Life
2342,Shin Choujin Densetsu Urotsukidouji Mataiden,2,2310,47.0,3.0,1990-12-01,ja,OVA,"Fantasy, Horror, Sci-Fi, Hentai"
44040,ABCiee Working Diary,12,2831,2.0,4.0,2021-01-07,ja,TV,Comedy
33266,NANOCORE,10,1002,21.0,1.0,2014-02-14,ja,ONA,Sci-Fi
6946,Mudazumo Naki Kaikaku: The Legend of Koizumi,3,13282,8.0,30.0,2010-02-26,ja,OVA,Comedy
13679,Hamtaro Hai!,77,5099,5.0,7.0,2006-04-05,ja,TV,Adventure
22565,Bad Badtz-Maru in the Ants and the Grasshopper,1,469,10.0,1.0,2001-09-21,ja,OVA,Fantasy
39326,"Hensuki: Are you willing to Fall in Love with a Pervert, as long as she's a Cutie?",12,307747,23.0,894.0,2019-07-08,ja,TV,"Comedy, Romance, Ecchi"
2187,Gold Throbber,2,2374,26.0,4.0,2005-06-10,ja,OVA,Hentai
5733,Okusama wa Joshikousei,1,2197,20.0,3.0,2001-12-21,ja,OVA,"Romance, Hentai"
10155,Dog Days,13,184851,24.0,553.0,2011-04-02,ja,TV,"Action, Adventure, Fantasy"
3038,A Thousand and One Nights,1,5215,130.0,5.0,1969-06-14,ja,Movie,"Adventure, Fantasy"
5192,Kiku-chan to Ookami,1,542,45.0,0.0,2008-08-13,ja,Special,Adventure
31919,PriPara Movie: Mi~nna no Akogare♪ Let's Go☆Prix Paris,1,2257,72.0,7.0,2016-03-12,ja,Movie,Slice of Life
7590,Stray Cats Overrun!,13,136498,24.0,203.0,2010-04-06,ja,TV,"Comedy, Romance"
50383,VERSEⁿ: Episodeⁿ - Kuusou,1,487,1.0,0.0,2021-11-12,ja,ONA,Fantasy
31798,Kiznaiver,12,712543,24.0,4860.0,2016-04-09,ja,TV,"Drama, Romance, Sci-Fi"
33048,Zegapain ADP,1,3230,117.0,2.0,2016-10-15,ja,Movie,"Action, Romance, Sci-Fi"
30382,Aquarion Logos,26,22876,24.0,17.0,2015-07-03,ja,TV,"Action, Fantasy, Romance, Sci-Fi"
9881,Chou Supercar Gattiger,25,750,25.0,0.0,1977-10-04,ja,TV,"Action, Sci-Fi"
39999,Carole & Tuesday: Gus to Roddy no Kaisouroku,1,4962,22.0,6.0,2019-07-04,ja,Special,"Drama, Romance, Sci-Fi"
24695,Brynhildr in the Darkness Special,1,42422,20.0,24.0,2014-09-24,ja,Special,"Comedy, Sci-Fi, Ecchi"
43506,Alice Gear Aegis: Doki! Actress Darake no Mermaid Grand Prix♥,1,2499,18.0,4.0,2021-09-15,ja,OVA,Action
37532,Random,1,315,3.0,0.0,2014-04-19,ja,Music,UNKNOWN
7465,Time of Eve,1,122253,106.0,584.0,2010-03-06,ja,Movie,"Sci-Fi, Slice of Life"
40491,Hyperventilation,6,23944,3.0,115.0,2017-10-11,ja,ONA,"Boys Love, Drama, Erotica"
42831,Munou na Nana Mini Anime,12,3743,3.0,3.0,2020-10-09,ja,ONA,"Comedy, Supernatural"
51230,Don’t replay the boredom.,1,966,3.0,3.0,2022-03-11,ja,Music,UNKNOWN
7698,Sangokushi: Dai San Bu - Harukanaru Taichi,1,640,147.0,1.0,1994-04-09,ja,Movie,Action
32871,Winter Cup Highlights Episode 3 – Winter Cup Highlights -Crossing the Door-,1,39479,88.0,35.0,2016-12-03,ja,Movie,"Comedy, Sports"
48773,Live Beyond!!,1,523,2.0,0.0,2021-04-18,ja,Music,UNKNOWN
4853,Tezuka Osamu no Don Dracula,8,2646,24.0,3.0,1982-04-05,ja,TV,"Comedy, Horror, Supernatural"
8857,My Ordinary Life Episode 0,1,82477,22.0,56.0,2011-03-12,ja,OVA,Comedy
34857,Everyday Affair,1,308,3.0,0.0,2015-12-28,ja,Music,UNKNOWN
24913,The Kawai Complex Guide to Manors and Hostel Behavior OVA: First Time,1,48746,23.0,41.0,2015-01-30,ja,Special,Slice of Life
45653,When Will Ayumu Make His Move?,12,148523,24.0,649.0,2022-07-08,ja,TV,"Comedy, Romance"
3762,Sonic Soldier Borgman: Last Battle,1,1101,59.0,0.0,1989-09-16,ja,OVA,"Action, Sci-Fi"
2119,Captain Tsubasa: Ayaushi! Zen Nihon Jr.,1,5148,60.0,2.0,1985-12-21,ja,Movie,Sports
38528,Full-Time Magister 3rd Season,12,52316,18.0,99.0,2018-10-12,ja,ONA,"Action, Fantasy"
33493,Promised Town,1,907,7.0,2.0,2016-06-16,ja,ONA,"Action, Sci-Fi"
6074,21-Emon: To Space! The Barefoot Princess,1,735,40.0,3.0,1992-03-07,ja,Movie,"Comedy, Sci-Fi"
33885,Hane (2015),1,507,1.0,0.0,2015-12-25,ja,Music,UNKNOWN
37476,Cardfight!! Vanguard (2018),52,12301,23.0,49.0,2018-05-05,ja,TV,Action
36071,Rabbit,1,245,4.0,0.0,2011-06-30,ja,Music,UNKNOWN
27613,Selector Infected WIXOSS: Midoriko-san to Piruruku-tan,3,9443,5.0,2.0,2014-08-27,ja,Special,Comedy
34173,Buddy Go! 2,4,2962,1.0,5.0,2016-10-04,ja,Special,"Comedy, Romance"
1453,Maison Ikkoku,96,68899,25.0,1620.0,1986-03-26,ja,TV,"Comedy, Drama, Romance"
9851,O-parts: Oman,1,1500,6.0,5.0,1987-01-01,ja,Special,"Action, Comedy, Erotica"
38735,7 Seeds,12,128053,25.0,368.0,2019-06-28,ja,ONA,"Adventure, Drama, Mystery, Romance, Sci-Fi"
30711,Code Geass: Akito the Exiled - To Beloved Ones,1,85969,59.0,107.0,2016-02-06,ja,Movie,Action
3171,Spa of Love,2,4588,29.0,11.0,2005-10-25,ja,OVA,Hentai
53009,Onomatopoeia Rap: Natsu Asobi-hen,1,219,1.0,2.0,2022-09-11,ja,Music,UNKNOWN
49977,Candy.zip,1,574,4.0,0.0,2017-01-01,ja,Movie,Award Winning
297,Grenadier: The Beautiful Warrior,12,54703,24.0,75.0,2004-10-14,ja,TV,"Action, Adventure, Comedy, Ecchi"
36565,Major 2nd,25,32682,24.0,75.0,2018-04-07,ja,TV,Sports
19137,EDEN,1,2253,4.0,1.0,2011-10-15,ja,Music,UNKNOWN
559,RahXephon: Kansoukyoku/Kanojo to Kanojo Jishin to - Thatness and Thereness,1,7247,15.0,3.0,2003-08-07,ja,OVA,"Drama, Sci-Fi"
22695,Dragon Ball Z: Summer Vacation Special,1,13287,43.0,3.0,1992-07-01,ja,Special,"Action, Adventure, Comedy, Fantasy"
49103,Encore,1,856,4.0,1.0,2021-01-18,ja,Music,UNKNOWN
4027,Jiburiru: Second Coming,4,6004,29.0,13.0,2007-05-25,ja,OVA,Hentai
15807,Ro-Kyu-Bu!: Tomoka no Ichigo Sundae,1,17252,25.0,8.0,2013-06-20,ja,OVA,"Comedy, Sports, Ecchi"
30573,Break Blade: Virgins War,1,4517,5.0,2.0,2014-08-26,ja,Special,Action
43206,Gundam: G no Reconguista Movie V - Shisen wo Koete,1,1658,95.0,2.0,2022-08-05,ja,Movie,"Action, Sci-Fi"
34376,Yuuki Yuuna wa Yuusha de Aru: Washio Sumi no Shou 3 - Yakusoku,1,14249,48.0,41.0,2017-07-08,ja,Movie,"Drama, Fantasy, Slice of Life"
31704,One Punch Man: Road to Hero,1,313234,24.0,350.0,2015-12-04,ja,OVA,"Action, Comedy"
2264,Jungle Emperor Leo,1,4235,94.0,14.0,1997-08-01,ja,Movie,"Adventure, Fantasy"
3230,Tower of Druaga: The Aegis of Uruk,12,116390,25.0,206.0,2008-04-05,ja,TV,"Adventure, Comedy, Fantasy"
30646,Perman (1983) Specials,3,569,12.0,1.0,1983-07-20,ja,Special,Comedy
4941,Tezuka Osamu ga Kieta?! 20 Seiki Saigo no Kaijiken,1,1001,41.0,0.0,2000-12-05,ja,Special,Mystery
338,The Rose of Versailles,40,92385,24.0,2840.0,1979-10-10,ja,TV,"Drama, Romance"
34244,Crayon Shin-chan: Invasion!! Alien Shiriri,1,2958,105.0,0.0,2017-04-15,ja,Movie,"Adventure, Comedy, Sci-Fi"
1896,Akiba Girls,3,15525,30.0,84.0,2004-06-25,ja,OVA,Hentai
15959,Nurarihyon no Mago OVA,2,24341,23.0,21.0,2012-12-04,ja,OVA,"Action, Supernatural"
18525,Rin x Sen + Ran -> Sem: Cross Mix,2,9833,29.0,73.0,2013-06-28,ja,OVA,Hentai
23233,The Testament of Sister New Devil,12,652424,23.0,1999.0,2015-01-08,ja,TV,"Action, Fantasy, Romance, Ecchi"
2169,Ice,3,8651,37.0,8.0,2007-05-25,ja,OVA,"Action, Girls Love, Sci-Fi"
40417,Fruits Basket 2nd Season,25,470337,23.0,5727.0,2020-04-07,ja,TV,"Drama, Romance, Supernatural"
7374,A Hundred Percents,1,979,53.0,0.0,1990-09-07,ja,OVA,Drama
6981,Super Zugan,21,812,25.0,3.0,1992-10-09,ja,TV,Comedy
30079,Kirin no Otenki Mama-san,12,521,0.2,0.0,1964-06-26,ja,Special,Fantasy
33206,Miss Kobayashi's Dragon Maid,13,1183112,24.0,16784.0,2017-01-12,ja,TV,"Fantasy, Slice of Life"
29893,Aria the Avvenire,3,26599,21.0,104.0,2015-09-26,ja,Special,"Fantasy, Sci-Fi, Slice of Life"
1151,Dominion,4,16949,37.0,58.0,1988-05-27,ja,OVA,"Comedy, Sci-Fi"
38409,Scissor Seven,10,90586,14.0,1235.0,2018-04-25,ja,ONA,"Action, Comedy, Drama, Mystery, Romance"
38671,Fire Force,24,1251581,23.0,8931.0,2019-07-06,ja,TV,"Action, Supernatural"
5507,Valkyria Chronicles,26,129471,24.0,610.0,2009-04-05,ja,TV,"Action, Romance"
1515,Sentou Yousei Shoujo Tasukete! Mave-chan,1,3653,23.0,2.0,2005-02-24,ja,OVA,"Comedy, Sci-Fi"
2215,Kishin Taisen Gigantic Formula,26,6674,24.0,7.0,2007-04-05,ja,TV,Sci-Fi
30953,Arslan Senki (TV): Arsen 4-koma Gekijou,8,10944,1.0,5.0,2015-07-23,ja,Special,Comedy
1776,Red Hawk - Weapon Of Death,1,1270,84.0,1.0,1995-08-05,ja,Movie,UNKNOWN
8985,The Tatami Galaxy Specials,3,26373,6.0,21.0,2010-08-20,ja,Special,Comedy
38112,Tales of Puppet,16,828,6.0,0.0,2018-06-14,ja,ONA,"Comedy, Fantasy"
1549,1000-nen Joou: Queen Millennia,1,4630,121.0,7.0,1982-03-13,ja,Movie,"Adventure, Drama, Fantasy, Sci-Fi"
283,Anne of Green Gables,50,30990,25.0,761.0,1979-01-07,ja,TV,Drama
17397,Cyclops Shoujo Saipuu,12,43699,2.0,36.0,2013-03-12,ja,ONA,"Comedy, Slice of Life, Ecchi"
30355,Wakaba Girl,13,42792,7.0,65.0,2015-07-03,ja,TV,"Comedy, Slice of Life"
1168,Irresponsible Captain Tylor OVA,10,9284,37.0,10.0,1994-10-01,ja,OVA,"Adventure, Comedy, Drama, Sci-Fi"
1879,Goku: Midnight Eye,1,11728,50.0,16.0,1989-01-27,ja,OVA,"Action, Mystery, Sci-Fi"
38295,Joshi Kausei,12,63171,3.0,51.0,2019-04-06,ja,TV,"Comedy, Slice of Life"
450,InuYasha the Movie 2: The Castle Beyond the Looking Glass,1,101964,99.0,252.0,2002-12-21,ja,Movie,"Action, Adventure, Fantasy, Romance"
1537,Ryu the Primitive Boy,22,2308,25.0,6.0,1971-10-30,ja,TV,"Action, Adventure, Sci-Fi"
38788,Detective Conan: Amuro Secret Call,1,2394,2.0,2.0,2018-10-03,ja,Special,"Comedy, Mystery"
6183,Yoh Shomei Art Gallery Line,1,976,24.0,1.0,2006-08-01,ja,OVA,Fantasy
42307,The World Ends with You The Animation,12,68857,23.0,309.0,2021-04-10,ja,TV,"Action, Adventure"
42249,Tokyo Revengers,24,1153566,23.0,24932.0,2021-04-11,ja,TV,"Action, Drama, Supernatural"
12347,Dirty Pair Flash 3,5,3916,27.0,1.0,1995-12-21,ja,OVA,"Action, Adventure, Comedy, Sci-Fi, Ecchi"
6893,Demon Father,2,56694,29.0,441.0,2009-10-30,ja,OVA,Hentai
22239,Mahou no Yousei Persia Pilot,1,528,3.0,0.0,2003-05-23,ja,Special,UNKNOWN
32148,PS3® no Tsukai Kata: feat.Peeping Life,6,463,4.0,1.0,2010-09-26,ja,OVA,"Comedy, Slice of Life"
10906,Hakoiri Shoujo: Virgin Territory,2,6601,17.0,10.0,2011-09-30,ja,OVA,Hentai
29956,Swimming,1,390,4.0,0.0,2008-01-01,ja,Movie,Avant Garde
6078,Legacy of Aru Kararu,1,1348,75.0,0.0,1993-02-25,ja,OVA,Sci-Fi
608,Sakura Wars: The Movie,1,6543,85.0,5.0,2001-12-22,ja,Movie,"Adventure, Sci-Fi"
33156,Code Geass: Hangyaku no Lelouch R2 Picture Drama - Last Moratorium,1,10258,11.0,5.0,2014-03-26,ja,Special,"Comedy, Slice of Life"
16512,Devil Survivor 2 The Animation,13,164561,24.0,470.0,2013-04-05,ja,TV,"Action, Supernatural"
35111,Haikyu!! The Movie: Battle of Concepts,1,77596,88.0,74.0,2017-09-29,ja,Movie,Sports
3929,Ugokie Kori no Tatehiki,1,1410,11.0,0.0,1933-12-31,ja,Movie,"Comedy, Supernatural"
5664,Keibiin,3,1292,26.0,1.0,2000-11-24,ja,OVA,Hentai
33588,Shinkyoku no Grimoire The Animation: Unico no Natsuyasumi,1,2446,1.0,3.0,2015-12-25,ja,Special,"Fantasy, Hentai"
28603,Shakugan no Shana: Friagne & Marianne no Naze Nani Shana! Nandemo Shitsumonbako! Specials,3,5091,6.0,0.0,2006-10-27,ja,Special,"Comedy, Fantasy, Supernatural"
8150,Spooky Kitaro: The All Seeing Eye,1,1019,12.0,0.0,1980-07-12,ja,Movie,"Adventure, Comedy, Fantasy, Horror, Supernatural"
39495,"The Girl From the Other Side: Siúil, a Rún",1,53228,10.0,219.0,2019-09-10,ja,OVA,Supernatural
54846,The Girl Downstairs,22,7036,13.0,76.0,2023-04-20,ja,ONA,"Drama, Romance"
22877,Blade Dance of the Elementalers,12,354738,23.0,903.0,2014-07-14,ja,TV,"Action, Comedy, Fantasy, Romance, Ecchi"
2927,KimiKiss: Pure Rouge,24,88704,24.0,296.0,2007-10-07,ja,TV,"Drama, Romance"
1641,Iron Virgin Jun,1,2826,46.0,1.0,1992-07-21,ja,OVA,"Action, Comedy, Fantasy"
23325,Argevollen,24,43485,23.0,43.0,2014-07-03,ja,TV,Action
7793,Ring ni Kakero 1: Kage Dou-hen,6,1828,21.0,1.0,2010-04-02,ja,TV,"Action, Sports"
24629,Gourmet Girl Graffiti,12,78265,24.0,150.0,2015-01-09,ja,TV,"Comedy, Gourmet, Slice of Life"
33378,Haikara-san: Here Comes Miss Modern,1,25318,97.0,83.0,2017-11-11,ja,Movie,"Comedy, Romance"
3695,Spectral Force Chronicle Divergence,1,1063,24.0,1.0,2005-06-22,ja,OVA,Fantasy
3692,Yes! Precure 5 GoGo!,48,10417,24.0,41.0,2008-02-03,ja,TV,"Action, Fantasy"
9919,Blue Exorcist,25,1854727,24.0,16692.0,2011-04-17,ja,TV,"Action, Fantasy"
4608,Countdown: Akira Complex,3,2357,28.0,7.0,1997-03-28,ja,OVA,Hentai
46095,Vivy -Fluorite Eye's Song-,13,496658,24.0,9993.0,2021-04-03,ja,TV,"Action, Sci-Fi, Suspense"
36640,Mashiro Witch - Midnight Marchen,1,393,2.0,1.0,2017-03-14,ja,ONA,UNKNOWN
1665,Babel II,4,2656,29.0,4.0,1992-03-21,ja,OVA,"Action, Sci-Fi"
967,Fist of the North Star,109,126381,25.0,2224.0,1984-10-11,ja,TV,"Action, Drama, Sci-Fi"
18413,Puchitto Gargantia,13,9789,1.0,0.0,2013-04-10,ja,ONA,Sci-Fi
51737,Natsuyasumi Ake no Kanojo wa...,2,3159,19.0,9.0,2022-07-08,ja,OVA,Hentai
9691,Kyomu Senshi Miroku,6,1231,25.0,3.0,1989-01-10,ja,OVA,"Action, Fantasy, Sci-Fi, Supernatural"
6061,Maryuu Senki,3,3547,30.0,8.0,1987-03-05,ja,OVA,"Fantasy, Horror"
341,Spiral: Bond of Reasoning,25,51663,23.0,289.0,2002-10-01,ja,TV,"Drama, Mystery"
34855,Gabriel DropOut Specials,2,69080,15.0,68.0,2017-03-24,ja,Special,"Comedy, Supernatural"
2117,Shin Captain Tsubasa,13,12207,26.0,19.0,1989-07-01,ja,OVA,Sports
50932,The Reincarnation of the Strongest Exorcist in Another World,13,156596,23.0,774.0,2023-01-07,ja,TV,"Action, Adventure, Fantasy"
2092,Kiss wa Hitomi ni Shite,1,1462,31.0,0.0,1993-08-27,ja,OVA,"Drama, Romance"
8062,Mai-HiME: Kuro no Mai/Saigo no Bansan,1,6025,4.0,4.0,2010-01-27,ja,Special,Comedy
1723,Clannad The Motion Picture,1,171751,93.0,411.0,2007-09-15,ja,Movie,"Drama, Romance, Supernatural"
48505,Yashahime: Princess Half-Demon: The Second Act,24,40490,24.0,320.0,2021-10-02,ja,TV,"Action, Adventure, Fantasy"
28339,2005-nen Uchuu no Tabi,1,2516,1.0,1.0,2005-12-31,ja,Special,"Avant Garde, Sci-Fi"
32058,Four Seasons: Fuuka and Nanami,1,1603,4.0,2.0,2015-10-30,ja,ONA,UNKNOWN
34491,Sagurare Otome The Animation,1,7730,17.0,22.0,2017-01-06,ja,OVA,Hentai
23421,Re: Hamatora: Season 2,12,165436,24.0,411.0,2014-07-08,ja,TV,"Action, Mystery, Supernatural"
21711,Il torero Camomillo,1,346,2.0,0.0,1970-02-01,ja,Music,UNKNOWN
41793,Hajimete no Orusuban,2,5141,17.0,17.0,2020-12-04,ja,OVA,Hentai
7430,Konjiki no Gash Bell!!: Ougon no Chichi wo Motsu Otoko,1,3719,18.0,0.0,2005-05-25,ja,OVA,"Action, Adventure, Comedy, Romance, Supernatural, Ecchi"
2646,Dorami & Doraemons: Robot School's Seven Mysteries,1,1784,31.0,1.0,1996-03-02,ja,Movie,Fantasy
19647,Hajime No Ippo: The Fighting!,25,241711,22.0,1193.0,2013-10-06,ja,TV,Sports
1873,Plastic Model Wrestling Sanshiro,37,3781,25.0,21.0,1983-06-05,ja,TV,"Action, Adventure, Sci-Fi"
32041,Mori no Densetsu: Dai Ni Gakushou,1,787,11.0,0.0,2014-08-21,ja,Movie,Fantasy
22167,Goldfish Fetish,1,647,7.0,0.0,2002-01-01,ja,Movie,Avant Garde
6872,Cyborg 009,1,3479,65.0,2.0,1966-07-21,ja,Movie,"Action, Adventure, Drama, Sci-Fi"
3701,Kaiba,12,145696,24.0,3547.0,2008-04-11,ja,TV,"Adventure, Award Winning, Mystery, Romance, Sci-Fi"
9309,Kansen 3: Shuto Houkai,2,6292,29.0,10.0,2010-09-24,ja,OVA,Hentai
1745,Wild 7 Another,13,1175,24.0,1.0,2002-04-27,ja,TV,"Action, Adventure, Mystery"
706,Comic Party Revolution,13,9726,24.0,8.0,2005-04-04,ja,TV,"Comedy, Drama"
2074,Kero Kero Chime,30,1458,24.0,0.0,1997-03-06,ja,TV,"Adventure, Comedy, Fantasy"
4397,Sankichi the Monkey: The Storm Troopers,1,1281,9.0,0.0,1934-03-24,ja,Movie,UNKNOWN
41222,Shu,1,519,2.0,1.0,2019-03-06,ja,ONA,"Action, Fantasy"
31668,Teekyu 5 Specials,2,4574,2.0,0.0,2015-11-27,ja,Special,"Comedy, Sports"
36757,Happy☆Twinkle,1,528,3.0,4.0,2012-01-16,ja,Music,Fantasy
33170,"Kokoro ga Sakebitagatterunda. x Sony Hi-Res ""Walkman"" and Headphone",1,5391,0.5,1.0,2016-03-28,ja,Special,Drama
35498,Boku to Misaki-sensei,1,13950,21.0,139.0,2017-04-28,ja,OVA,Hentai
5263,Tomorrow's Song,1,839,2.0,0.0,2005-08-03,ja,Music,UNKNOWN
40217,Naedoko Demon's Ground,1,2114,15.0,1.0,2019-07-26,ja,ONA,"Fantasy, Hentai"
36108,Takunomi,12,45682,12.0,49.0,2018-01-12,ja,TV,"Comedy, Gourmet"
42923,SK8 the Infinity,12,520896,23.0,12511.0,2021-01-10,ja,TV,Sports
7157,Dr. Slump and Arale-chan: N-cha! From Penguin Village with Love,1,1481,31.0,0.0,1993-07-10,ja,Movie,"Comedy, Sci-Fi"
35432,10000 Years Later,1,974,96.0,2.0,2015-03-27,ja,Movie,Fantasy
37497,Iroduku: The World in Colors,13,319246,24.0,2110.0,2018-10-06,ja,TV,"Drama, Fantasy, Romance"
2541,Submission Central,2,2470,29.0,6.0,2002-03-08,ja,OVA,Hentai
16405,"Boku no Imouto wa ""Osaka Okan""",12,19156,3.0,6.0,2012-12-22,ja,TV,"Comedy, Gourmet"
40830,"Bokura no Te ni wa Nanimo Nai kedo,",1,237,4.0,1.0,2015-05-21,ja,Music,Drama
48604,Fastening Days 2,1,1043,9.0,0.0,2016-08-01,ja,ONA,UNKNOWN
40165,Listeners,12,61856,24.0,50.0,2020-04-04,ja,TV,Sci-Fi
19369,Outbreak Company,12,349770,24.0,896.0,2013-10-04,ja,TV,"Comedy, Fantasy"
2624,A Dog of Flanders: My Patrasche,26,2118,25.0,6.0,1992-10-10,ja,TV,Drama
30086,The Blossom Man,1,1207,6.0,0.0,1928-07-01,ja,Movie,"Comedy, Drama"
1283,Gestalt,2,4169,29.0,5.0,1997-01-22,ja,OVA,"Adventure, Comedy, Fantasy"
36456,My Hero Academia Season 3,25,2085281,23.0,12739.0,2018-04-07,ja,TV,Action
14131,Girls und Panzer,12,288483,24.0,5234.0,2012-10-09,ja,TV,Action
37272,Kujira no Kora wa Sajou ni Manabu!,2,9956,10.0,3.0,2018-01-26,ja,Special,"Comedy, Drama, Fantasy, Mystery"
5316,Rape! Rape! Rape!,3,8564,27.0,34.0,2008-10-17,ja,OVA,Hentai
31687,◯,1,2472,1.0,2.0,2010-01-01,ja,ONA,Avant Garde
6919,X-Men,12,26751,23.0,27.0,2011-04-01,ja,TV,"Action, Drama"
3202,Daisuki! Hello Kitty,26,2873,21.0,8.0,1993-10-05,ja,TV,Fantasy
17643,Little Busters!: I Will Protect the World of Saitou!,1,28545,24.0,27.0,2013-11-15,ja,OVA,"Comedy, Supernatural"
22571,Pekkle in Drakestail,1,519,10.0,3.0,2001-11-23,ja,OVA,Fantasy
4841,Doukyuusei Climax,2,1817,30.0,1.0,1995-12-22,ja,OVA,Hentai
2240,Sins of the Sisters,2,1265,47.0,0.0,1994-10-21,ja,OVA,Hentai
2738,Kasumin 3rd Season,26,635,25.0,1.0,2003-04-09,ja,TV,Fantasy
32400,KochinPa!,12,2278,0.2,0.0,2015-12-22,ja,TV,Comedy
34589,"Onihei: Sono Otoko, Heizou Hasegawa",1,3375,40.0,2.0,2017-02-22,ja,OVA,UNKNOWN
33769,Imouto to Sono Yuujin ga Ero Sugite Ore no Kokan ga Yabai,2,9570,29.0,24.0,2016-10-28,ja,OVA,Hentai
42121,Kanashimi no Kodomo-tachi,1,394,3.0,0.0,2020-02-15,ja,Music,UNKNOWN
5019,Lupin III: Sweet Lost Night - Mahou no Lamp wa Akumu no Yokan,1,5382,91.0,1.0,2008-07-25,ja,Special,"Action, Adventure, Comedy, Mystery"
6800,Transformers: Scramble City,1,2127,23.0,2.0,1986-04-01,ja,OVA,"Action, Sci-Fi"
12403,YuruYuri: Happy Go Lily ♪♪,12,180613,23.0,940.0,2012-07-03,ja,TV,"Comedy, Girls Love"
7617,Atelier Petros the Theater in the Sky: The Wash Bird of the Wash Island,1,726,3.0,0.0,2003-01-01,ja,ONA,"Comedy, Fantasy"
34280,Gamers!,12,627836,24.0,2135.0,2017-07-13,ja,TV,"Comedy, Romance"
7626,Triton of the Sea (1979),2,800,74.0,1.0,1979-04-04,ja,Movie,"Adventure, Fantasy"
3900,Golden Bat,52,2412,25.0,5.0,1967-04-01,ja,TV,"Action, Sci-Fi"
29868,Go! Princess Precure Movie: Go! Go!! Gouka 3-bondate!!!,1,3738,75.0,5.0,2015-10-31,ja,Movie,Fantasy
8937,A Certain Magical Index II,24,447652,23.0,1727.0,2010-10-08,ja,TV,"Action, Fantasy, Sci-Fi"
5907,Dream Dimension Hunter Fandora,3,2765,40.0,2.0,1985-09-21,ja,OVA,"Adventure, Fantasy, Sci-Fi"
40776,Haikyu!! TO THE TOP 2nd-cour,12,756412,23.0,5931.0,2020-10-03,ja,TV,Sports
15325,"So, I Can't Play H! Recap",1,26330,24.0,20.0,2012-08-24,ja,Special,"Comedy, Romance, Supernatural, Ecchi"
6032,Aquarion Movie: Ippatsu Gyakuten-hen,1,6499,116.0,3.0,2007-09-22,ja,Movie,"Drama, Fantasy"
24371,Mobile Suit Gundam Unicorn: Episode EX - 100 Years of Solitude,1,4587,25.0,2.0,2014-05-17,ja,Special,Drama
2958,Cosplay Cafe,2,5313,26.0,5.0,2004-03-25,ja,OVA,Hentai
4378,Hininden: Gauss,1,2474,27.0,4.0,2005-12-22,ja,OVA,Hentai
1645,Harlock Saga: The Ring of the Nibelung - The Rhein Gold,6,6226,25.0,4.0,1999-01-25,ja,OVA,"Action, Adventure, Drama, Sci-Fi"
13169,Buta,1,8705,24.0,7.0,2012-03-05,ja,Special,"Adventure, Comedy, Fantasy"
38489,The Wind Guardians,1,1534,105.0,5.0,2018-08-03,ja,Movie,"Action, Adventure, Comedy, Drama, Fantasy"
49654,Shiro the White Java Sparrow,1,316,4.0,0.0,2020-11-23,ja,ONA,Slice of Life
50768,The Case Study of Vanitas Episode 12.5 – Recap,1,18735,23.0,88.0,2022-01-08,ja,Special,"Action, Fantasy, Mystery"
55247,Tirori Mix,1,241,3.0,0.0,2023-01-13,ja,Music,"Gourmet, Sci-Fi"
10259,Big Fish & Begonia,1,41975,100.0,224.0,2016-07-08,ja,Movie,"Adventure, Drama, Romance, Supernatural"
19871,Gaist Crusher,51,2439,24.0,5.0,2013-10-02,ja,TV,"Action, Fantasy, Supernatural"
44260,"Celestial sphere, comets straddle the night",1,249,4.0,3.0,2019-03-22,ja,Music,UNKNOWN
35333,Hitori no Shita - The Outcast 2,24,72645,24.0,131.0,2017-10-27,ja,ONA,"Action, Supernatural"
49942,Tales of Luminaria the Fateful Crossroad,2,5023,27.0,11.0,2022-01-21,ja,ONA,Fantasy
34647,March Comes in Like a Lion: Omnibus Special Episode,1,16104,25.0,12.0,2016-12-29,ja,Special,Drama
1445,Speed Racer,52,14868,25.0,114.0,1967-04-02,ja,TV,Adventure
44233,Foreordination,12,1076,24.0,3.0,2022-10-25,ja,ONA,"Action, Sci-Fi"
37555,Operation Han-Gyaku-Sei Million Arthur,10,38588,24.0,46.0,2018-10-25,ja,TV,"Action, Adventure, Fantasy"
10562,Machine Hayabusa,21,1040,23.0,1.0,1976-04-02,ja,TV,Action
42989,Magical Death,1,227,5.0,1.0,2004-01-01,ja,Music,"Avant Garde, Comedy"
30514,Nisekoimonogatari,1,46060,1.0,56.0,2015-04-01,ja,ONA,UNKNOWN
9317,Doll Saaya,1,998,21.0,0.0,2001-07-27,ja,OVA,Hentai
49690,Girls & Panzer: Saishuushou Part 3 Specials,2,5324,10.0,15.0,2021-12-24,ja,Special,Comedy
4458,Bavel's Book,1,3061,5.0,1.0,1996-10-14,ja,Special,UNKNOWN
31517,Ohayou Ninja-tai Gatchaman,475,825,1.0,1.0,2011-04-18,ja,TV,Comedy
33392,Gakuen Handsome,12,40834,3.0,301.0,2016-10-04,ja,TV,"Boys Love, Comedy"
4066,Tytania,26,19136,24.0,33.0,2008-10-09,ja,TV,"Adventure, Romance, Sci-Fi"
29503,Gararin to Gororin,1,385,5.0,1.0,2006-02-15,ja,Special,UNKNOWN
14123,Pokemon Black and White 2: Introduction Movie,1,17598,6.0,14.0,2012-05-16,ja,ONA,"Action, Fantasy"
21001,My Big and Horny Sisters,1,12769,28.0,64.0,2013-12-20,ja,OVA,Hentai
38500,New Yoku feat Chan-Mika,1,264,4.0,0.0,2018-05-21,ja,Music,UNKNOWN
38980,I Like It,1,1045,1.0,3.0,2018-11-26,ja,Music,UNKNOWN
4761,Tokyo Loop,1,2121,70.0,3.0,2006-12-23,ja,Movie,"Avant Garde, Comedy"
6625,Nono-chan,61,1143,25.0,2.0,2001-07-07,ja,TV,"Comedy, Slice of Life"
33949,Please tell me! Galko-chan OVA,1,29538,28.0,32.0,2017-01-23,ja,OVA,"Comedy, Slice of Life"
2770,SF Shinseiki Lensman,1,3356,107.0,9.0,1984-07-07,ja,Movie,"Action, Adventure, Sci-Fi"
656,Air in Summer,2,40294,24.0,37.0,2005-08-28,ja,Special,"Comedy, Drama, Romance, Supernatural"
53411,Buddy Daddies,12,207652,24.0,2245.0,2023-01-07,ja,TV,"Action, Comedy"
36372,Hiromi,1,252,2.0,0.0,1980-04-01,ja,Music,UNKNOWN
1899,Cybuster,26,3309,24.0,1.0,1999-05-03,ja,TV,"Action, Adventure, Sci-Fi"
14173,Upotte!! Miatte Waratte,1,15524,26.0,9.0,2012-10-13,ja,OVA,"Comedy, Ecchi"
6535,Love,1,4093,4.0,5.0,1963-01-01,ja,Movie,"Avant Garde, Romance"
3858,The Adventures of Hutch the Honeybee,91,3266,24.0,23.0,1970-04-07,ja,TV,"Adventure, Comedy, Drama"
34784,Kuroko no Basket: Oshaberi Shiyou ka,1,15940,15.0,8.0,2017-01-27,ja,Special,"Comedy, Sports"
42484,Bring me up,1,240,6.0,0.0,2010-01-01,ja,Movie,"Avant Garde, Drama"
37334,Star Wars: The Force Awakens,1,998,1.0,1.0,2017-12-15,ja,ONA,Sci-Fi
19209,Devour Dinner,1,590,10.0,0.0,2008-01-01,ja,Movie,"Avant Garde, Fantasy"
16251,Shinkai no Kantai: Submarine 707,1,915,46.0,0.0,1997-01-10,ja,OVA,"Action, Adventure, Sci-Fi"
785,Otaku no Video,2,30500,48.0,114.0,1991-09-27,ja,OVA,"Comedy, Drama, Sci-Fi"
18671,"Love, Chunibyo & Other Delusions!: Heart Throb",12,714851,24.0,2515.0,2014-01-09,ja,TV,"Comedy, Romance"
42161,Pokétoon,8,6472,8.0,16.0,2020-06-04,ja,ONA,"Adventure, Comedy"
51864,Jian Xian Zai Ci,36,625,12.0,1.0,2022-05-21,ja,ONA,"Action, Comedy, Fantasy"
44194,The Boundary of Immorality: The Ura Side ♥ of the Female Teacher,2,4958,25.0,18.0,2021-01-29,ja,OVA,Hentai
38733,Cells at Work Special,1,45886,23.0,10.0,2018-12-27,ja,Special,Comedy
35202,Hand Shakers: Go ago Go,1,7211,23.0,5.0,2017-07-26,ja,Special,Action
39854,Tsunagaru,1,262,3.0,0.0,2011-11-24,ja,Special,UNKNOWN
3956,Shakugan no Shana-tan II (Second),3,41195,6.0,51.0,2008-01-25,ja,Special,Comedy
29617,Good-bye Elvis and USA,1,1529,7.0,0.0,1971-01-01,ja,Movie,Avant Garde
6355,Marie & Gali Episode Zero,1,1418,5.0,0.0,2008-11-08,ja,Special,Comedy
15845,Chikan no Licence,2,7524,19.0,17.0,2012-11-16,ja,OVA,Hentai
36858,Garo: The Fleeting Cherry Blossom,1,5194,82.0,3.0,2018-10-06,ja,Movie,"Action, Fantasy, Supernatural"
462,One Piece: Dead End,1,98400,95.0,70.0,2003-03-01,ja,Movie,"Action, Adventure, Fantasy"
6312,You're Under Arrest: Full Throttle Special,1,3355,21.0,1.0,2008-08-22,ja,Special,"Action, Adventure, Comedy"
17127,Straight Title Robot Anime,12,2612,15.0,4.0,2013-02-06,ja,TV,Comedy
29933,MTV ID (Shunsuke Saitou),2,500,0.4,0.0,2006-01-01,ja,Special,UNKNOWN
44524,Harem in the Labyrinth of Another World,12,233884,24.0,1836.0,2022-07-06,ja,TV,"Action, Adventure, Fantasy, Romance, Ecchi"
8486,Kihei Senki Legacies,1,1153,0.9,0.0,2010-04-01,ja,ONA,Fantasy
4096,The Water Seed,1,413,19.0,0.0,1975-01-01,ja,Movie,Award Winning
5589,Offside Girl,2,2279,15.0,4.0,2007-04-25,ja,OVA,"Sports, Hentai"
4154,Firebird,52,2094,20.0,3.0,1981-02-07,ja,TV,"Action, Adventure, Comedy, Fantasy"
44200,My Hero Academia: World Heroes' Mission,1,225660,104.0,965.0,2021-08-06,ja,Movie,Action
3076,Bishoujo Senshi Sailor Moon SuperS Specials,3,22888,16.0,17.0,1995-04-08,ja,Special,Romance
8664,"Slime Boukenki: Umi da, Yeah!",1,1587,15.0,3.0,1999-07-30,ja,Special,"Action, Adventure, Comedy, Fantasy"
4182,Darker Than Black Episode 26: Beneath the Fully Bloomed Cherry Blossoms,1,137574,23.0,189.0,2008-03-26,ja,Special,"Comedy, Sci-Fi"
10639,Deva Zan,1,2246,1.0,1.0,2010-12-21,ja,Movie,"Action, Fantasy"
52761,Hyperinflation PV,1,294,0.5,0.0,2022-04-08,ja,ONA,Fantasy
9167,Shukufuku no Campanella Specials,6,4105,1.0,4.0,2010-09-22,ja,Special,Ecchi
17068,Transfer,1,1948,6.0,1.0,2012-09-21,ja,Music,Action
16157,Hyperdimension Neptunia,12,149607,24.0,1192.0,2013-07-12,ja,TV,"Action, Comedy, Fantasy, Sci-Fi"
9264,Hana no Ko Lunlun: Konnichiwa Sakura no Kuni,1,1220,15.0,0.0,1980-03-15,ja,Movie,Drama
22169,Fetish Doll,1,2142,4.0,1.0,2003-01-01,ja,Movie,Avant Garde
8717,Kumo ga Haretara,1,604,2.0,0.0,1987-06-01,ja,Music,UNKNOWN
10624,Mardock Scramble: The Second Combustion,1,39403,64.0,50.0,2011-09-03,ja,Movie,"Action, Sci-Fi"
3318,Rumbling Hearts OVA,4,28607,29.0,33.0,2007-12-21,ja,OVA,"Drama, Romance"
41622,Yogishayo Isoge,1,215,2.0,0.0,1994-12-01,ja,Music,Romance
41219,Fanren Xiu Xian Chuan,17,4979,18.0,41.0,2020-07-25,ja,ONA,"Action, Adventure, Fantasy"
16317,Ishida & Asakura,12,14093,2.0,19.0,2013-01-06,ja,TV,Comedy
33150,Detective Conan: A Written Challenge from the Pyramids!,1,2187,17.0,2.0,2001-06-22,ja,OVA,Mystery
3454,Slave Doll - Maid to Order,3,3472,30.0,3.0,2000-05-20,ja,OVA,Hentai
4067,Shin Megami Tensei Devil Children,50,2842,23.0,4.0,2000-10-07,ja,TV,"Action, Adventure, Fantasy, Sci-Fi, Supernatural"
3735,Shooting Star Gakusaver,6,1596,27.0,0.0,1993-08-21,ja,OVA,"Action, Comedy, Sci-Fi"
10545,The Epic Of ZektBach,1,4106,30.0,5.0,2011-03-21,ja,OVA,"Action, Fantasy, Supernatural"
22943,Valis: The Fantasm Soldier,1,888,3.0,2.0,1987-01-01,ja,Special,"Action, Adventure, Fantasy"
41481,Nana Song,1,243,3.0,0.0,2006-02-22,ja,Music,Avant Garde
1678,Cyborg 009,50,32709,25.0,179.0,2001-10-14,ja,TV,"Action, Adventure, Sci-Fi"
48614,Wonder Egg Priority: My Priority,1,138610,46.0,432.0,2021-06-30,ja,Special,"Drama, Fantasy"
40403,Sakura Wars the Animation,12,18316,23.0,25.0,2020-04-03,ja,TV,"Action, Adventure, Sci-Fi"
30955,Crazy Monkey,1,879,1.0,1.0,1980-04-19,ja,Movie,Ecchi
33850,Libra of Nil Admirari,12,38805,23.0,123.0,2018-04-08,ja,TV,"Fantasy, Romance"
24373,Bakabon Osomatsu no Karee wo Tazunete Sansenri,1,653,44.0,0.0,1991-10-19,ja,Special,Comedy
32803,Dreaming Pupa: Yumemiru Bokura,1,504,4.0,0.0,2010-08-12,ja,Music,UNKNOWN
49126,Honeycomb Summer,1,340,2.0,1.0,2020-09-07,ja,Music,UNKNOWN
5131,Gloizer X,36,1053,25.0,6.0,1976-07-01,ja,TV,Sci-Fi
38475,Laid-Back Camp: The Movie,1,66134,120.0,352.0,2022-07-01,ja,Movie,Slice of Life
36782,Augmented Reality Girls Trinary: Ex.MV,5,1770,2.0,4.0,2017-06-15,ja,Music,Sci-Fi
41389,TONIKAWA: Over The Moon For You,12,690424,23.0,9818.0,2020-10-03,ja,TV,"Comedy, Romance"
29978,001,1,15916,0.6,5.0,2013-02-07,ja,ONA,Comedy
25923,Oppai Gakuen Marching Band-bu!,1,8097,27.0,19.0,2014-10-24,ja,OVA,Hentai
9107,Pokémon: Black & White,84,98642,22.0,153.0,2010-09-23,ja,TV,"Action, Adventure, Comedy, Fantasy"
25457,Marvel Avengers Confidential: Black Widow & Punisher,1,5863,82.0,7.0,2014-03-11,ja,Movie,"Action, Sci-Fi"
34961,Yume Oukoku to Nemureru 100-nin no Ouji-sama: Short Stories,10,4158,8.0,8.0,2017-03-25,ja,ONA,UNKNOWN
244,Agatha Christie's Great Detectives Poirot and Marple,39,7577,25.0,23.0,2004-07-04,ja,TV,Mystery
2020,One Piece: Nenmatsu Tokubetsu Kikaku! Mugiwara no Luffy Oyabun Torimonochou,1,31977,42.0,21.0,2005-12-18,ja,Special,"Comedy, Fantasy"
50916,Arifureta: From a Detour to the World's Strongest,1,38484,23.0,103.0,2022-03-23,ja,Special,"Action, Adventure, Fantasy"
28631,Studio Khara vs. CyberConnect2 Gachinko! Animation Taiketsu!,2,615,1.0,0.0,2014-11-14,ja,ONA,Action
8314,Tentai Senshi Sunred: Short Corner,4,944,1.0,1.0,2009-02-11,ja,Special,Comedy
33709,Garo: Crimson Moon - The Butterfly of Time,1,3500,23.0,0.0,2016-07-06,ja,Special,"Action, Fantasy"
38883,Haikyu!! To the Top,13,876743,24.0,5045.0,2020-01-11,ja,TV,Sports
24453,Panty-Monium,1,6610,24.0,11.0,2014-07-25,ja,OVA,Hentai
50022,The Last Bullet,1,271,4.0,0.0,2021-10-02,ja,Music,UNKNOWN
37994,B: The Beginning Succession,6,92042,23.0,162.0,2021-03-18,ja,ONA,"Action, Mystery, Supernatural, Suspense"
1203,Nitaboh,1,9346,99.0,21.0,2004-02-21,ja,Movie,UNKNOWN
6119,Cookin' Idol Ai! Mai! Main!,305,2257,6.0,5.0,2009-03-30,ja,TV,"Comedy, Gourmet"
40205,Kabushikigaisha G-anime Saiyou Concept Movie,1,315,2.0,2.0,2017-04-19,ja,ONA,Slice of Life
11537,Yamataro Comes Back,1,1115,24.0,0.0,1986-08-15,ja,OVA,UNKNOWN
282,Angel Heart,50,17393,23.0,79.0,2005-10-04,ja,TV,"Action, Drama, Mystery, Romance"
36714,Hashire! Osomatsu-san,3,1491,0.5,0.0,2016-10-01,ja,Special,Comedy
36729,Fate/Apocrypha Recaps,2,17279,24.0,24.0,2017-09-24,ja,Special,"Action, Drama, Fantasy, Supernatural"
34933,Kakegurui,12,1410008,24.0,10596.0,2017-07-01,ja,TV,"Drama, Mystery"
1625,Soul Link Special,1,2880,25.0,2.0,2006-06-11,ja,Special,"Adventure, Comedy, Romance, Sci-Fi, Ecchi"
9303,Noel's Fantastic Trip,1,521,72.0,0.0,1983-04-29,ja,Movie,"Adventure, Comedy, Fantasy"
31240,Re:ZERO -Starting Life in Another World-,25,2091729,25.0,64834.0,2016-04-04,ja,TV,"Drama, Fantasy, Suspense"
10949,Ghost in the Shell: Stand Alone Complex: Tachikomatic Days Fan Disc,3,5882,1.0,1.0,2004-02-25,ja,Special,"Comedy, Sci-Fi"
25879,Wagnaria!!3,13,240680,23.0,931.0,2015-07-05,ja,TV,"Comedy, Romance"
37103,Danganronpa 3: Monokuma Gekijou,3,28345,3.0,77.0,2016-10-27,ja,Special,Comedy
23477,Kakushi Dere Special,1,3973,1.0,1.0,2013-11-29,ja,Special,Hentai
3475,Muramasa,1,5586,8.0,3.0,1987-08-21,ja,Movie,Horror
36223,New My Tear CL Series,1,2818,0.4,1.0,2017-08-03,ja,ONA,Slice of Life
49692,Heroines Run the Show: The Unpopular Girl and the Secret Task,12,62020,23.0,406.0,2022-04-07,ja,TV,UNKNOWN
2165,Gegege no Kitarou (2007),100,5439,24.0,11.0,2007-04-01,ja,TV,"Comedy, Fantasy, Horror"
13429,Patema Inverted: Beginning of the Day,4,28423,6.0,22.0,2012-02-26,ja,Special,Sci-Fi
36932,Evil or Live Recap,1,4254,23.0,3.0,2017-12-13,ja,Special,UNKNOWN
14659,Hump Bang,2,5376,25.0,27.0,2012-08-17,ja,OVA,Hentai
33155,Code Geass: Hangyaku no Lelouch Picture Drama - Hajimari no Zenya,1,9013,3.0,4.0,2013-09-25,ja,Special,Action
12881,Tsuki wa Higashi ni Hi wa Nishi ni: Operation Sanctuary OVA,4,1349,12.0,2.0,2004-12-12,ja,OVA,"Comedy, Drama, Romance, Sci-Fi"
38784,Logres of Swords and Sorcery: Goddess of Ancient x Fate/Extella,1,5423,0.2,4.0,2016-12-07,ja,Special,UNKNOWN
34361,Kyonyuu Reijou MC Gakuen,2,10406,18.0,36.0,2017-02-24,ja,OVA,Hentai
53852,Lee's Detective Agency: A Day in Lungmen,6,3950,10.0,13.0,2022-12-23,ja,ONA,"Comedy, Mystery"
41061,Room Camp: Saunas and Grub and Three-Wheeler Bikes,1,17649,11.0,9.0,2020-05-27,ja,Special,Slice of Life
14345,BTOOOM!,12,833107,24.0,3355.0,2012-10-04,ja,TV,"Action, Sci-Fi"
19221,My Mental Choices Are Completely Interfering With My School Romantic Comedy,10,396711,24.0,1487.0,2013-10-10,ja,TV,"Comedy, Romance"
33144,The Hell (Two Kinds of Life),1,1125,34.0,1.0,2006-07-01,ja,Movie,"Drama, Fantasy, Horror"
40395,Bakugan: Beyond the Brawl,50,665,2.0,0.0,2019-04-18,ja,ONA,"Action, Comedy, Fantasy"
48235,Pucca: Love Recipe,26,1039,24.0,4.0,2018-12-10,ja,TV,"Action, Comedy, Romance"
4586,I love BuBu ChaCha,26,1758,25.0,4.0,2001-05-10,ja,TV,UNKNOWN
44059,Puparia,1,45008,3.0,289.0,2020-11-20,ja,ONA,Avant Garde
30714,Seraph of the Endless,9,90187,2.0,308.0,2015-06-24,ja,Special,"Comedy, Supernatural"
20787,Black Bullet,13,895523,24.0,3713.0,2014-04-08,ja,TV,"Action, Mystery, Sci-Fi"
4024,Hello Kitty's Furry Tale Theater,13,1822,24.0,1.0,1987-09-19,ja,TV,"Adventure, Fantasy"
34978,Ninja Girl & Samurai Master 2nd,26,12151,3.0,14.0,2017-04-08,ja,TV,Comedy
30862,Woman Who Stole Fingers,1,2148,4.0,1.0,2010-01-01,ja,Movie,Avant Garde
340,Time of Shura,26,23885,23.0,132.0,2004-04-06,ja,TV,Action
1174,Munto,1,19973,54.0,47.0,2003-03-18,ja,OVA,"Fantasy, Romance"
49104,Haruka,1,758,4.0,1.0,2020-12-18,ja,Music,UNKNOWN
681,Tenbatsu Angel Rabbie☆,1,2406,24.0,2.0,2004-01-23,ja,OVA,"Comedy, Sci-Fi"
31829,Sinbad: The Magic Lamp and the Moving Islands,1,1702,49.0,0.0,2016-01-16,ja,Movie,Adventure
1046,Those Who Hunt Elves II,12,13062,24.0,12.0,1997-10-02,ja,TV,"Adventure, Comedy, Fantasy"
29501,Neko no Sakusen,1,347,5.0,0.0,2012-01-03,ja,Special,Sports
30243,Gakuen de Jikan yo Tomare,4,22878,29.0,180.0,2015-05-29,ja,OVA,Hentai
966,Shin Chan,1,79676,21.0,1178.0,1992-04-13,ja,TV,"Comedy, Ecchi"
22157,Sweet Friday,1,1201,3.0,0.0,1975-01-01,ja,Movie,Avant Garde
33339,Zhongguo Jingqi Xiansheng,63,2834,11.0,8.0,2014-02-28,ja,ONA,"Comedy, Supernatural, Suspense"
457,Mushi-Shi,26,793935,23.0,25961.0,2005-10-23,ja,TV,"Adventure, Mystery, Slice of Life, Supernatural"
22605,Keroppi in Let's Play Baseball,1,421,30.0,0.0,1992-07-21,ja,OVA,"Fantasy, Sports"
37773,"Yuru Yuri,",1,30021,31.0,51.0,2019-09-18,ja,OVA,"Comedy, Girls Love"
603,Pretty Cure,49,47673,24.0,325.0,2004-02-01,ja,TV,"Action, Comedy, Fantasy"
41637,Naze Nani Dendrogram Episode 0,1,514,1.0,1.0,2019-08-23,ja,ONA,Fantasy
52,Battle Doll Angelic Layer,26,57259,24.0,291.0,2001-04-01,ja,TV,"Award Winning, Comedy, Drama, Sci-Fi, Sports"
31865,Kare Baka: Wagahai no Kare wa Baka de R,8,8223,5.0,8.0,2015-10-16,ja,ONA,"Comedy, Romance"
20543,Bayonetta: Bloody Fate,1,50091,90.0,106.0,2013-11-23,ja,Movie,"Action, Fantasy"
3196,Wakakusa no Charlotte,30,2931,25.0,10.0,1977-10-29,ja,TV,"Drama, Slice of Life"
40763,SHOW BY ROCK!! Mashumairesh!!,12,14909,23.0,65.0,2020-01-09,ja,TV,Comedy
37112,Doraemon the Movie 25th Anniversary,1,1036,4.0,3.0,2004-03-06,ja,Movie,"Comedy, Sci-Fi"
1352,Cyber City,3,28972,43.0,189.0,1990-06-21,ja,OVA,"Action, Adventure, Sci-Fi"
30379,The Disappearance of Nagato Yuki-chan: I Cannot Let Summer Break End,1,24051,24.0,14.0,2015-10-26,ja,OVA,Comedy
28677,Yamada-kun and the Seven Witches,12,756642,24.0,4021.0,2015-04-12,ja,TV,"Comedy, Mystery, Romance, Supernatural"
19697,Toaru Kagaku no Railgun S: Motto Marutto Railgun,2,34081,8.0,36.0,2013-07-24,ja,Special,Comedy
1000,Space Pirate Captain Harlock,42,35954,25.0,316.0,1978-03-14,ja,TV,"Action, Adventure, Drama, Sci-Fi"
5051,Macross XX,1,3150,2.0,2.0,2002-08-25,ja,Special,Action
10359,Jewelpet Sunshine,52,5143,25.0,23.0,2011-04-09,ja,TV,"Comedy, Fantasy"
6287,Akikan! OVA,1,25035,23.0,5.0,2009-10-23,ja,OVA,"Comedy, Ecchi"
1085,Interlude,3,13742,40.0,18.0,2004-03-25,ja,OVA,"Adventure, Horror, Mystery"
31931,Full Metal Panic! Invisible Victory,12,94857,24.0,268.0,2018-04-13,ja,TV,Action
11701,Another: The Other,1,185749,24.0,171.0,2012-05-26,ja,OVA,"Horror, Mystery, Suspense"
11695,Ultraman Graffiti,6,638,8.0,0.0,1990-10-25,ja,OVA,"Action, Comedy"
39605,Hataraku Saibou Specials,5,16259,4.0,6.0,2018-10-24,ja,Special,Comedy
35905,The Ryuo's Work is Never Done!,12,187917,23.0,332.0,2018-01-08,ja,TV,Comedy
36439,Sword Art Offline: Ordinal Scale,1,26299,14.0,61.0,2017-09-27,ja,Special,Comedy
39668,Watanuki-san Chi no,12,2402,23.0,3.0,2019-04-19,ja,TV,Slice of Life
29908,The Thing of Rotation for a Child,1,690,2.0,0.0,2004-01-01,ja,Movie,UNKNOWN
9968,Wana: Hakudaku Mamire no Houkago,2,6511,29.0,17.0,2011-02-25,ja,OVA,Hentai
37176,Fights Break Sphere 2nd Season,12,8620,20.0,34.0,2018-03-03,ja,ONA,"Action, Adventure, Fantasy, Romance"
40716,Kakushigoto,12,315613,23.0,2059.0,2020-04-02,ja,TV,Comedy
28653,Maze,1,372,2.0,1.0,2012-01-01,ja,Movie,UNKNOWN
38521,Tengu desu,1,716,4.0,0.0,2018-10-11,ja,Music,UNKNOWN
40556,Electric Love feat. Hatsune Miku,1,768,2.0,0.0,2010-09-26,ja,Music,UNKNOWN
34537,"The Night is Short, Walk on Girl",1,118810,92.0,1617.0,2017-04-07,ja,Movie,"Comedy, Romance"
17341,Yama no Susume: Kabe tte Kowakunai no?,1,22435,5.0,5.0,2013-05-24,ja,Special,"Comedy, Slice of Life"
40394,Zenonzard The Animation Episode 0,1,7181,27.0,8.0,2019-09-10,ja,ONA,Action
15219,.hack//Versus: The Thanatos Report,1,7303,21.0,2.0,2012-06-28,ja,Special,"Action, Sci-Fi"
42163,Arknights,1,5524,0.5,75.0,2019-11-19,ja,ONA,"Action, Fantasy"
5973,Charger Girl Ju-den Chan,12,34372,24.0,57.0,2009-06-25,ja,TV,"Comedy, Sci-Fi, Ecchi"
289,Comic Party,13,19420,24.0,34.0,2001-04-02,ja,TV,"Comedy, Drama"
48312,Ansoku no Basho,1,222,5.0,0.0,2010-01-01,ja,Movie,Avant Garde
5872,Sports Day at Animal Village,1,1073,8.0,2.0,1932-01-01,ja,Movie,"Action, Sports"
11979,Puella Magi Madoka Magica the Movie Part 2: Eternal,1,195388,109.0,1026.0,2012-10-13,ja,Movie,"Drama, Suspense"
34511,Black Cat Detective,12,470,7.0,0.0,1992-01-01,ja,TV,"Action, Adventure, Comedy"
33513,Assassination Classroom The Movie: 365 Days' Time,1,113560,92.0,179.0,2016-11-19,ja,Movie,"Action, Comedy"
2783,Thumbelina: A Magical Story,26,1861,24.0,9.0,1992-09-30,ja,TV,"Adventure, Fantasy"
3738,Usavich II,13,4966,1.0,2.0,2007-10-08,ja,TV,"Adventure, Comedy"
6948,Bakemonogatari Recap,1,50651,24.0,51.0,2009-08-07,ja,Special,"Mystery, Romance, Supernatural"
7472,Gintama: The Movie,1,157246,95.0,597.0,2010-04-24,ja,Movie,"Action, Comedy, Sci-Fi"
29307,Classical Sex-Zone,3,818,28.0,3.0,1988-04-30,ja,OVA,Hentai
39165,As You Like It,1,2428,4.0,15.0,2017-11-29,ja,Music,UNKNOWN
2997,Phoenix: Karma Chapter,1,3654,60.0,6.0,1986-12-20,ja,Movie,"Drama, Fantasy"
2329,Shin Kyouhaku 2 The Animation: Kizu ni Saku Hana Senketsu no Kurenai,2,2421,28.0,4.0,2006-05-26,ja,OVA,Hentai
45556,Scissor Seven (2021),10,53435,16.0,740.0,2021-01-21,ja,ONA,"Action, Adventure, Comedy, Drama, Mystery"
736,Level-C,1,14826,30.0,20.0,1995-07-14,ja,OVA,"Boys Love, Drama, Hentai"
34979,Shounen Ashibe: Go! Go! Goma-chan 2,32,1080,9.0,2.0,2017-04-04,ja,TV,"Comedy, Slice of Life"
5784,Ai no Kusabi (2012),4,32920,25.0,116.0,2012-01-18,ja,OVA,"Boys Love, Drama, Sci-Fi, Erotica"
22745,Brothers Conflict: Setsubou,1,21999,14.0,20.0,2014-02-26,ja,Special,Romance
3421,Kodomo no Omocha,1,6277,30.0,25.0,1995-12-16,ja,OVA,"Comedy, Drama"
50445,San Ti,15,632,31.0,2.0,2022-12-10,ja,ONA,Sci-Fi
10191,Katte ni Kaizou,6,29254,23.0,38.0,2011-05-23,ja,OVA,"Comedy, Sci-Fi"
42514,Anime Kapibarasan,24,3888,1.0,39.0,2020-10-09,ja,TV,Comedy
5415,La Rose de Versailles,1,3503,4.0,5.0,2007-01-01,ja,Special,"Drama, Romance, Slice of Life"
40677,Argonavis from BanG Dream!,13,11323,24.0,78.0,2020-04-11,ja,TV,Drama
2239,Sei Michaela Gakuen Hyouryuuki,2,1425,37.0,3.0,1990-06-22,ja,OVA,Erotica
3642,Shina Dark: Kuroki Tsuki no Ou to Souheki no Tsuki no Himegimi,4,5405,2.0,8.0,2008-03-21,ja,Music,"Fantasy, Ecchi"
35081,The iDOLM@STER Million Live! 4th Anniversary PV,1,2488,9.0,7.0,2017-03-12,ja,ONA,Comedy
4468,Nagagutsu wo Haita Neko no Bouken,26,915,25.0,5.0,1992-04-01,ja,TV,"Adventure, Fantasy"
17979,Kiki to Lala no Papa to Mama ni Aitai,1,433,19.0,1.0,1994-04-21,ja,OVA,UNKNOWN
40473,Chou Futsuu Toshi Kashiwa Densetsu R,10,4703,5.0,3.0,2020-07-06,ja,TV,"Comedy, Fantasy"
987,Dragon Ball GT: A Hero's Legacy,1,74371,44.0,66.0,1997-03-26,ja,Special,"Action, Adventure, Comedy, Fantasy"
50062,Can't Be Right,1,374,4.0,1.0,2020-12-17,ja,Music,UNKNOWN
51077,Kaisou Ressha,1,1446,4.0,6.0,2021-08-09,ja,Music,UNKNOWN
31326,High School DxD BorN Specials,6,89316,3.0,159.0,2015-07-24,ja,Special,"Comedy, Ecchi"
6381,Strike Witches 2,12,82170,24.0,269.0,2010-07-08,ja,TV,"Action, Sci-Fi, Ecchi"
137,Hunter x Hunter: Original Video Animation,8,122636,24.0,395.0,2002-01-17,ja,OVA,"Action, Adventure, Fantasy"
11699,Yurumates wa?,1,2812,35.0,0.0,2011-06-24,ja,OVA,"Comedy, Slice of Life"
1849,Lord of Lords Ryu Knight: Adeu's Legend,13,1445,30.0,2.0,1994-07-21,ja,OVA,"Action, Adventure, Fantasy"
24855,Girl Friend Beta,12,42420,24.0,61.0,2014-10-13,ja,TV,Slice of Life
7875,Kanokon: The Great Midsummer Carnival Specials,2,19016,3.0,14.0,2009-11-25,ja,Special,Ecchi
36575,"PLUG, THe NeW WORLD",1,339,12.0,0.0,2011-07-30,ja,ONA,Fantasy
32777,Jitensha-hen,1,285,7.0,0.0,2009-09-15,ja,Music,UNKNOWN
5025,Butt Attack Punisher Girl Gautaman,1,7362,45.0,11.0,1994-05-24,ja,OVA,"Action, Comedy, Girls Love, Ecchi"
20649,Kimi no Iru Machi OVA,2,18897,28.0,15.0,2014-01-17,ja,OVA,"Drama, Romance"
35631,Mahouka x Mameshiba,4,4702,0.6,2.0,2017-05-24,ja,ONA,Comedy
39299,Shoujo Kyouiku RE,2,6097,15.0,34.0,2019-07-05,ja,OVA,Hentai
29597,Flower,1,1024,1.0,0.0,1967-01-01,ja,Movie,Comedy
6851,The Underwater Tyrant,1,1027,1.0,1.0,1933-01-01,ja,Movie,Adventure
33299,Magic-Kyun! Renaissance,13,54661,23.0,213.0,2016-10-02,ja,TV,"Fantasy, Romance"
10870,Ghost in the Shell: Stand Alone Complex: Tachikomatic Days,12,12157,3.0,6.0,2007-05-02,ja,TV,"Comedy, Sci-Fi"
5260,Pankunchi,10,487,2.0,0.0,2007-01-01,ja,ONA,Adventure
1043,Tokyo Babylon,2,18832,50.0,35.0,1992-10-21,ja,OVA,"Action, Mystery, Supernatural"
25781,Attack on Titan: No Regrets,2,488704,27.0,1865.0,2014-12-09,ja,OVA,Action
1146,Tenchi Muyo! Ryo-Ohki: The Night Before The Carnival,1,15422,43.0,14.0,1993-09-25,ja,OVA,"Comedy, Romance, Sci-Fi"
9501,Greek Roman Sinhwa: Olympus Guardian (Movie),1,530,87.0,0.0,2005-07-28,ja,Movie,"Adventure, Fantasy"
41590,Re:ZERO -Starting Life in Another World- The Frozen Bond: Manner Movie,1,36998,3.0,72.0,2019-11-08,ja,Movie,Fantasy
33031,Scorching Ping Pong Girls,12,43275,24.0,150.0,2016-10-04,ja,TV,Sports
36228,Anisama,1,2218,4.0,0.0,2017-08-30,ja,ONA,"Adventure, Comedy, Fantasy"
44221,Be My Wife,12,8253,23.0,44.0,2020-12-04,ja,ONA,"Action, Comedy, Drama, Fantasy, Romance"
908,Fullmetal Alchemist: Premium OVA Collection,3,69353,7.0,87.0,2006-03-29,ja,OVA,"Comedy, Fantasy"
21751,Okusama wa Moto Yariman,2,13523,24.0,116.0,2014-02-28,ja,OVA,Hentai
31859,Grimgar: Ashes and Illusions,12,703976,24.0,5965.0,2016-01-11,ja,TV,"Action, Adventure, Drama, Fantasy"
661,Elf-ban Kakyuusei: Anata dake wo Mitsumete...,4,3574,27.0,5.0,1997-11-24,ja,OVA,"Drama, Romance"
3914,1001 Nights,1,14203,24.0,54.0,1999-04-24,ja,Movie,"Avant Garde, Fantasy, Romance"
1632,Princess 69: Midnight Gymnastics,2,5090,29.0,14.0,2005-06-24,ja,OVA,Hentai
18343,Girls & Panzer: Fushou Akiyama Yukari no Sensha Kouza,6,12810,11.0,10.0,2012-12-21,ja,Special,UNKNOWN
21843,Rage of Bahamut: Genesis,12,400576,24.0,1664.0,2014-10-06,ja,TV,"Action, Adventure, Fantasy"
35450,Five Fire Fish,1,596,1.0,1.0,2013-05-01,ja,Movie,Avant Garde
1735,Naruto Shippuden,500,2349413,23.0,107735.0,2007-02-15,ja,TV,"Action, Adventure, Fantasy"
29377,Pulsar,1,566,3.0,1.0,1990-01-01,ja,Movie,Avant Garde
43694,Rilakkuma's Theme Park Adventure,8,2816,16.0,4.0,2022-08-25,ja,ONA,UNKNOWN
37886,I'm Joybo OVA,1,2758,37.0,4.0,2018-05-25,ja,ONA,"Drama, Romance, Slice of Life"
34013,Hagane Orchestra,12,5110,4.0,3.0,2016-10-10,ja,TV,"Adventure, Comedy"
984,Dragon Ball Z: Plan to Eradicate the Saiyans,2,48455,30.0,14.0,1993-07-23,ja,OVA,"Adventure, Comedy, Fantasy, Sci-Fi"
38149,Full Metal Panic! Invisible Victory Intermission,2,6314,24.0,3.0,2018-05-11,ja,Special,Action
28717,Luigi's Toy Adventure,1,2249,1.0,10.0,2014-12-02,ja,ONA,Adventure
25285,Seireitsukai no Blade Dance Specials,6,37075,3.0,22.0,2014-10-08,ja,Special,"Action, Comedy, Fantasy, Ecchi"
30825,Ghost Stories: The Headless Horsemen!! Curse of Death,1,15045,23.0,10.0,2001-08-24,ja,Special,"Horror, Mystery, Supernatural"
28701,Fate/stay night [Unlimited Blade Works] Season 2,13,820465,24.0,9054.0,2015-04-05,ja,TV,"Action, Fantasy, Supernatural"
37815,Niizuma Koyomi The Animation,1,6804,27.0,23.0,2018-07-27,ja,OVA,Hentai
11691,Bloody Date,1,4096,5.0,0.0,2006-11-29,ja,ONA,Horror
30817,Netoraserare,2,5759,17.0,18.0,2015-07-24,ja,OVA,Hentai
4095,Chuumon no Ooi Ryouriten (1991),1,5226,19.0,3.0,1991-01-01,ja,Movie,"Award Winning, Fantasy, Horror, Supernatural"
26243,Seraph of the End: Vampire Reign,12,1275952,23.0,13330.0,2015-04-04,ja,TV,"Action, Drama, Supernatural"
37744,Isekai Cheat Magician,12,306674,23.0,504.0,2019-07-10,ja,TV,"Action, Adventure, Fantasy"
33253,Ajin: Demi-Human 2nd Season,13,286718,24.0,511.0,2016-10-08,ja,TV,"Action, Horror, Mystery, Supernatural"
37956,Real Girl Season 2,12,179160,22.0,1172.0,2019-01-09,ja,TV,Romance
3035,Sonic Soldier Borgman,35,3158,24.0,6.0,1988-04-13,ja,TV,"Action, Sci-Fi"
48859,Pretty All Friends Selection,16,1905,24.0,18.0,2021-06-06,ja,TV,"Comedy, Slice of Life"
16189,Miboujin Nikki: Akogare no Ano Hito to Hitotsu Yane no Shita,1,11402,22.0,65.0,2013-01-25,ja,OVA,Hentai
39939,Emerald no Oka,1,242,4.0,0.0,2014-01-29,ja,Music,Drama
49521,Non Non Biyori Nonstop: Our Club Worked Hard,1,17399,22.0,22.0,2022-03-23,ja,OVA,Slice of Life
1564,Pokémon: Advanced,192,182339,24.0,258.0,2002-11-21,ja,TV,"Action, Adventure, Comedy, Fantasy"
10790,Is this A Zombie? of the Dead,10,371246,24.0,725.0,2012-04-05,ja,TV,"Action, Comedy, Supernatural, Ecchi"
39681,D4DJ First Mix,13,37184,23.0,476.0,2020-10-23,ja,TV,UNKNOWN
52708,Unleash!!!!!,1,318,3.0,1.0,2022-08-10,ja,Music,Sci-Fi
3094,Rancou Chokyo - Orgy Training,1,1727,28.0,2.0,2001-11-18,ja,OVA,Hentai
8584,Future War Year 198X,1,2402,125.0,5.0,1982-10-30,ja,Movie,Drama
27451,Pororo the Little Penguin 2,52,512,5.0,0.0,2005-12-03,ja,TV,UNKNOWN
28841,"Wake Up, Girls! Seishun no Kage",1,9741,54.0,12.0,2015-09-25,ja,Movie,Drama
44078,Jian Wang 3: Xia Gan Yi Dan Shen Jianxin 2nd Season,12,738,22.0,1.0,2019-12-27,ja,ONA,"Action, Adventure, Comedy"
22451,Bad Badtz-Maru in The Boy Who Cried Wolf,1,496,10.0,2.0,2001-07-20,ja,OVA,Fantasy
29919,Fushigi na Taiko,1,469,18.0,0.0,1957-08-20,ja,Movie,UNKNOWN
4394,Corporal Norakuro,1,1193,10.0,0.0,1934-03-09,ja,Movie,Adventure
14059,Kimagure Orange☆Road: Tanabata Special,1,1917,40.0,3.0,1987-11-21,ja,OVA,UNKNOWN
38814,Nobunaga Teacher's Young Bride,12,79935,7.0,101.0,2019-04-06,ja,TV,"Comedy, Romance, Ecchi"
1123,Beet the Vandel Buster Excellion,25,7730,24.0,6.0,2005-10-06,ja,TV,"Adventure, Fantasy, Supernatural"
2570,The Mischevious Twins,26,2856,25.0,3.0,1991-01-05,ja,TV,"Comedy, Slice of Life"
4484,"Darkness of the Sea, Shadow of the Moon",3,2002,29.0,1.0,1989-10-14,ja,OVA,"Drama, Horror, Romance"
42544,Fena: Pirate Princess,12,181602,24.0,1171.0,2021-10-03,ja,TV,"Action, Adventure, Fantasy"
36954,Break Go!Ga!,1,327,3.0,0.0,2017-12-14,ja,ONA,UNKNOWN
546,Wind: A Breath of Heart (TV),13,11340,12.0,9.0,2004-06-30,ja,TV,"Drama, Romance, Supernatural"
1683,Di Gi Charat Nyo,104,7508,12.0,43.0,2003-04-06,ja,TV,"Comedy, Fantasy, Sci-Fi"
40699,Ai no Tabidachi,1,285,2.0,0.0,1989-12-02,ja,Music,UNKNOWN
49762,Mama x Holic: Miwaku no Mama to Amaama Kankei - The Animation,2,4927,19.0,24.0,2021-11-26,ja,OVA,Hentai
4469,.hack//G.U. Trilogy: Parody Mode,1,10641,6.0,10.0,2008-03-25,ja,Special,"Comedy, Fantasy, Sci-Fi"
8446,SAI: Part 1 / Revolving... to the Core,1,568,15.0,1.0,2004-10-14,ja,Music,Fantasy
31750,TV-ban Pokemon Special Masara Town-hen Recaps,3,3109,47.0,0.0,2000-09-29,ja,OVA,"Action, Adventure, Comedy, Fantasy"
36066,The Sunk Sank,1,286,5.0,0.0,2009-09-17,ja,Music,UNKNOWN
30309,Yuuyake Dandan,23,1156,1.0,2.0,2015-03-31,ja,Movie,Slice of Life
33462,Miss Bernard said.,12,21993,3.0,24.0,2016-10-07,ja,TV,Comedy
1536,Buso Renkin,26,169004,24.0,856.0,2006-10-05,ja,TV,"Action, Supernatural"
37710,IDOLiSH7 Special Program: Kimi to Furikaeranai to!,1,2963,23.0,13.0,2018-04-01,ja,Special,Drama
14127,Papa Love: Papa to Icha Ero Shitai Musume-tachi to Hitotsu Yane no Shita de,2,13615,30.0,53.0,2012-07-27,ja,OVA,Hentai
35402,An Expression,1,900,3.0,0.0,1935-01-01,ja,Movie,Avant Garde
6560,Popee the Clown,39,10147,4.0,280.0,2000-01-03,ja,TV,"Avant Garde, Comedy"
8226,Akuma-kun (Movie),1,925,40.0,1.0,1989-07-15,ja,Movie,"Adventure, Fantasy, Horror, Supernatural"
30431,"You Can Be A Robot, Too feat. Kamome Jido Gassyodan",1,489,4.0,1.0,2014-10-21,ja,Music,UNKNOWN
3449,The Goddess is a Middle School Student,4,11071,27.0,4.0,2005-11-23,ja,Special,"Comedy, Drama, Slice of Life, Supernatural"
4058,Ladius,1,2193,48.0,2.0,1987-12-01,ja,OVA,"Action, Adventure, Sci-Fi"
33226,Kotowaza Gundam-san (ONA),17,1126,1.0,0.0,2015-02-18,ja,ONA,Comedy
5959,Mizugi Kanojo The Animation,4,19801,30.0,173.0,2009-01-23,ja,OVA,Hentai
34903,RoboMasters the Animated Series,6,12438,24.0,15.0,2017-10-13,ja,TV,Action
20589,Bikyaku Seido Kaichou Ai,1,6000,29.0,30.0,2014-03-28,ja,OVA,Hentai
2605,"Sayonara, Zetsubou-Sensei",12,335694,24.0,4634.0,2007-07-08,ja,TV,Comedy
28685,Tough Guy!,1,566,6.0,0.0,2005-06-03,ja,Movie,"Action, Award Winning, Comedy"
7247,Naked Wolves,52,787,5.0,4.0,2009-04-06,ja,TV,"Action, Comedy, Sports"
38689,Guan Hai Ce,16,705,21.0,2.0,2018-06-17,ja,ONA,"Action, Fantasy"
3901,Baccano! Specials,3,175205,28.0,300.0,2008-02-27,ja,Special,"Action, Comedy, Mystery, Supernatural"
22175,The Harmonic Gleam Vibration,1,556,10.0,1.0,2005-01-01,ja,Movie,Avant Garde
23975,Fukuyama Gekijou: Natsu no Himitsu,1,567,55.0,0.0,1990-09-27,ja,OVA,Fantasy
7179,Makai Tenshi Djibril 3,2,5268,28.0,12.0,2009-09-25,ja,OVA,"Fantasy, Supernatural, Hentai"
44248,Fate/Grand Carnival,4,50467,15.0,252.0,2020-12-31,ja,OVA,"Comedy, Fantasy, Supernatural"
46471,The Detective Is Already Dead,12,347292,25.0,3092.0,2021-07-04,ja,TV,"Comedy, Mystery, Romance"
2393,Doraemon the Movie: Nobita and the Windmasters,1,9408,80.0,4.0,2003-03-08,ja,Movie,"Adventure, Comedy, Fantasy"
14749,Oreshura,13,535640,23.0,1814.0,2013-01-06,ja,TV,"Comedy, Romance"
33710,Run & Roll,1,465,1.0,0.0,2013-01-01,ja,Movie,Avant Garde
43771,Vazzrock the Animation,13,6305,23.0,32.0,2022-10-05,ja,TV,UNKNOWN
5136,Flag Director's Edition: Issenman no Kufura no Kiroku,1,1774,100.0,1.0,2007-08-08,ja,OVA,Action
37888,Revelation,13,877,13.0,3.0,2017-04-26,ja,ONA,"Action, Adventure, Fantasy"
3734,Glass Mask: The Girl of a Thousand Masks,3,2464,45.0,12.0,1998-12-16,ja,OVA,Drama
9433,A-jang.com,13,766,25.0,3.0,2001-11-22,ja,TV,Fantasy
25543,M3: Sono Kuroki Hagane Recap,1,1943,24.0,4.0,2014-07-22,ja,ONA,Action
1202,Ar Tonelico: Sekai no Owari de Utai Tsuzukeru Shoujo,1,13152,24.0,13.0,2006-03-22,ja,OVA,"Action, Adventure, Fantasy, Sci-Fi"
41140,Princess Principal: Crown Handler - Chapter 2,1,13799,55.0,31.0,2021-09-23,ja,Movie,"Action, Mystery"
37245,Gundam Build Divers,25,29568,24.0,51.0,2018-04-03,ja,TV,"Action, Sci-Fi"
34368,Vatican Miracle Examiner,12,46143,24.0,87.0,2017-07-07,ja,TV,"Drama, Mystery, Supernatural"
10502,Drawer Hobs,1,5705,23.0,2.0,2011-03-05,ja,Movie,"Comedy, Slice of Life, Supernatural"
1862,Strike Witches OVA,1,26026,8.0,23.0,2007-01-01,ja,OVA,"Action, Sci-Fi, Ecchi"
40812,Starting Over,1,268,8.0,1.0,2016-01-01,ja,Movie,Avant Garde
2298,Mobile Suit Gundam SEED: After-Phase Between the Stars,1,15459,5.0,7.0,2004-03-26,ja,Special,"Action, Drama, Sci-Fi"
36800,Amanchu! Advance,12,31386,23.0,33.0,2018-04-07,ja,TV,"Comedy, Slice of Life"
2752,Tennis no Ouji-sama: Zenkoku Taikai-hen - Semifinal,6,36303,23.0,39.0,2007-06-22,ja,OVA,Sports
50559,Megaton-kyuu Musashi 2nd Season,15,3510,27.0,12.0,2022-10-07,ja,TV,"Action, Sci-Fi"
34050,Tonari no Onigiri-kun,3,1380,0.3,1.0,2016-08-30,ja,Special,Slice of Life
3983,Desert Island Story X,4,1348,24.0,2.0,1998-07-24,ja,OVA,Hentai
316,"F3: Frantic, Frustrated & Female",3,5675,25.0,16.0,1994-08-05,ja,OVA,"Comedy, Girls Love, Hentai"
44208,Theatre of Darkness: Yamishibai 8,13,14337,4.0,23.0,2021-01-11,ja,TV,"Avant Garde, Horror, Supernatural"
35228,Haikara-san: Here Comes Miss Modern Part 2,1,12798,105.0,29.0,2018-10-19,ja,Movie,"Comedy, Romance"
21575,Koukaku Kidoutai Arise: Ghost in the Shell - Logicoma Specials,4,6618,3.0,1.0,2013-07-26,ja,Special,Sci-Fi
2739,Highschool Aurabuster: Hikari no Mezame,3,785,27.0,1.0,1999-02-05,ja,OVA,"Drama, Fantasy"
1378,Wrath of the Ninja,1,5181,86.0,6.0,1989-05-27,ja,Movie,Action
2143,Saiyuuki Reload: Burial,3,13091,33.0,47.0,2007-04-27,ja,OVA,"Action, Adventure, Drama, Fantasy"
3941,Rensa Byoutou,2,5258,28.0,11.0,2007-06-25,ja,OVA,Hentai
2334,The Three Musketeers: Aramis the Adventure,1,1495,45.0,2.0,1989-03-11,ja,Movie,"Adventure, Romance"
31102,Taiko no Tatsujin: 15-shuunen Kinen Short Animation,1,2092,0.6,1.0,2015-06-25,ja,ONA,UNKNOWN
23349,Kirin Monoshiri Yakata,1565,726,5.0,1.0,1975-01-01,ja,TV,UNKNOWN
4471,Shin SOS Dai Tokyo Tankentai,1,1708,41.0,3.0,2007-05-19,ja,Movie,Adventure
34872,Tapuri Card x Kaijuu Sakaba Kanpai: Kanegon no Shuchou,1,371,1.0,0.0,2017-02-05,ja,ONA,Comedy
17873,Pokémon: Black & White: Adventures in Unova and Beyond,20,42990,22.0,22.0,2013-04-25,ja,TV,"Action, Adventure, Comedy, Fantasy"
880,Ah! My Goddess: Flights of Fancy,22,65136,24.0,165.0,2006-04-07,ja,TV,"Comedy, Romance, Supernatural"
1903,Stratos 4: Logbook,1,1711,30.0,1.0,2006-08-26,ja,Special,"Action, Sci-Fi, Ecchi"
31566,Ketsuekigata-kun! 3,12,3609,2.0,2.0,2015-10-13,ja,TV,Comedy
38810,Bleach: 13 Court Guard Squads Omake,1,13994,3.0,27.0,2005-06-12,ja,Special,Action
3861,Shaman King Specials,5,19879,35.0,25.0,2002-01-02,ja,Special,"Action, Comedy, Supernatural"
10218,Berserk: The Golden Age Arc I - The Egg of the King,1,218536,76.0,955.0,2012-02-04,ja,Movie,"Action, Adventure, Drama, Fantasy, Horror"
1582,Submarine 707R,2,2992,50.0,3.0,2003-09-26,ja,OVA,"Action, Adventure, Sci-Fi"
38254,I'm glad I could keep running.,4,12113,15.0,12.0,2018-10-09,ja,TV,"Drama, Slice of Life"
51217,Isekai Yarisaa,2,5898,16.0,34.0,2022-04-28,ja,OVA,Hentai
37390,The Mythical Ark: Adventures in Love & Happiness,1,321,88.0,0.0,2013-01-24,ja,Movie,"Adventure, Comedy"
5074,Birdy the Mighty: Decode 02,12,50846,23.0,249.0,2009-01-10,ja,TV,"Action, Comedy, Sci-Fi"
33881,Kochira Katsushikaku Kameari Kouenmae Hashutsujo: Washi to Ore!? - Bokura wa Asakusa Shounen Tanteidan!,2,584,20.0,0.0,2008-04-06,ja,Special,Comedy
20651,Natsume’s Book of Friends: On a Certain Snowy Day,1,77327,22.0,106.0,2014-02-05,ja,OVA,"Drama, Slice of Life, Supernatural"
1977,Hijikata Toshizou: Shiro no Kiseki,1,3249,32.0,6.0,2004-01-12,ja,OVA,"Action, Drama"
39534,Toilet-Bound Hanako-kun,12,555251,24.0,11418.0,2020-01-10,ja,TV,Supernatural
30071,Frypan Jiisan,1,292,21.0,0.0,1981-01-01,ja,Movie,Adventure
36639,Shadowverse,1,1155,1.0,1.0,2015-10-16,ja,ONA,Fantasy
12055,Brandish,2,16733,16.0,69.0,2012-06-22,ja,OVA,"Supernatural, Hentai"
35418,Seven Mortal Sins Specials,7,7876,1.0,6.0,2017-06-28,ja,Special,"Fantasy, Ecchi"
49470,My Stepmom's Daughter Is My Ex,12,252357,23.0,1469.0,2022-07-06,ja,TV,"Comedy, Romance"
9878,Licca-chan to Yamaneko Hoshi no Tabi,1,620,78.0,0.0,1997-09-12,ja,OVA,"Adventure, Fantasy"
29830,Tamayura: Sotsugyou Shashin Part 3 - Akogare,1,9495,51.0,12.0,2015-11-28,ja,Movie,"Comedy, Drama, Slice of Life"
50086,Non-Breath Oblige,1,295,3.0,1.0,2021-06-02,ja,Music,UNKNOWN
971,Astro Boy (2003),50,22701,24.0,130.0,2003-04-06,ja,TV,"Action, Adventure, Sci-Fi"
20021,Sword Art Online: Extra Edition,1,307690,101.0,573.0,2013-12-31,ja,Special,"Action, Fantasy"
50747,Algo,1,236,3.0,0.0,2021-12-17,ja,Music,Avant Garde
5588,Ko Ko Ro,2,910,28.0,1.0,2001-12-21,ja,OVA,Hentai
3031,Digimon Frontier: Island of Lost Digimon,1,20266,40.0,10.0,2002-07-20,ja,Movie,"Adventure, Comedy, Drama, Fantasy"
2771,I'll Make a Habit of It,39,2221,25.0,2.0,1994-04-05,ja,TV,"Comedy, Romance, Slice of Life"
1150,Legend of Crystania,3,5494,45.0,7.0,1996-11-21,ja,OVA,"Action, Adventure, Fantasy, Supernatural"
2942,Sketchbook ~full color's~,13,29572,23.0,189.0,2007-10-02,ja,TV,"Comedy, Slice of Life"
13377,Recorder and Randsell Re,13,29484,3.0,7.0,2012-04-04,ja,TV,"Comedy, Slice of Life"
26449,Akame ga Kill! Recap,1,38086,42.0,59.0,2014-08-31,ja,Special,"Action, Fantasy"
16606,C.L.A.Y.,1,3114,1.0,0.0,2012-05-27,ja,ONA,Horror
1818,Claymore,26,650639,23.0,8252.0,2007-04-04,ja,TV,"Action, Adventure, Fantasy"
8837,Taimanin Asagi Special,1,6193,3.0,24.0,2009-05-01,ja,Special,"Action, Supernatural, Hentai"
3215,Winter Days,1,4403,39.0,6.0,2003-11-22,ja,Movie,Award Winning
50425,"More than a married couple, but not lovers.",12,246966,24.0,2588.0,2022-10-09,ja,TV,Romance
10941,Mushi no Tameiki,1,848,3.0,1.0,2011-07-10,ja,Music,UNKNOWN
37458,Holmes of Kyoto,12,62687,23.0,103.0,2018-07-10,ja,TV,"Drama, Mystery"
12767,Yuusei Kamen,39,650,25.0,0.0,1966-06-03,ja,TV,Sci-Fi
33512,Animegatari x Koukaku Kidoutai Collab Eizou,1,2675,1.0,6.0,2015-06-12,ja,ONA,"Comedy, Sci-Fi"
2561,Captain Future,52,4796,23.0,31.0,1978-11-07,ja,TV,"Action, Adventure, Sci-Fi"
30081,Shiawase no Uta,1,378,2.0,0.0,1984-10-02,ja,Music,UNKNOWN
1089,Macross: Do You Remember Love?,1,45884,115.0,717.0,1984-07-07,ja,Movie,"Action, Romance, Sci-Fi"
34999,Kiitarou Shounen no Youkai Enikki: Jonan no Saijitsu,1,3936,4.0,0.0,2017-01-27,ja,Special,"Comedy, Supernatural, Ecchi"
50281,Delicious Party Pretty Cure,45,8673,24.0,105.0,2022-02-06,ja,TV,"Action, Fantasy"
9832,"Whatever, White Bear",1,707,32.0,0.0,1987-12-21,ja,OVA,Comedy
21591,Wasure-boshi,1,1086,5.0,0.0,2013-07-03,ja,ONA,Fantasy
40519,Youma Shoukan e Youkoso,2,7851,16.0,47.0,2020-02-07,ja,OVA,"Fantasy, Supernatural, Hentai"
49236,Saga of Tanya the Evil: Operation Desert Pasta,1,53704,16.0,126.0,2021-06-19,ja,ONA,"Action, Fantasy"
23361,Bakuman. 3rd Season Specials,2,16598,3.0,19.0,2013-06-26,ja,Special,Comedy
2607,Birth,1,6804,79.0,18.0,1984-07-21,ja,OVA,"Action, Adventure, Comedy, Sci-Fi"
49049,The Naked King,1,924,4.0,3.0,2021-05-25,ja,Music,Boys Love
13561,Guilty Crown: 4-koma Gekijou,11,26108,1.0,26.0,2012-01-25,ja,Special,Comedy
31749,Chou Kidougai-ku: Kashiwa-no-Ha,1,1030,1.0,1.0,2015-09-30,ja,ONA,UNKNOWN
30519,Ba La La Xiao Mo Xian: Caihong Xin Shi,36,1540,24.0,3.0,2011-03-26,ja,TV,Comedy
38901,Days of Delight,1,281,1.0,0.0,2018-09-04,ja,Music,UNKNOWN
23227,Mikakunin de Shinkoukei: Kamoniku tte Midori-ppoi Aji ga Suru no ne.,1,50940,11.0,21.0,2014-03-28,ja,OVA,"Comedy, Romance"
42797,Rebirth: Virtual to no Souguu,1,815,3.0,0.0,2020-08-21,ja,Special,"Comedy, Slice of Life"
15037,Corpse Party: Tortured Souls,4,368084,29.0,1644.0,2013-07-24,ja,OVA,"Horror, Mystery, Supernatural"
35254,Time Bokan: The Villains Strike Back,24,1918,23.0,1.0,2017-10-07,ja,TV,"Adventure, Comedy"
10435,Boyfriend,1,1069,114.0,1.0,1992-02-11,ja,Special,"Romance, Sports"
1068,Chou Denji Robo Combattler V,54,3654,25.0,9.0,1976-04-17,ja,TV,"Adventure, Sci-Fi"
6281,The Asylum Session,1,4237,65.0,4.0,2009-07-11,ja,Movie,Sci-Fi
22817,The File of Young Kindaichi Returns,25,18001,24.0,60.0,2014-04-05,ja,TV,Mystery
2915,The Day the Earth Moved,1,1690,75.0,1.0,1997-07-22,ja,Movie,Drama
36827,Tantei Opera Milky Holmes: Arsene Karei naru Yokubou,1,2286,23.0,2.0,2017-12-31,ja,Special,"Comedy, Mystery"
6093,Princess Anmitsu,51,1450,24.0,13.0,1986-10-05,ja,TV,Comedy
31244,Makura no Danshi: Sono Ato no Makura no Danshi,1,2867,23.0,3.0,2015-11-27,ja,Special,Slice of Life
11703,Code:Breaker,13,322851,24.0,667.0,2012-10-07,ja,TV,"Action, Comedy, Supernatural"
34436,Age of Obscure: Boubaku Jidai,1,451,3.0,0.0,2016-01-01,ja,Movie,Avant Garde
1656,PostPet Momobin,24,520,3.0,0.0,2004-07-04,ja,TV,Comedy
9751,Strike Witches: The Movie,1,41208,97.0,121.0,2012-03-17,ja,Movie,"Action, Sci-Fi, Ecchi"
6892,Yokorenbo: Immoral Mother,2,11333,29.0,65.0,2009-09-25,ja,OVA,Hentai
3819,Nozomi In The Sun,26,1902,24.0,7.0,1971-04-08,ja,TV,Drama
6310,Kinnikuman II Sei: Second Generations,1,1275,30.0,0.0,2001-07-14,ja,Movie,"Comedy, Sports"
12119,A Summer-Colored Miracle,12,42809,24.0,110.0,2012-04-06,ja,TV,"Slice of Life, Supernatural"
53540,Detective Conan Movie 26: Kurogane no Submarine,1,6178,109.0,40.0,2023-04-14,ja,Movie,Mystery
33658,Girls & Panzer: Kore ga Hontou no Anzio-sen desu! - Fushou Akiyama Yukari no Sensha Kouza,1,4492,13.0,1.0,2014-07-25,ja,Special,UNKNOWN
33338,One Piece: Heart of Gold,1,70577,104.0,48.0,2016-07-16,ja,Special,"Action, Adventure, Comedy, Drama, Fantasy"
10528,Duel Masters Cross Shock,50,2110,10.0,1.0,2010-04-03,ja,TV,"Action, Adventure, Comedy, Fantasy"
53766,Mahjong Soul Pon☆ Special,1,844,2.0,0.0,2022-10-26,ja,Special,Comedy
20365,Another: Misaki Mei - Shizukani,1,24545,4.0,37.0,2013-03-29,ja,Music,UNKNOWN
51663,Pandemic,1,2203,20.0,7.0,2022-06-24,ja,OVA,Hentai
40363,RoboCop,1,344,2.0,0.0,2019-05-15,ja,Music,Avant Garde
30543,Rasen Sokou no Dystopia,2,5194,29.0,7.0,2015-06-26,ja,OVA,Hentai
10549,Precure All Stars GoGo Dream Live!,1,4037,5.0,5.0,2008-11-08,ja,Special,"Action, Fantasy"
15431,Natsu-iro Kiseki: 15-kaime no Natsuyasumi,1,7445,7.0,3.0,2012-08-29,ja,OVA,Slice of Life
39095,Aishiteru (2010),1,390,4.0,0.0,2010-07-11,ja,Music,Romance
30863,Usalullaby,1,707,5.0,0.0,2013-01-01,ja,Movie,Avant Garde
6941,Toriko: Jump Super Anime Tour 2009 Special,1,7991,27.0,9.0,2009-10-12,ja,Special,"Action, Adventure, Comedy, Gourmet"
34318,Mekakucity V's,4,5875,4.0,18.0,2014-01-01,ja,Music,"Romance, Supernatural"
2529,Princess Minerva,1,2081,44.0,1.0,1995-05-01,ja,OVA,"Adventure, Comedy, Fantasy"
8705,Phantom: Requiem for the Phantom Picture Drama,9,7768,6.0,15.0,2009-07-24,ja,Special,Comedy
20035,Toaru Majutsu no Index-tan Movie: Endymion no Kiseki - Ga Attari Nakattari,1,24592,12.0,17.0,2013-08-28,ja,Special,"Action, Sci-Fi"
32613,Elsword: El-ui Yeoin,12,23240,13.0,78.0,2016-12-10,ja,ONA,"Action, Fantasy"
54340,Lee's Detective Agency: Once Upon a Time in Lungmen,1,961,5.0,1.0,2023-01-27,ja,ONA,"Comedy, Mystery"
33291,Pinkerton,3,8959,22.0,36.0,2016-07-22,ja,OVA,Hentai
36182,Abstract feat. Alkama,1,740,2.0,0.0,2017-08-19,ja,Movie,Avant Garde
20965,Wonder Garden,1,7575,4.0,4.0,2013-10-19,ja,ONA,Fantasy
1793,A Wind Named Amnesia,1,18777,80.0,47.0,1990-12-22,ja,Movie,"Action, Avant Garde, Drama, Sci-Fi"
30230,Ace of Diamond: Second Season,51,132275,24.0,1054.0,2015-04-06,ja,TV,Sports
41202,"Kokoro Magic ""A to Z""",1,3381,5.0,3.0,2019-10-30,ja,Music,UNKNOWN
37096,Puzzle & Dragon,1,1425,24.0,6.0,2018-04-02,ja,TV,UNKNOWN
33363,Eiyu Kaitai,1,4950,27.0,3.0,2016-11-23,ja,OVA,"Comedy, Drama"
302,Future Boy Conan,26,47570,29.0,565.0,1978-04-04,ja,TV,"Adventure, Drama, Sci-Fi"
20547,Top wo Nerae 2! Kagaku Kouza,3,1895,3.0,0.0,2012-06-22,ja,Special,Sci-Fi
32768,Revenge of Green Mutant,1,362,3.0,0.0,2011-10-26,ja,Music,UNKNOWN
40983,Genie Family 2020,20,954,24.0,1.0,2020-04-11,ja,TV,"Comedy, Fantasy"
21409,The iDOLM@STER Cinderella Girls 2nd Anniversary PV,1,4333,2.0,0.0,2013-11-28,ja,Music,UNKNOWN
1176,Mask of Zeguy,2,2200,36.0,0.0,1993-03-21,ja,OVA,"Action, Adventure, Fantasy"
2787,Shakugan no Shana: Season II,24,303010,24.0,994.0,2007-10-05,ja,TV,"Action, Drama, Fantasy, Romance"
38670,Actors: Songs Connection,12,17619,23.0,74.0,2019-10-06,ja,TV,UNKNOWN
18273,Thunder Prince,1,473,70.0,1.0,1982-12-21,ja,Movie,"Action, Adventure"
2202,Captain Harlock: Arcadia of my Youth,1,10376,130.0,89.0,1982-07-28,ja,Movie,"Action, Adventure, Drama, Sci-Fi"
42825,Scar on the Praeter,13,32545,23.0,133.0,2021-01-09,ja,TV,Action
45596,Kindan Joshi,5,705,5.0,4.0,2020-12-29,ja,TV,"Comedy, Romance"
36712,Mighty Thor: Battle Royale,1,399,2.0,2.0,2017-10-29,ja,ONA,Fantasy
1696,Murder Princess,6,56646,24.0,158.0,2007-03-28,ja,OVA,"Action, Adventure, Fantasy"
974,Dead Leaves,1,90398,52.0,617.0,2004-01-16,ja,Movie,"Action, Comedy, Sci-Fi"
466,One Piece: Defeat the Pirate Ganzack!,1,37650,28.0,10.0,1998-07-26,ja,OVA,"Action, Adventure, Fantasy"
29803,Overlord,13,1510995,24.0,25126.0,2015-07-07,ja,TV,"Action, Adventure, Fantasy"
17493,Tomorrow Will Become Better!: Half a Sweet Potato,1,921,89.0,1.0,2005-06-30,ja,Movie,Drama
4653,Debt Sisters,2,4325,33.0,7.0,2007-10-25,ja,OVA,Hentai
38291,Bobunemimimmi Collection,2,2810,1.0,5.0,2018-09-15,ja,Special,"Avant Garde, Comedy"
419,Samurai Deeper Kyo,26,55226,24.0,199.0,2002-07-02,ja,TV,"Adventure, Comedy, Supernatural"
1825,Barefoot Gen 2,1,12703,86.0,21.0,1986-06-14,ja,Movie,Drama
40438,Obsolete,12,6131,13.0,13.0,2019-12-03,ja,ONA,UNKNOWN
41521,WIXOSS Diva(A)Live,12,10222,23.0,20.0,2021-01-09,ja,TV,UNKNOWN
36395,Ichiendama no Tabigarasu,1,308,2.0,0.0,1990-02-02,ja,Music,Adventure
61,D.N.Angel,26,182259,23.0,1257.0,2003-04-03,ja,TV,"Action, Comedy, Fantasy, Romance"
2044,Magical Angel Creamy Mami,52,14098,24.0,158.0,1983-07-01,ja,TV,"Comedy, Fantasy, Romance, Sci-Fi"
4798,Tower of Druaga: The Aegis of Uruk - Jil's Adventure,1,14899,24.0,9.0,2008-04-04,ja,Special,"Adventure, Fantasy"
4908,Bihada Ichizoku,12,4782,8.0,4.0,2008-10-07,ja,TV,Drama
48570,"Rainbow Finder: Tokimeki wa, Sugu Soba ni.",3,603,1.0,0.0,2021-01-24,ja,ONA,"Romance, Slice of Life"
960,Legend of the Condor Hero II,26,3824,20.0,1.0,2005-01-30,ja,TV,"Adventure, Drama, Romance"
36766,Nothing's Gonna Change,1,385,3.0,0.0,1999-01-01,ja,Music,Sci-Fi
11087,Awake,2,1048,3.0,1.0,1984-08-16,ja,Special,"Action, Sci-Fi"
36796,Owarimonogatari Second Season Recaps,2,25072,25.0,42.0,2017-08-12,ja,Special,"Comedy, Mystery, Supernatural"
19843,Tamagotchi! Miracle Friends,29,642,23.0,1.0,2013-09-05,ja,TV,"Comedy, Fantasy"
5590,Itoshi no Kotodama,2,1378,30.0,1.0,2002-07-26,ja,OVA,Hentai
41587,My Hero Academia Season 5,25,1095554,23.0,10087.0,2021-03-27,ja,TV,Action
8964,Stitch: Season 3,29,2301,25.0,4.0,2010-07-06,ja,TV,"Adventure, Comedy"
161,Peace Maker Kurogane,24,56677,24.0,276.0,2003-10-08,ja,TV,"Action, Comedy"
1988,Himawari Too!!,13,11038,25.0,5.0,2007-01-07,ja,TV,"Comedy, Romance"
3874,Ashita e Free Kick,52,2179,23.0,5.0,1992-04-14,ja,TV,Sports
41341,Sword Art Online: Alicization - War of Underworld Reminiscence,1,29948,24.0,60.0,2020-07-04,ja,Special,"Action, Adventure, Fantasy"
2388,Tachiguishi Retsuden,1,1235,104.0,2.0,2006-04-08,ja,Movie,"Comedy, Gourmet"
41383,Obake Zukan,39,689,2.0,1.0,2020-07-01,ja,TV,"Comedy, Fantasy, Supernatural"
38157,Circlet Princess,12,17078,24.0,26.0,2019-01-08,ja,TV,"Sci-Fi, Sports"
21703,Pokemon XY: New Year Special,1,5565,48.0,0.0,2013-12-31,ja,Special,"Action, Adventure, Comedy, Fantasy"
49154,High Card,12,83700,23.0,407.0,2023-01-09,ja,TV,"Action, Fantasy"
37792,Hanasu na★,1,615,0.2,0.0,2018-04-01,ja,Special,Avant Garde
10905,La croisée dans un labyrinthe étranger Picture Drama,6,3943,6.0,0.0,2011-10-26,ja,Special,Slice of Life
29902,A Play,1,750,6.0,0.0,2009-01-01,ja,Music,Avant Garde
31669,Takamiya Nasuno desu! Teekyuu Spin-off Special,1,2725,1.0,0.0,2015-08-28,ja,Special,Comedy
8041,Hermit Village,23,1070,15.0,2.0,1963-09-04,ja,TV,"Comedy, Ecchi"
6837,Hyoei and Heibei's Tengu Hunt,1,1266,8.0,0.0,1934-06-26,ja,Movie,Comedy
36106,Attack on Titan: Lost Girls,3,291631,25.0,540.0,2017-12-08,ja,OVA,"Action, Drama"
8487,Legend of the Millennium Dragon,1,14131,98.0,20.0,2011-04-29,ja,Movie,"Action, Award Winning, Supernatural"
13559,Lovely Day: Boku to Kanojo no Nana Nichikan,1,5090,18.0,10.0,2012-03-23,ja,OVA,Hentai
29555,Kinken Chochiku Shiobara Tasuke,1,451,9.0,0.0,1925-01-01,ja,Movie,UNKNOWN
6324,Omamori Himari,12,236328,24.0,741.0,2010-01-07,ja,TV,"Action, Comedy, Romance, Supernatural, Ecchi"
29,Zipang,26,21391,24.0,180.0,2004-10-08,ja,TV,"Action, Drama, Sci-Fi"
12659,Nisoku Hokou,1,2072,3.0,4.0,2010-04-21,ja,Music,UNKNOWN
38211,Cinderella Girls Gekijou 3rd Season Specials,3,1363,3.0,0.0,2018-08-24,ja,Special,"Comedy, Slice of Life"
34615,Usakame Special,1,2592,3.0,0.0,2016-08-26,ja,Special,"Comedy, Sports"
6909,Jungle Emperor Leo,1,2348,106.0,2.0,2009-09-05,ja,Special,Adventure
41211,Fukai ni Nemuru Oujo no Abaddon The Animation,1,2216,24.0,1.0,2020-01-24,ja,ONA,Hentai
12485,Gregory Horror Show: The Bloody Karte,12,1230,3.0,0.0,2001-04-07,ja,Special,"Comedy, Horror, Mystery, Supernatural"
1481,"Urusei Yatsura: Haru da, Tobidase!",1,5091,44.0,4.0,1982-03-31,ja,Special,"Action, Adventure, Comedy, Drama, Romance, Sci-Fi"
6582,Tentai Senshi Sunred 2nd Season,26,7865,13.0,26.0,2009-10-03,ja,TV,Comedy
37300,The Adventures of Little Carp,52,372,28.0,1.0,2007-06-01,ja,TV,"Adventure, Fantasy"
45108,One of Us,1,249,2.0,1.0,2020-10-19,ja,Music,UNKNOWN
2716,Urayasu Tekkin Kazoku,32,2121,7.0,13.0,1998-07-01,ja,TV,Comedy
9733,The TV Show,1,3754,3.0,3.0,2009-01-01,ja,Music,UNKNOWN
16866,Tonari no Kaibutsu-kun: Tonari no Gokudou-kun,1,102585,27.0,60.0,2013-08-12,ja,OVA,"Comedy, Romance"
876,Street Fighter II: The Animated Series,29,26691,24.0,106.0,1995-04-10,ja,TV,"Action, Adventure, Drama, Mystery"
29681,Phenakistoscope,1,527,3.0,0.0,1975-01-01,ja,Movie,Avant Garde
10568,Heaven's Memo Pad,12,234298,26.0,781.0,2011-07-02,ja,TV,Mystery
41612,Oshougatsuda yo! Pokemon Special!,1,587,90.0,0.0,1999-01-01,ja,Special,"Action, Adventure, Comedy, Fantasy"
51265,My Life as Inukai-san's Dog.,12,99122,12.0,627.0,2023-01-07,ja,TV,"Comedy, Ecchi"
51299,"Ore, Tsushima x Na Mo Naki Nezumi",2,350,2.0,0.0,2022-02-01,ja,ONA,"Comedy, Slice of Life"
360,Legend of Himiko,12,5994,23.0,3.0,1999-01-07,ja,TV,"Adventure, Drama, Fantasy, Supernatural"
24645,Ai Shoujo Pollyanna Story Specials,2,611,45.0,2.0,2001-04-01,ja,Special,"Drama, Slice of Life"
9547,The Story of Heidi,1,5454,107.0,9.0,1979-03-17,ja,Movie,Drama
45567,Gekidan Nanatsu no Taizai,13,5973,2.0,8.0,2020-12-24,ja,ONA,"Comedy, Fantasy, Supernatural"
5477,Gozonji! Gekkou Kamen-kun,25,646,25.0,1.0,1999-10-03,ja,TV,"Comedy, Sci-Fi"
33050,Fate/stay night: Heaven's Feel - III. Spring Song,1,323079,122.0,7724.0,2020-08-15,ja,Movie,"Action, Fantasy, Supernatural"
39113,Lilac,1,4785,5.0,6.0,2018-06-12,ja,Music,UNKNOWN
20235,Tako ni Natta Okaasan,1,831,45.0,3.0,2003-08-15,ja,Special,Drama
11853,Pokémon: Pikachu's Summer Bridge Story,1,5554,20.0,0.0,2011-08-01,ja,Special,"Adventure, Comedy, Fantasy"
39194,Shin Chuuka Ichiban!,12,11343,24.0,10.0,2019-10-12,ja,TV,"Comedy, Gourmet"
1560,Voltage Fighter Gowcaizer,3,4224,30.0,7.0,1996-09-27,ja,OVA,"Action, Sci-Fi, Ecchi"
2558,Little Women II: Jo's Boys,40,6365,25.0,44.0,1993-01-17,ja,TV,"Drama, Slice of Life"
6689,Wife-Swap Diaries,2,5336,27.0,11.0,2009-07-10,ja,OVA,Hentai
42657,Eagle Talon: Golden Spell,12,1166,15.0,3.0,2020-10-05,ja,TV,Comedy
35473,Yuuki Yuuna wa Yuushabu Shozoku 3,1,3430,8.0,0.0,2017-07-08,ja,Movie,"Comedy, Fantasy, Slice of Life"
40569,raison d’etre,1,4384,3.0,14.0,2019-10-11,ja,Music,UNKNOWN
50588,Lord of Planet,60,1062,12.0,10.0,2021-12-28,ja,ONA,"Action, Fantasy"
24259,Meccano,3,561,10.0,1.0,1995-09-01,ja,OVA,"Avant Garde, Comedy, Fantasy, Horror"
23433,Shin Strange+,12,14045,3.0,7.0,2014-07-11,ja,TV,"Comedy, Slice of Life"
3270,IGPX: Immortal Grand Prix,13,19891,23.0,83.0,2005-10-06,ja,TV,"Action, Drama, Sci-Fi"
41764,It's Another Maze There,1,222,4.0,2.0,2017-04-08,ja,Music,UNKNOWN
1908,Lesson XX,1,9344,49.0,12.0,1995-04-07,ja,OVA,"Boys Love, Romance"
38907,The Kind Devil,1,340,25.0,0.0,2018-12-26,ja,ONA,UNKNOWN
3543,A Heat for All Seasons,3,2550,29.0,3.0,1999-07-09,ja,OVA,Hentai
30098,Master Q: Incredible Pet Detective,1,340,80.0,0.0,2003-12-20,ja,Movie,Comedy
2014,You're Under Arrest: Fast & Furious,26,10588,24.0,12.0,2001-04-07,ja,TV,"Action, Comedy"
36868,Toho Cinemas & I Love Snoopy: The Peanuts Movie Collab Logo Eizou,1,403,0.5,1.0,2014-12-01,ja,Movie,Comedy
49760,Zoku Oujo & Onna Kishi W Do Gehin Roshutsu: Chijoku no Misemono Dorei,2,2425,17.0,4.0,2021-10-15,ja,OVA,Hentai
5332,Library Wars: Situation Love Handicap,1,10107,24.0,3.0,2008-10-01,ja,Special,"Action, Comedy, Drama, Romance"
30262,No Money Omake episodes,4,4940,1.0,5.0,2007-02-09,ja,Special,"Boys Love, Comedy, Romance, Erotica"
2818,Mado King Granzort,41,2525,24.0,15.0,1989-04-07,ja,TV,"Action, Comedy, Fantasy, Sci-Fi"
54022,Saikyou Donbei x Hanma Baki: Saikyou no Dongitsune Genrutsutsu,1,538,2.0,1.0,2022-11-21,ja,Special,Gourmet
940,Inukami!,26,68569,23.0,205.0,2006-04-06,ja,TV,"Comedy, Romance, Supernatural, Ecchi"
53085,Akuyaku Reijou nanode Last Boss wo Kattemimashita Mini,27,992,1.0,1.0,2022-09-17,ja,ONA,"Comedy, Fantasy"
6401,ef: A Tale of Melodies. - Prologue,1,19016,4.0,11.0,2008-05-10,ja,Special,UNKNOWN
51575,Creating World (2020),1,299,4.0,0.0,2020-05-16,ja,Music,UNKNOWN
37711,Love and Lies: Love of a Lifetime/Feelings of Love,1,37402,29.0,32.0,2018-11-16,ja,OVA,"Drama, Romance"
8248,Armored Trooper Votoms: Case; Irvine,1,3019,50.0,2.0,2010-11-06,ja,OVA,"Drama, Sci-Fi"
2729,X²: Double X,1,5346,2.0,5.0,1993-11-21,ja,Music,Drama
16442,Precure All Stars Movie New Stage 2: Kokoro no Tomodachi,1,4677,71.0,2.0,2013-03-16,ja,Movie,Action
36278,Cockroach Princess,1,566,1.0,0.0,2015-11-20,ja,ONA,Sci-Fi
3875,Mahoutsukai Sally 2,88,1609,20.0,4.0,1989-10-09,ja,TV,Comedy
27503,Karen Senki,11,11086,11.0,5.0,2014-09-27,ja,ONA,"Action, Sci-Fi"
36789,Golden Time,1,8844,21.0,16.0,2013-12-05,ja,Movie,"Comedy, Fantasy"
50183,Blue Giant,1,10849,120.0,25.0,2023-02-17,ja,Movie,UNKNOWN
34104,Knight's & Magic,13,248925,24.0,948.0,2017-07-02,ja,TV,"Action, Fantasy"
2133,Mari Iyagi,1,3716,78.0,5.0,2002-01-18,ja,Movie,"Drama, Fantasy, Slice of Life"
3160,After School Mania Club,2,3900,28.0,3.0,2003-07-25,ja,OVA,Hentai
555,Steel Angel Kurumi 2,12,11838,15.0,9.0,2001-04-12,ja,TV,"Comedy, Girls Love, Sci-Fi"
5153,Kikou Kai Galient,25,3410,24.0,7.0,1984-10-05,ja,TV,"Action, Fantasy, Sci-Fi"
463,One Piece: The Curse of the Sacred Sword,1,78599,95.0,35.0,2004-03-06,ja,Movie,"Action, Adventure, Fantasy"
9916,Samurai Giants,46,1383,25.0,5.0,1973-10-07,ja,TV,Sports
23639,Kappa Kawatarou,1,501,18.0,0.0,1954-04-01,ja,Movie,Supernatural
37952,Afterlost,12,65378,23.0,54.0,2019-04-07,ja,TV,"Action, Adventure, Drama, Fantasy, Mystery"
11411,Hell Target,1,2445,50.0,9.0,1987-01-21,ja,OVA,"Horror, Sci-Fi"
2024,Yoshimune,24,839,24.0,0.0,2006-04-06,ja,TV,Comedy
33124,Wakuwaku♥Nukegake Daisakusen,1,378,4.0,0.0,2007-04-18,ja,Music,UNKNOWN
32026,Mr. Osomatsu Episode 3.5: Virgin Heroes,1,11575,21.0,5.0,2016-01-29,ja,Special,Comedy
38556,I'm Joybo 2nd Season,12,2007,27.0,3.0,2018-11-09,ja,ONA,"Drama, Romance, Slice of Life"
20033,Miss Monochrome The Animation,13,48766,4.0,52.0,2013-10-02,ja,TV,Comedy
32887,Sword Oratoria: Is It Wrong to Try to Pick Up Girls in a Dungeon? On the Side,12,433564,25.0,681.0,2017-04-15,ja,TV,"Action, Adventure, Fantasy"
12579,A Dark Rabbit has Seven Lives Picture Drama,6,6957,11.0,2.0,2011-09-30,ja,Special,"Comedy, Romance, Supernatural, Ecchi"
3422,Like Mother Like Daughter,2,5097,26.0,6.0,2006-06-09,ja,OVA,Hentai
1451,Sword for Truth,1,4490,51.0,2.0,1990-12-28,ja,OVA,"Action, Supernatural, Suspense"
51,Angel Sanctuary,3,48258,29.0,182.0,2000-05-25,ja,OVA,"Action, Drama, Romance, Supernatural"
39610,ACCA: 13-Territory Inspection Department - Regards,1,16224,47.0,20.0,2020-02-14,ja,OVA,"Drama, Fantasy, Mystery"
16798,Ttori wa Zeta Robot,1,665,62.0,0.0,1985-01-17,ja,Movie,"Action, Adventure"
9893,Suite Precure♪,48,15304,24.0,124.0,2011-02-06,ja,TV,"Action, Fantasy"
2273,Mobile Suit Gundam Wing: Endless Waltz,1,58182,94.0,187.0,1998-08-01,ja,Movie,"Action, Drama, Sci-Fi"
52612,Petit! Tokyo Mew Mew New ♡,1,654,1.0,0.0,2022-06-30,ja,ONA,"Comedy, Fantasy"
35286,Henkei Shojo,5,27388,1.0,89.0,2017-03-26,ja,ONA,Sci-Fi
7192,Superdimensional Romanesque Samy: Missing 99,1,1792,58.0,3.0,1986-07-05,ja,OVA,"Action, Sci-Fi"
2555,Little Lord Fauntleroy,43,4341,24.0,14.0,1988-01-10,ja,TV,"Drama, Slice of Life"
30915,Blood Blockade Battlefront: Even These Are the Worst and Best Days Ever,1,39568,24.0,30.0,2015-06-14,ja,Special,"Action, Fantasy"
2267,Red Garden: Dead Girls,1,8024,44.0,9.0,2007-08-08,ja,OVA,Mystery
35388,The Candy Man's Raccoon Dog Dance,1,518,4.0,0.0,1931-01-01,ja,Movie,Comedy
34655,I Was King,1,994,4.0,1.0,2016-12-20,ja,Music,Fantasy
36855,Chuunibyou demo Koi ga Shitai! Movie: Take On Me Mini-Drama - Koukai Chokuzen no... Kaiko Gekijou,24,18417,0.3,35.0,2017-11-17,ja,ONA,Comedy
1055,Blame!,6,30908,6.0,88.0,2003-10-24,ja,ONA,"Action, Sci-Fi"
6748,Yoku Wakaru Gendai Mahou: Cruncha Cruncha Cruncha,1,6256,23.0,2.0,2009-06-14,ja,Special,Comedy
773,Tenamonya Voyagers,4,4851,30.0,6.0,1999-06-25,ja,OVA,"Adventure, Comedy, Sci-Fi, Ecchi"
40174,Zombie Land Saga Revenge,12,202534,23.0,1486.0,2021-04-08,ja,TV,"Comedy, Supernatural"
12893,Daily Lives of High School Boys Specials,6,132837,3.0,184.0,2012-04-03,ja,Special,Comedy
33102,Nijiiro Days: Houkago Special,1,7958,13.0,5.0,2016-04-03,ja,Special,"Comedy, Romance"
1260,Saint Seiya: Warriors of the Final Holy Battle,1,15999,45.0,17.0,1989-03-18,ja,Movie,"Adventure, Sci-Fi"
31964,My Hero Academia,13,2882333,24.0,53389.0,2016-04-03,ja,TV,Action
34712,Children of the Whales,12,221190,23.0,985.0,2017-10-08,ja,TV,"Drama, Fantasy, Mystery, Sci-Fi"
460,One Piece: Clockwork Island Adventure,1,92874,55.0,34.0,2001-03-03,ja,Movie,"Action, Adventure, Fantasy"
40134,The Ancient Magus' Bride: School Arc PV,1,12637,3.0,19.0,2019-03-10,ja,ONA,Fantasy
41636,Naze Nani Dendrogram,20,650,4.0,0.0,2019-09-27,ja,ONA,Fantasy
55023,Saezuru Doubutsu wa Yarushikanai! Specials,5,325,0.8,0.0,2020-08-28,ja,Special,Comedy
38793,That Time I Got Reincarnated as a Slime OAD,5,215775,23.0,491.0,2019-07-09,ja,OVA,"Action, Adventure, Comedy, Fantasy"
10118,Galaxy Express 999: Journey with Energy Beyond Space and Time,5,901,4.0,1.0,2010-07-24,ja,ONA,"Adventure, Drama, Sci-Fi"
3350,Kininaru Kimochi,4,4277,13.0,11.0,2004-04-29,ja,OVA,Hentai
48707,The Way of the Househusband Part 2,5,141031,18.0,358.0,2021-10-07,ja,ONA,Comedy
8079,Tamala 2010: A Punk Cat in Space OVA,2,1597,17.0,2.0,2007-08-24,ja,OVA,"Avant Garde, Sci-Fi"
2514,Detective Conan OVA 04: Conan and Kid and Crystal Mother,1,17180,25.0,3.0,2004-01-01,ja,OVA,"Adventure, Mystery"
7955,The Marshmallow Times,52,1083,24.0,10.0,2004-04-04,ja,TV,Slice of Life
7512,Dambo,1,619,5.0,0.0,2004-12-08,ja,Music,Fantasy
7366,Please Save My Earth Movie: From Alice to Rin-kun,1,2320,98.0,4.0,1995-02-01,ja,Movie,"Drama, Romance, Sci-Fi"
31173,Snow White with the Red Hair 2,12,344400,24.0,1685.0,2016-01-12,ja,TV,"Drama, Fantasy, Romance"
51334,New Gods: Yang Jian,1,974,127.0,2.0,2022-08-19,ja,Movie,"Action, Adventure, Fantasy"
38766,ROLL,1,456,0.2,2.0,2014-08-16,ja,ONA,UNKNOWN
40571,Wandering Witch: The Journey of Elaina,12,371417,24.0,3502.0,2020-10-02,ja,TV,"Adventure, Fantasy"
2269,Mobile Suit Gundam SEED Special Edition,3,10517,95.0,12.0,2004-08-27,ja,Special,"Action, Sci-Fi"
38905,Xmas Song,1,343,2.0,1.0,2016-12-09,ja,Music,UNKNOWN
50973,Infinite Blue,1,217,6.0,0.0,2022-02-04,ja,Music,"Avant Garde, Sci-Fi"
36597,Detarame Rock&Roll Theory,1,1269,2.0,1.0,2017-02-13,ja,Music,UNKNOWN
42650,Ame no Chi Special,1,227,4.0,0.0,1997-10-01,ja,Music,UNKNOWN
3474,Push,1,2271,4.0,1.0,1987-08-21,ja,Special,UNKNOWN
5023,Ninpuu Kamui Gaiden,26,2116,25.0,9.0,1969-04-06,ja,TV,"Action, Adventure"
32397,Animated Journey Through Saga Prefecture,4,1987,12.0,2.0,2016-03-12,ja,Movie,Slice of Life
35652,Crayon Shin-chan Gaiden: O-o-o no Shinnosuke,13,1235,7.0,3.0,2017-05-31,ja,ONA,"Comedy, Supernatural"
36956,Jewelry The Animation,1,6685,16.0,21.0,2018-01-05,ja,OVA,Hentai
23343,The Two Princes,1,429,26.0,0.0,1996-07-12,ja,Movie,"Fantasy, Slice of Life"
6956,Wagnaria!!,13,422943,24.0,2477.0,2010-04-04,ja,TV,Comedy
37209,The Beauty Blogger,20,5439,20.0,28.0,2018-07-24,ja,ONA,"Drama, Romance"
2934,Shiawase Sou no Okojo-san,51,3335,25.0,5.0,2001-10-02,ja,TV,Comedy
4744,Akane Iro ni Somaru Saka,12,149334,25.0,245.0,2008-10-03,ja,TV,"Comedy, Romance, Ecchi"
53338,Mikage's Diary,1,219,3.0,1.0,2022-09-15,ja,Music,UNKNOWN
46093,The Aquatope on White Sand,24,161462,23.0,1308.0,2021-07-09,ja,TV,"Drama, Slice of Life"
10325,Anal Vampire,2,8368,24.0,37.0,2011-03-11,ja,OVA,Hentai
33795,Mahou Shoujo Nante Mouiidesukara Second Season,12,12849,4.0,4.0,2016-10-05,ja,TV,Comedy
4314,Nanami-chan 2nd Series,16,643,5.0,1.0,2005-06-17,ja,TV,Comedy
7262,Kagirohi: Shaku Kei,2,6302,28.0,11.0,2009-09-25,ja,OVA,Hentai
28827,The Animal Neighborhood Community,1,436,10.0,0.0,1941-01-01,ja,Movie,Comedy
2018,Laughing Target,1,5303,49.0,4.0,1987-03-21,ja,OVA,"Horror, Mystery"
50175,I'm Quitting Heroing,12,265439,23.0,1626.0,2022-04-05,ja,TV,"Action, Adventure, Comedy, Fantasy"
31201,Doraemon the Movie: Nobita and the Birth of Japan 2016,1,5384,104.0,1.0,2016-03-05,ja,Movie,"Adventure, Comedy, Fantasy"
19811,I wanna be!,2,1349,1.0,0.0,2013-07-29,ja,Special,"Comedy, Slice of Life"
33371,Atom: The Beginning,12,30362,25.0,39.0,2017-04-15,ja,TV,"Action, Sci-Fi"
37561,The Girl in Twilight,12,35863,23.0,60.0,2018-10-01,ja,TV,"Action, Sci-Fi"
38805,Holiday Advent Calendar 2018,13,281,0.5,0.0,2018-12-09,ja,ONA,UNKNOWN
8360,Crayon Shin-chan Movie 06: Dengeki! Buta no Hizume Daisakusen,1,4623,99.0,4.0,1998-04-18,ja,Movie,"Comedy, Slice of Life, Ecchi"
38450,The Founder of Diabolism Season 2,8,98261,24.0,1165.0,2019-08-03,ja,ONA,"Action, Adventure, Drama, Fantasy, Mystery"
487,Girls Bravo: Second Season,13,89686,23.0,125.0,2005-01-27,ja,TV,"Comedy, Fantasy, Romance, Ecchi"
18155,Line Town,50,946,24.0,5.0,2013-04-03,ja,TV,Comedy
39325,Armor Shop for Ladies & Gentlemen Flips the Script,3,8575,5.0,2.0,2019-03-06,ja,ONA,"Comedy, Fantasy, Ecchi"
9970,Floating Material,2,9227,29.0,18.0,2011-02-25,ja,OVA,Hentai
5311,Astroganger,26,1564,24.0,5.0,1972-10-04,ja,TV,"Action, Sci-Fi"
4060,Grimm's Fairy Tale Classics,24,4714,24.0,25.0,1987-10-21,ja,TV,"Adventure, Comedy, Fantasy"
40940,ZENONZARD THE ANIMATION,9,18460,14.0,25.0,2020-01-31,ja,ONA,"Action, Fantasy"
29707,Yume no Ukiyo ni Saitemina,1,2118,4.0,3.0,2015-01-19,ja,Music,UNKNOWN
42984,Gotcha!,1,28427,3.0,225.0,2020-09-29,ja,Music,Fantasy
36922,Orchestra of Smiles!,1,2198,1.0,2.0,2017-03-02,ja,Music,UNKNOWN
34432,Balloon (Music),1,445,3.0,0.0,2012-11-29,ja,Music,UNKNOWN
5547,Naughty College School Girls,1,1035,19.0,0.0,2001-12-21,ja,OVA,Hentai
37755,Golden Travelogue Theater,1,5786,0.4,5.0,2018-04-16,ja,ONA,Comedy
4742,Let's Dance with Papa,16,1340,6.0,5.0,1999-07-05,ja,TV,Comedy
5291,Fist of the North Star: Legend of Kenshiro,1,11022,90.0,23.0,2008-10-11,ja,Movie,UNKNOWN
35499,Teakamamire no Tenshi The Animation,1,3458,25.0,4.0,2017-07-28,ja,OVA,Hentai
20919,Diabolik Lovers Recap,1,25021,15.0,45.0,2013-10-28,ja,Special,UNKNOWN
16706,The World God Only Knows: Goddesses,12,335543,24.0,2044.0,2013-07-09,ja,TV,"Comedy, Romance, Supernatural"
3490,Rayca,1,1670,17.0,2.0,2002-03-05,ja,OVA,Sci-Fi
54029,Scissor Seven: Shadow Fate,10,10996,15.0,93.0,2023-01-18,ja,ONA,"Action, Adventure, Comedy, Drama, Mystery"
11021,Muv-Luv Alternative: Total Eclipse,24,93419,24.0,333.0,2012-07-02,ja,TV,"Action, Sci-Fi"
35971,Onyankopon,12,1647,3.0,1.0,2017-10-06,ja,ONA,Comedy
4427,Fight!! Ramenman,35,1493,23.0,9.0,1988-01-10,ja,TV,"Action, Adventure"
2491,Touch: Sebangou no Nai Ace,1,2447,93.0,0.0,1986-04-12,ja,Movie,"Drama, Romance, Sports"
1429,Lupin III: Swallowtail Tattoo,1,6111,91.0,1.0,2004-07-30,ja,Special,"Action, Adventure, Comedy, Mystery"
1749,Ah! My Buddha Special,1,14621,23.0,1.0,2005-12-21,ja,Special,"Comedy, Romance, Supernatural, Ecchi"
36606,Trust,1,2552,2.0,27.0,2017-05-23,ja,Music,UNKNOWN
38400,Free! Movie 4: The Final Stroke - Zenpen,1,55821,86.0,204.0,2021-09-17,ja,Movie,Sports
17951,Hello Kitty in Snow White,1,758,25.0,2.0,1993-07-21,ja,OVA,Fantasy
35821,Chio's School Road,12,115410,23.0,397.0,2018-07-06,ja,TV,Comedy
31831,Fantasy,1,735,1.0,1.0,2012-01-01,ja,Movie,UNKNOWN
33791,Salaryman Man,1,691,2.0,2.0,2004-11-01,ja,ONA,Comedy
1552,Sunny Ryoko! You Were There in a Dream,1,1208,67.0,2.0,1988-10-01,ja,Movie,"Comedy, Drama, Romance"
37088,Enkou JK Bitch Gal: Ojisan to Namapako Seikatsu,2,6992,15.0,14.0,2018-02-09,ja,OVA,Hentai
10445,Perfect Day,1,11387,4.0,16.0,2011-02-01,ja,Music,UNKNOWN
51910,Mera Mera,1,892,3.0,5.0,2022-05-17,ja,Music,UNKNOWN
50917,Prima Doll,12,30007,24.0,192.0,2022-07-09,ja,TV,"Sci-Fi, Slice of Life"
30164,Chiisana Kinomi (1995),1,313,2.0,0.0,1995-10-02,ja,Music,UNKNOWN
4411,Future Robo Daltanius,47,1697,24.0,3.0,1979-03-21,ja,TV,"Action, Sci-Fi"
25857,PriPara Movie: Mi~nna Atsumare! Prism☆Tours,1,2453,90.0,3.0,2015-03-07,ja,Movie,UNKNOWN
693,Burn Up Scramble,12,9614,24.0,5.0,2004-01-12,ja,TV,"Action, Comedy, Drama, Mystery, Sci-Fi, Ecchi"
31073,Show By Rock!!: Plasmagica na Gogo,3,2150,1.0,2.0,2013-05-29,ja,ONA,Comedy
11505,Kiss Dum: Omokage,1,1115,12.0,0.0,2011-09-29,ja,Special,Sci-Fi
8848,"Oishinbo: Kyuukyoku tai Shikou, Chouju Ryouri Taiketsu!!",1,794,90.0,0.0,1992-12-11,ja,Movie,"Comedy, Gourmet, Slice of Life"
40196,Kandagawa Jet Girls,12,40329,23.0,48.0,2019-10-08,ja,TV,Ecchi
42267,Dubu Xiaoyao,380,2873,12.0,19.0,2020-06-18,ja,ONA,Action
2336,Hikaru no Go: New Year Special,1,9522,24.0,3.0,2002-01-01,ja,Special,"Comedy, Supernatural"
1301,Galaxy Express 999,1,19363,128.0,148.0,1979-08-04,ja,Movie,"Adventure, Drama, Fantasy, Sci-Fi"
50470,Phantom of the Idol,10,21572,23.0,47.0,2022-07-02,ja,TV,"Comedy, Supernatural"
4091,sound / phantasma / mirror,1,2722,6.0,2.0,2004-10-17,ja,Movie,Slice of Life
10421,Bi-chiku Beach: Nangoku Nyuujoku Satsueikai,1,6344,23.0,11.0,2011-05-27,ja,OVA,Hentai
40204,Fast Week,1,426,1.0,0.0,2015-02-15,ja,ONA,Avant Garde
34834,Hina Logic – from Luck & Logic,12,28625,23.0,70.0,2017-07-01,ja,TV,"Action, Comedy, Fantasy"
40312,Southpaw,1,983,1.0,6.0,2019-08-27,ja,Music,"Avant Garde, Comedy"
4657,Arad Senki: Slap Up Party,26,16455,25.0,32.0,2009-04-04,ja,TV,"Action, Adventure, Comedy, Fantasy"
6198,Detective Conan OVA 08: High School Girl Detective Sonoko Suzuki's Case Files,1,12698,25.0,5.0,2008-01-01,ja,OVA,"Comedy, Mystery"
2472,Naruto Shippuden the Movie 1,1,286579,94.0,302.0,2007-08-04,ja,Movie,"Action, Adventure, Fantasy"
41630,"Dear. Mr ""F""",1,347,5.0,0.0,2019-10-29,ja,Music,UNKNOWN
6610,King of Thorn,1,73180,110.0,157.0,2009-10-09,ja,Movie,"Action, Mystery, Sci-Fi, Suspense"
23441,Love Stage!!: Chotto ja Nakutte,1,64129,23.0,80.0,2014-11-22,ja,OVA,"Boys Love, Comedy, Romance"
52198,Kaguya-sama: Love is War - The First Kiss That Never Ends,1,180281,96.0,1370.0,2022-12-17,ja,Movie,"Comedy, Drama, Romance"
39471,Hime-sama Love Life!,4,7817,23.0,17.0,2019-05-31,ja,OVA,Hentai
22495,Hello Kitty in The Prince in His Dream Castle,1,438,30.0,0.0,1994-02-21,ja,OVA,Fantasy
32301,Active Raid Second,12,20327,24.0,12.0,2016-07-11,ja,TV,"Comedy, Sci-Fi"
51580,Happiness World,1,642,3.0,0.0,2022-02-24,ja,Music,UNKNOWN
23229,Meshimase Lodoss-tou Senki: Sorette Oishii no?,13,2514,2.0,3.0,2014-04-06,ja,TV,Comedy
24921,Aoki Hagane no Arpeggio: Ars Nova Movie 2 - Cadenza,1,30576,105.0,122.0,2015-10-03,ja,Movie,"Action, Sci-Fi"
34213,Tawawa on Monday,12,148357,4.0,325.0,2016-10-10,ja,ONA,"Slice of Life, Ecchi"
685,To Heart: Remember My Memories,13,9220,24.0,5.0,2004-10-02,ja,TV,"Drama, Romance, Sci-Fi, Slice of Life"
2467,Tama of Third Street: Have You Seen My Tama?,36,2636,23.0,4.0,1988-11-21,ja,TV,Adventure
39213,Dekkai Totto March,1,273,2.0,0.0,1980-08-07,ja,Music,Adventure
41848,Isekai Harem Monogatari,4,21383,16.0,215.0,2020-07-31,ja,OVA,"Fantasy, Hentai"
12995,Dark Blue,2,8700,29.0,13.0,2012-04-27,ja,OVA,Hentai
31064,Gunslinger Stratos The Animation: Kikan/Kaze no Yukue,1,3152,23.0,2.0,2015-06-20,ja,ONA,"Action, Sci-Fi"
1754,Di Gi Charat Summer Special 2000,4,3590,11.0,2.0,2000-08-22,ja,Special,Comedy
3328,School Days: Magical Heart Kokoro-chan,1,43274,24.0,22.0,2008-03-26,ja,OVA,"Comedy, Ecchi"
43878,Miko no Tsutome!,10,2208,2.0,12.0,2018-12-07,ja,ONA,Comedy
16099,Sword Art Offline,9,89169,11.0,167.0,2012-10-24,ja,Special,Comedy
104,"Ceres, Celestial Legend",24,60668,21.0,482.0,2000-04-20,ja,TV,"Adventure, Drama, Horror, Romance, Supernatural, Suspense"
39527,Try Knights,12,19255,22.0,27.0,2019-07-31,ja,TV,Sports
37967,"Chuunibyou demo Koi ga Shitai! Movie: Take On Me - Weekly Short Movie ""Kotatsu DE Photo Session""",3,14574,5.0,16.0,2018-01-06,ja,Movie,Comedy
17739,Hidamari Sketch: Sae & Hiro Graduation,2,13424,23.0,30.0,2013-11-27,ja,OVA,"Comedy, Slice of Life"
27463,Pororo: The Racing Adventure,1,357,76.0,0.0,2013-01-23,ja,Movie,UNKNOWN
31788,Ero Manga! H mo Manga mo Step-up♪,2,11155,30.0,39.0,2015-12-25,ja,OVA,Hentai
37923,A Grandma's Goldfish,1,1057,8.0,2.0,2012-10-28,ja,ONA,Slice of Life
1872,Ape Escape,26,1274,15.0,5.0,2006-04-08,ja,TV,"Adventure, Comedy, Fantasy, Romance"
15015,Shin Koihime†Musou: Otome Tairan OVA Omake,1,1892,18.0,0.0,2011-02-02,ja,Special,"Adventure, Comedy, Fantasy, Ecchi"
4242,Galactic Gale Baxingar,39,1376,25.0,0.0,1982-07-06,ja,TV,"Action, Adventure"
13535,Good Luck Girl!,13,226296,23.0,1200.0,2012-07-05,ja,TV,"Comedy, Supernatural"
39886,Umi e Kite,1,257,2.0,0.0,1984-08-20,ja,Music,UNKNOWN
28587,Modern,1,804,6.0,0.0,2010-01-01,ja,Movie,Avant Garde
10869,Scan2Go,52,3233,25.0,11.0,2010-08-09,ja,TV,UNKNOWN
38265,Muma no Machi Cornelica,4,7755,16.0,26.0,2018-11-30,ja,OVA,"Supernatural, Hentai"
964,Hit wo Nerae!,8,6322,14.0,1.0,2004-03-09,ja,TV,"Comedy, Ecchi"
2559,Romeo and the Black Brothers,33,47890,23.0,623.0,1995-01-15,ja,TV,"Adventure, Drama, Slice of Life"
3930,The Tiny One Makes It Big,1,1477,1.0,2.0,1929-01-01,ja,Movie,Supernatural
31263,Grim,1,828,7.0,4.0,1985-01-01,ja,Movie,Avant Garde
12221,Precure All Stars Movie New Stage: Mirai no Tomodachi,1,5599,73.0,10.0,2012-03-17,ja,Movie,Fantasy
33393,Enkou Shoujo: Rikujoubu Yukki no Baai The Animation,1,5675,29.0,13.0,2016-08-26,ja,OVA,Hentai
9327,Seme♥Chichi,2,3559,27.0,3.0,2010-09-10,ja,OVA,Hentai
2917,Nurse Me!,3,4040,31.0,9.0,2002-10-25,ja,OVA,"Comedy, Hentai"
11457,Chibi☆Devi!,75,19298,5.0,65.0,2011-10-10,ja,TV,"Fantasy, Supernatural"
6045,Kimi ni Todoke: From Me to You,25,891249,22.0,12928.0,2009-10-07,ja,TV,"Drama, Romance"
29974,"Diabolik Lovers II: More,Blood",12,151043,12.0,520.0,2015-09-24,ja,TV,UNKNOWN
29820,Channel 5.5 4th Season,4,614,5.0,0.0,2014-11-16,ja,ONA,Comedy
41611,All Saints Street,12,22991,4.0,383.0,2020-04-01,ja,ONA,"Comedy, Supernatural"
26349,I Can't Understand What My Husband Is Saying,13,341534,3.0,814.0,2014-10-03,ja,TV,"Comedy, Romance"
32948,The Great Passage,11,116618,22.0,477.0,2016-10-14,ja,TV,"Award Winning, Drama, Romance"
979,Street Fighter Alpha: The Movie,1,15900,90.0,25.0,1999-12-22,ja,Movie,"Action, Drama"
37607,The Boy and Magic Robot,1,348,5.0,0.0,2013-08-01,ja,Music,Sci-Fi
39706,Cat Step,1,273,4.0,1.0,2019-02-03,ja,Music,UNKNOWN
9465,Broken Blade 4,1,57095,49.0,27.0,2010-10-30,ja,Movie,"Action, Fantasy"
13663,To LOVE Ru Darkness,12,359571,23.0,2112.0,2012-10-06,ja,TV,"Comedy, Romance, Sci-Fi, Ecchi"
521,Mermaid Melody: Pichi Pichi Pitch,52,77803,24.0,846.0,2003-04-05,ja,TV,"Adventure, Comedy, Romance"
51056,Hitori Iro,1,197,3.0,0.0,2021-06-12,ja,Music,UNKNOWN
43418,Citrus (Music),1,528,5.0,0.0,2020-01-22,ja,Music,Avant Garde
40212,Shigokare: Ecchi na Joshi Daisei to Doki x2 Love Lesson!! The Animation,1,5622,26.0,7.0,2019-10-25,ja,OVA,Hentai
54225,My Life as Inukai-san’s Dog. OVA,2,15014,12.0,71.0,2023-03-29,ja,Special,"Comedy, Ecchi"
32152,Closers: Side Blacklambs,6,18687,16.0,70.0,2016-12-23,ja,ONA,Fantasy
41487,That Time I Got Reincarnated as a Slime Season 2 Part 2,12,681665,23.0,10456.0,2021-07-06,ja,TV,"Action, Adventure, Comedy, Fantasy"
39689,"Why the Hell are You Here, Teacher!?: Thirteenth Period",1,59792,11.0,61.0,2019-12-11,ja,Special,"Comedy, Ecchi"
30921,Kacchikenee!,1,2081,24.0,4.0,2016-03-19,ja,Movie,Supernatural
39836,Theatre of Darkness: Yamishibai 7,13,19479,4.0,14.0,2019-07-08,ja,TV,"Avant Garde, Horror, Supernatural"
3028,Cluster Edge Specials,3,1386,24.0,4.0,2006-09-22,ja,Special,"Action, Fantasy, Sci-Fi"
41796,Face to Face,1,321,8.0,0.0,2007-01-01,ja,Movie,"Avant Garde, Drama"
1004,She and Her Cat: Their Standing Points,1,96368,4.0,299.0,2002-04-19,ja,OVA,"Drama, Slice of Life"
5671,Saki,25,91607,24.0,824.0,2009-04-06,ja,TV,Slice of Life
3154,Gatchaman,3,4421,47.0,9.0,1994-10-01,ja,OVA,"Action, Adventure, Sci-Fi"
2543,The Great Adventures of Robin Hood,52,8567,25.0,30.0,1990-07-29,ja,TV,"Adventure, Romance"
53097,Tokyo Mew Mew New ♡ 2nd Season,12,11201,23.0,46.0,2023-04-05,ja,TV,"Fantasy, Romance, Sci-Fi"
3075,The Flying House,52,1559,24.0,9.0,1982-04-05,ja,TV,"Adventure, Sci-Fi"
8689,Born by Myself,1,2781,6.0,2.0,2005-01-01,ja,ONA,Avant Garde
8550,Doctor Slump: Arale's Surprise,1,1354,50.0,0.0,1999-03-06,ja,Movie,"Comedy, Sci-Fi"
2945,Desperate Carnal Housewives,2,5630,28.0,22.0,2005-02-25,ja,OVA,Hentai
37921,ReLIFE: Kanketsu-hen Specials,2,23225,2.0,25.0,2018-03-21,ja,Special,Slice of Life
194,Macross Zero,5,38122,30.0,122.0,2002-12-21,ja,OVA,"Action, Adventure, Sci-Fi"
9287,Inyouchuu Shoku,1,4593,10.0,23.0,2010-06-18,ja,OVA,"Fantasy, Horror, Supernatural, Hentai"
37895,Ling Yu 5th Season,12,1570,13.0,1.0,2017-07-20,ja,ONA,Fantasy
37611,Future Card Buddyfight Battsu: All-Star Fight,8,2320,24.0,5.0,2018-04-07,ja,TV,UNKNOWN
38436,Fights Break Sphere 3rd Season,12,7711,23.0,49.0,2019-07-21,ja,ONA,"Action, Adventure, Fantasy, Romance, Supernatural"
51008,"Kawaru Machi, Kawareru Machi, Ishinomaki feat. Jun",1,715,9.0,4.0,2022-02-11,ja,ONA,"Drama, Fantasy"
1925,Urusei Yatsura Movie 6: Always My Darling,1,7870,77.0,2.0,1991-08-18,ja,Movie,"Action, Adventure, Comedy, Drama, Romance, Sci-Fi"
6850,2nd Lieutenant Norakuro: Sunday Magic,1,1003,1.0,0.0,1933-01-01,ja,Movie,Action
41308,Greenlights Serenade,1,278,4.0,1.0,2018-07-06,ja,Music,UNKNOWN
32781,Refrain (Music),1,363,4.0,0.0,2009-03-03,ja,Music,UNKNOWN
14543,Koutetsu no Majo Annerose,4,14920,24.0,127.0,2012-07-27,ja,OVA,"Action, Supernatural, Hentai"
15541,Namanaka Hyaku Percent!: Katamusubi no Shinpa,3,7042,23.0,25.0,2012-11-23,ja,OVA,Hentai
3574,Switch,2,26563,30.0,66.0,2008-10-24,ja,OVA,"Action, Mystery"
53424,Flaglia: Natsuyasumi no Monogatari,6,4365,12.0,36.0,2023-01-17,ja,TV,Fantasy
33499,Fight! Kickers,1,653,87.0,0.0,1987-08-21,ja,OVA,"Comedy, Drama, Sports"
17815,Umbrella,1,4625,0.5,0.0,2012-06-01,ja,Special,Fantasy
49148,Stippling,1,285,2.0,3.0,2021-01-23,ja,Music,UNKNOWN
38260,Kunoichi Botan,2,2403,14.0,2.0,2018-08-27,ja,ONA,Hentai
2292,Iczer Reborn,6,3149,30.0,6.0,1990-09-25,ja,OVA,"Action, Adventure, Sci-Fi"
34656,Ai Uta: Since 2007,1,641,1.0,0.0,2016-12-05,ja,Music,UNKNOWN
22729,Aldnoah.Zero,12,501400,23.0,3535.0,2014-07-06,ja,TV,"Action, Sci-Fi"
19581,Houseki no Kuni PV,1,17457,1.0,101.0,2013-07-19,ja,ONA,"Fantasy, Sci-Fi"
18745,Chihayafuru 2 OVA,1,43074,22.0,30.0,2013-09-13,ja,OVA,Comedy
13715,Kennel Tokorozawa,1,3095,33.0,16.0,1992-02-21,ja,OVA,"Comedy, Ecchi"
22485,Hello Kitty and Dear Daniel in The Snow Queen,1,602,14.0,1.0,2001-12-21,ja,OVA,Fantasy
29906,A Clerk in Charge,1,596,6.0,1.0,2004-01-01,ja,Movie,UNKNOWN
10713,Towanoquon: Dancing Orchid in Chaos,1,38310,48.0,16.0,2011-07-16,ja,Movie,"Action, Mystery, Sci-Fi, Supernatural"
34283,Ninja Girl & Samurai Master: Episode 0,1,5321,5.0,2.0,2016-03-25,ja,Special,Comedy
36116,Tsuugakuro,1,316,3.0,0.0,2016-10-14,ja,Music,UNKNOWN
39222,Move to the Future,1,818,3.0,1.0,2020-01-31,ja,ONA,Sci-Fi
15527,24H,9,913,2.0,1.0,2010-07-28,ja,Music,UNKNOWN
28071,Itsumo Kokoro ni Taiyou wo!,16,905,3.0,0.0,1999-11-02,ja,TV,"Comedy, Ecchi"
39696,Niigata no Edamame-ou Shiba,3,371,0.5,0.0,2019-04-08,ja,ONA,UNKNOWN
41212,Niplheim no Karyuudo,2,1993,15.0,4.0,2020-01-25,ja,ONA,Hentai
30292,Saki Achiga-hen: Episode of Side-A - Kuro no Tanjoubi,1,3020,11.0,3.0,2015-03-18,ja,Special,Slice of Life
25383,Doraemon Movie 35: Nobita no Space Heroes,1,4921,100.0,1.0,2015-03-07,ja,Movie,Comedy
45557,"Long Sword, Wind and Cloud",10,888,19.0,4.0,2021-01-22,ja,ONA,"Action, Drama"
33750,Boku no Yayoi-san 2,2,4468,20.0,9.0,2016-07-29,ja,OVA,Hentai
5834,Kyojin no Hoshi,182,2717,25.0,7.0,1968-03-30,ja,TV,"Drama, Sports"
50057,In Case You're Gonna Jump,1,234,2.0,1.0,2020-11-06,ja,Music,UNKNOWN
24443,"Peeping Life: Welcome to Kansai, Newlyweds!",1,674,5.0,0.0,2014-03-27,ja,ONA,"Comedy, Slice of Life"
30398,"What Can I Do, Now?",1,349,2.0,0.0,2009-01-01,ja,Movie,Comedy
7079,Okamikakushi: Masque of the Wolf,12,72175,24.0,84.0,2010-01-08,ja,TV,"Action, Horror, Mystery, Supernatural"
37831,Sword Art Online Alternative: Gun Gale Online - Refrain,1,38927,23.0,68.0,2018-05-13,ja,Special,Action
30489,Minna Atsumare! Falcom Gakuen SC Special,1,810,2.0,0.0,2015-03-29,ja,Special,Comedy
5372,Seisenshi Dunbine OVA,3,2414,30.0,0.0,1988-02-25,ja,OVA,"Adventure, Sci-Fi"
40252,Yumekui Shoujo,1,316,4.0,0.0,2017-11-01,ja,Music,Fantasy
44376,Idol Land PriPara,1,1540,23.0,17.0,2021-08-18,ja,ONA,Slice of Life
37947,Rocket Dive,1,269,2.0,0.0,2018-05-23,ja,Music,UNKNOWN
37440,Psycho-Pass: Sinners of the System Case.1 - Crime and Punishment,1,102447,60.0,81.0,2019-01-25,ja,Movie,"Action, Sci-Fi"
34498,Fireworks,1,204021,90.0,504.0,2017-08-18,ja,Movie,"Romance, Sci-Fi"
36747,1/100 Train Station,1,962,2.0,0.0,2017-07-24,ja,ONA,Slice of Life
7279,TO,2,5600,43.0,5.0,2009-10-02,ja,OVA,"Action, Drama, Sci-Fi"
4131,Twin Bee Paradise,4,678,30.0,2.0,1998-12-18,ja,OVA,"Action, Adventure"
36052,Kyonyuu Daikazoku Saimin,2,9824,15.0,27.0,2017-12-01,ja,OVA,Hentai
39940,Food Wars! The Fourth Plate,12,585021,24.0,1332.0,2019-10-12,ja,TV,"Gourmet, Ecchi"
40180,Jurassic!,1,2155,1.0,2.0,2019-08-24,ja,ONA,Fantasy
49409,White Snake 2: The Tribulation of the Green Snake,1,3458,132.0,22.0,2021-07-23,ja,Movie,"Adventure, Fantasy"
12565,Fate/Prototype,1,109384,12.0,106.0,2011-12-31,ja,OVA,"Action, Fantasy, Romance, Supernatural"
1808,Kamichama Karin,26,50877,24.0,363.0,2007-04-06,ja,TV,"Comedy, Fantasy, Romance"
7612,Step MILF,2,5819,26.0,15.0,2010-02-12,ja,OVA,Hentai
49759,Jade Dynasty,26,2348,20.0,20.0,2022-08-02,ja,ONA,"Adventure, Fantasy"
39588,Ojamajo Doremi: Owarai Gekijou,26,1877,1.0,1.0,2019-03-23,ja,ONA,Comedy
51443,"Nonbiri to,",1,517,3.0,0.0,2021-12-01,ja,Music,UNKNOWN
7048,Crush Gear Nitro,50,1705,23.0,4.0,2003-02-02,ja,TV,Sports
178,Ultra Maniac,26,32480,24.0,124.0,2003-05-20,ja,TV,"Comedy, Romance"
10553,Betsu ni Anta no Tame ni Ookiku Natta n ja Nai n Dakara ne!!,1,7350,20.0,12.0,2011-04-15,ja,OVA,Hentai
197,Rizelmine,24,24637,15.0,47.0,2002-04-03,ja,TV,"Comedy, Romance, Sci-Fi, Ecchi"
6399,Higashi no Eden: Falling Down,1,13910,4.0,15.0,2009-05-27,ja,Music,UNKNOWN
3267,Kingdom of Chaos: Born to Kill,4,1119,29.0,1.0,2003-10-24,ja,OVA,Fantasy
30795,Bakuon!!,12,61700,23.0,128.0,2016-04-05,ja,TV,"Comedy, Slice of Life"
38864,Lion meets HachiClo,2,3787,0.6,2.0,2018-12-21,ja,Special,Slice of Life
22671,Peeping Life: This Is Fate! II,5,576,5.0,0.0,2013-12-19,ja,ONA,Comedy
34954,Yoshichiro Salutes,1,421,11.0,2.0,1933-01-01,ja,Movie,UNKNOWN
9005,To Heart 2 Adnext,2,4867,28.0,4.0,2010-09-23,ja,OVA,"Comedy, Romance"
1725,Keitai Shoujo,6,5435,7.0,1.0,2007-03-20,ja,ONA,"Comedy, Drama, Romance"
2437,Elfina: Yoru e to Urareta Oukoku de... The Animation,3,4119,29.0,4.0,2003-08-22,ja,OVA,"Fantasy, Hentai"
32359,Pokemon XY&Z: Subete no Nazo wo Tokiakase!,1,4611,51.0,1.0,2015-12-31,ja,Special,"Action, Adventure, Fantasy"
30428,Hikenai Guitar wo Hikundaze,1,557,2.0,1.0,2004-12-22,ja,Music,UNKNOWN
36023,Persona 5 The Animation,26,246695,24.0,919.0,2018-04-08,ja,TV,"Action, Fantasy, Supernatural"
48956,Wu Shang Shen Di 2nd Season,240,2415,7.0,12.0,2021-05-21,ja,ONA,"Action, Adventure, Fantasy, Supernatural"
25363,Gensei Shugoshin P-hyoro Ikka,3,785,30.0,1.0,1988-09-01,ja,OVA,"Adventure, Fantasy"
36722,The Legend of Ancient Soul,24,3664,13.0,9.0,2017-10-31,ja,ONA,"Action, Adventure, Fantasy, Mystery, Supernatural"
4799,Heartful Cafe,2,2273,30.0,1.0,2002-08-25,ja,OVA,Hentai
2948,Motto! Ojamajo Doremi: Kaeru Ishi no Himitsu,1,4905,26.0,5.0,2001-07-14,ja,Movie,"Comedy, Fantasy"
39709,Amanchu!: Upyopyo Dive Tsukkome! Umi no Sekai!,6,3005,7.0,3.0,2016-10-26,ja,Special,Comedy
6392,Issho ni Training: Training with Hinako,1,21289,24.0,34.0,2009-04-24,ja,OVA,"Sports, Ecchi"
23327,Space Dandy 2nd Season,13,161732,24.0,1807.0,2014-07-06,ja,TV,"Comedy, Sci-Fi"
10933,R-15: R15 Shounen Hyouryuuki,1,18434,29.0,2.0,2011-12-13,ja,OVA,"Adventure, Comedy, Romance, Ecchi"
3039,Campus,2,3205,28.0,8.0,2000-11-10,ja,OVA,Hentai
25519,Yuki Yuna is a Hero,12,149573,24.0,1310.0,2014-10-17,ja,TV,"Drama, Fantasy"
25871,Growing Up With Hello Kitty,16,716,9.0,1.0,1994-02-21,ja,OVA,"Comedy, Slice of Life"
30898,Tsunpri,1,8932,27.0,52.0,2015-12-25,ja,OVA,Hentai
942,The Good Witch Of The West,13,18744,24.0,51.0,2006-04-08,ja,TV,"Comedy, Drama, Fantasy, Mystery, Romance"
17161,Peeping Life: The Perfect Emotion Special,1,617,5.0,0.0,2010-04-16,ja,Special,"Comedy, Slice of Life"
1563,Magic Knight Rayearth II,29,32432,24.0,144.0,1995-04-10,ja,TV,"Adventure, Drama, Fantasy, Romance"
2311,Kenya Boy,1,2504,115.0,3.0,1984-03-10,ja,Movie,Adventure
33208,Utawarerumono: Itsuwari no Kamen Specials,8,4896,3.0,7.0,2016-03-30,ja,Special,"Comedy, Fantasy"
29935,Qin Shi Mingyue: Kong Shan Niao Yu,3,907,26.0,5.0,2014-05-09,ja,ONA,"Action, Fantasy"
52733,Pretty x Cation The Animation Specials,2,882,1.0,1.0,2016-03-25,ja,Special,Hentai
2423,Grey: Digital Target,1,2852,73.0,3.0,1986-12-13,ja,Movie,"Action, Drama, Sci-Fi"
17603,Mr. Pen Pen,1,695,47.0,0.0,1986-03-31,ja,Special,Comedy
53873,Pokemon (2019): Harukanaru Aoi Sora,1,5267,24.0,7.0,2022-12-23,ja,Special,"Action, Adventure, Comedy, Fantasy"
2847,Pokémon: The Rise Of Darkrai,1,111134,90.0,123.0,2007-07-15,ja,Movie,"Action, Adventure, Comedy, Drama, Fantasy"
35370,Teekyu 9,12,13798,2.0,14.0,2017-07-12,ja,TV,Comedy
17791,Attractive shop,1,5719,0.5,4.0,2012-07-01,ja,Special,Sci-Fi
34631,"Ouch, Chou Chou",1,501,11.0,0.0,2016-11-01,ja,Special,"Avant Garde, Drama"
384,Gantz,13,347630,22.0,2360.0,2004-04-13,ja,TV,"Action, Drama, Horror, Sci-Fi"
36114,Saisyu Densha featuring Izumi Makura,1,283,4.0,0.0,2013-05-17,ja,Music,UNKNOWN
38527,Skull-face Bookseller Honda-san OVA,1,9406,2.0,4.0,2019-02-27,ja,OVA,Comedy
13281,FlashBack,1,2525,3.0,4.0,2012-02-24,ja,Music,UNKNOWN
10384,Sono Hanabira ni Kuchizuke wo: Reo x Mai Diaries,10,12198,7.0,28.0,2009-09-26,ja,ONA,"Comedy, Girls Love, Romance"
42593,Kesshouban: Eigakan e Iku,1,4936,3.0,1.0,2020-09-05,ja,Movie,Comedy
578,Grave of the Fireflies,1,637561,88.0,7606.0,1988-04-16,ja,Movie,Drama
4943,A Journey Through Fairyland,1,2254,91.0,3.0,1985-10-26,ja,Movie,"Adventure, Fantasy"
44224,Prostitution,1,410,3.0,1.0,2020-06-03,ja,Music,UNKNOWN
35443,The Three Nui Nui Hinobori Brothers,4,590,3.0,0.0,2017-04-28,ja,ONA,Slice of Life
38762,crack,1,288,1.0,0.0,2013-07-27,ja,Music,UNKNOWN
1637,The Poem of Wind and Trees,1,14693,59.0,102.0,1987-11-06,ja,OVA,"Boys Love, Drama, Romance"
983,Cosplay Complex: Extra Identification,1,3063,5.0,1.0,2004-07-03,ja,OVA,Comedy
801,Ghost in the Shell: Stand Alone Complex 2nd GIG,26,220872,25.0,3109.0,2004-01-01,ja,TV,"Action, Mystery, Sci-Fi"
6412,Yuki Terai,6,778,6.0,1.0,2000-08-19,ja,OVA,UNKNOWN
12481,Gregory Horror Show: The Second Guest,25,1889,3.0,7.0,2000-04-01,ja,TV,"Comedy, Horror, Mystery, Supernatural"
2469,Ogenki Clinic,3,2627,44.0,6.0,1991-07-20,ja,OVA,"Comedy, Hentai"
15811,Girls & Panzer OVAs,6,37617,12.0,35.0,2012-12-21,ja,Special,UNKNOWN
4218,Towards the Rainbow,1,454,18.0,0.0,1977-01-01,ja,Movie,"Award Winning, Romance"
1847,Rec: Yurusarezarumono,1,23961,13.0,5.0,2006-06-30,ja,Special,"Comedy, Drama, Romance"
1924,Urusei Yatsura Movie 5: The Final Chapter,1,7881,85.0,19.0,1988-02-06,ja,Movie,"Action, Adventure, Comedy, Drama, Romance, Sci-Fi"
3826,Zero no Mono,1,2390,29.0,5.0,2001-10-21,ja,OVA,Hentai
3878,Mahou Shoujo Lalabel,49,2257,24.0,4.0,1980-02-15,ja,TV,"Comedy, Slice of Life"
1746,Zoids Fuzors,26,11029,25.0,14.0,2004-10-03,ja,TV,"Action, Adventure, Sci-Fi"
38808,Ok? Alright!,1,843,2.0,0.0,2018-10-18,ja,Music,UNKNOWN
1711,Ryuusei Sentai Musumet,13,3032,25.0,3.0,2004-10-04,ja,TV,"Adventure, Comedy, Romance, Sci-Fi, Ecchi"
3827,My Name Is Teppei,28,1666,25.0,4.0,1977-09-12,ja,TV,"Action, Sports"
5266,God Bless Dancougar,1,1916,80.0,2.0,1987-04-15,ja,OVA,"Action, Sci-Fi"
7654,Tokyo Magnitude 8.0 Recap,1,8662,51.0,10.0,2009-12-11,ja,Special,Drama
36586,Kinyoubi no Yakusoku,1,330,3.0,1.0,2016-03-23,ja,ONA,Drama
811,I''s Pure,6,26044,28.0,61.0,2005-12-09,ja,OVA,"Comedy, Drama, Romance, Ecchi"
29605,Double Hard,26,567,12.0,2.0,2013-01-01,ja,ONA,Action
3105,Perverted Thomas,1,4000,26.0,9.0,2004-09-25,ja,OVA,Hentai
2248,Naruto: Hidden Leaf Village Grand Sports Festival,1,75873,11.0,67.0,2004-08-21,ja,Special,"Action, Comedy, Fantasy"
34634,Do as the Fish Tells You,1,473,5.0,0.0,2013-01-01,ja,Movie,"Avant Garde, Drama"
35560,Shirome-chan no Uta,1,226,1.0,0.0,2016-07-28,ja,Music,Comedy
3578,Depravity: Destruction of a Female Teacher,3,5000,25.0,12.0,2002-09-18,ja,OVA,Hentai
8928,Visions of Frank,9,971,5.0,0.0,2005-11-25,ja,OVA,Avant Garde
30438,MILPOM★ Pilot,1,1087,3.0,1.0,2015-03-20,ja,ONA,Comedy
30163,Fuki to Hiyoko,1,296,4.0,1.0,2013-04-01,ja,Music,UNKNOWN
10196,Baby Princess 3D Paradise 0 [Love],1,29516,29.0,66.0,2011-07-20,ja,OVA,Ecchi
35115,Warau Salesman Episode 0,1,1015,4.0,1.0,1989-10-10,ja,Special,Supernatural
1663,Haha wo Tazunete Sanzenri,52,10451,26.0,49.0,1976-01-04,ja,TV,"Adventure, Drama, Slice of Life"
254,Haré+Guu Deluxe,6,12229,26.0,22.0,2002-08-25,ja,OVA,"Comedy, Slice of Life"
333,Mama is Just a Fourth Grade Pupil,51,6484,24.0,43.0,1992-01-10,ja,TV,"Award Winning, Comedy, Drama, Sci-Fi"
42898,Wan Jie Xian Zong 4th Season,48,2285,8.0,3.0,2020-09-14,ja,ONA,"Action, Fantasy, Romance"
1016,Battle Angel Alita,2,58139,30.0,248.0,1993-06-21,ja,OVA,"Drama, Sci-Fi"
1576,Intrigue in the Bakumatsu: Irohanihoheto,26,38039,24.0,130.0,2006-10-06,ja,ONA,"Action, Drama"
42668,The Gymnastics Samurai,11,56215,23.0,125.0,2020-10-11,ja,TV,Sports
40543,King of Prism All Stars: Prism Show☆Best Ten,1,782,65.0,0.0,2020-01-10,ja,Movie,UNKNOWN
55092,At The Mercy of The Sea,1,245,4.0,0.0,2023-03-21,ja,Music,UNKNOWN
4991,Little Women,1,1212,68.0,0.0,1980-05-03,ja,Special,Slice of Life
7405,Jankenman,51,801,25.0,1.0,1991-04-04,ja,TV,Adventure
4985,Magical Girl Lyrical Nanoha: The Movie 1st,1,30491,130.0,192.0,2010-01-23,ja,Movie,"Action, Comedy, Drama, Sci-Fi"
8290,Inmu Gakuen: Inmu ni Torawareta Bijin Shimai,1,3493,30.0,2.0,2010-04-30,ja,OVA,Hentai
3234,009-1: R&B,1,5308,25.0,4.0,2007-04-25,ja,Special,"Action, Sci-Fi"
11751,Symphogear,13,114504,23.0,1079.0,2012-01-06,ja,TV,"Action, Sci-Fi"
9741,Nana to Kaoru,1,25242,24.0,61.0,2011-03-29,ja,OVA,"Comedy, Romance, Ecchi"
50243,Matter,1,180,0.4,0.0,2017-01-01,ja,Special,Avant Garde
14935,Pokémon: Sing Meloetta - Search for the Rinka Berries,1,5003,7.0,1.0,2012-07-03,ja,OVA,"Adventure, Comedy, Fantasy"
49338,Hakuouki OVA (2021),3,5547,27.0,29.0,2021-11-13,ja,OVA,"Action, Drama, Supernatural"
35411,Hortensia Saga CM,7,2087,0.6,3.0,2015-03-26,ja,ONA,Fantasy
4147,Doggy Poo,1,3174,33.0,12.0,2003-07-25,ja,Movie,Fantasy
39654,THE IDOLM@STER CINDERELLA GIRLS Theater (Web) 4th Season,7,2651,1.0,0.0,2019-04-02,ja,ONA,"Comedy, Slice of Life"
3906,H. P. Lovecraft's The Dunwich Horror and Other Stories,1,3455,46.0,5.0,2007-08-28,ja,OVA,Horror
4149,Body Jack: Tanoshii Yutai Ridatsu,1,3039,35.0,1.0,1987-01-28,ja,OVA,"Comedy, Ecchi"
35975,"Hope: Suiso Shakai to, Korekara no Energy no Hanashi",1,547,3.0,0.0,2014-11-17,ja,ONA,Slice of Life
37932,The King's Avatar 2,12,112948,24.0,554.0,2020-09-25,ja,ONA,Action
11799,The Green Cat,1,1543,24.0,0.0,1989-07-01,ja,OVA,Mystery
30133,"Ima, Futari no Michi",1,733,5.0,0.0,2015-03-08,ja,Special,Drama
38888,Deeper,1,260,4.0,0.0,2017-02-27,ja,Music,UNKNOWN
936,Naruto the Movie 2: Legend of the Stone of Gelel,1,228051,97.0,166.0,2005-08-06,ja,Movie,"Action, Adventure, Fantasy"
28169,Buta no Gotoki Sanzoku ni Torawarete Shojo wo Ubawareru Kyonyuu Himekishi & Onna Senshi,1,6703,24.0,46.0,2015-01-30,ja,OVA,Hentai
3012,Gekitou! Crush Gear Turbo,68,6596,25.0,39.0,2001-10-07,ja,TV,Sports
38066,360° Fintan Sauna Experience,1,328,5.0,3.0,2018-07-09,ja,ONA,Slice of Life
10067,Angel Beats! Another Epilogue,1,238699,2.0,230.0,2010-12-22,ja,Special,Supernatural
38510,Adobe Student and Teacher Edition,1,441,0.5,3.0,2009-12-01,ja,Special,Avant Garde
17989,Super Real Mahjong: Mahjong Battle Scramble - Konran-teki Sento Mahjong,1,687,40.0,1.0,1990-12-21,ja,OVA,"Comedy, Fantasy, Ecchi"
52335,Hikari no Machi,1,385,3.0,0.0,2019-03-25,ja,Music,UNKNOWN
33091,Planetarian: The Reverie of a Little Planet,5,92442,18.0,445.0,2016-07-07,ja,ONA,"Drama, Sci-Fi"
42985,Ling Cage,1,1520,46.0,6.0,2019-11-17,ja,ONA,"Action, Drama, Horror, Sci-Fi, Suspense"
912,Ninkuu,55,6656,24.0,25.0,1995-01-14,ja,TV,Adventure
874,Digimon Tamers,51,192017,25.0,1826.0,2001-04-01,ja,TV,"Adventure, Comedy, Drama, Fantasy"
48378,Motto ne!,1,909,3.0,1.0,2021-02-10,ja,Music,UNKNOWN
4199,Entaku no Kishi Monogatari: Moero Arthur,30,1709,24.0,3.0,1979-09-09,ja,TV,"Adventure, Drama, Romance"
33119,Tokyo-Live!,1,5349,1.0,2.0,2016-04-01,ja,ONA,UNKNOWN
35540,Slow Start,12,80075,23.0,168.0,2018-01-07,ja,TV,"Comedy, Slice of Life"
12237,Koi-ken!: Watashitachi Anime ni Nacchatta!,12,5419,4.0,4.0,2012-03-01,ja,ONA,Ecchi
49721,Teasing Master Takagi-san 3,12,170828,24.0,2256.0,2022-01-08,ja,TV,Comedy
38551,Beat in Love,1,490,1.0,0.0,2018-10-16,ja,Music,UNKNOWN
265,Hajime no Ippo: Mashiba vs. Kimura,1,103049,61.0,173.0,2003-09-05,ja,OVA,Sports
10429,Crossdresser and Princess,1,4330,16.0,7.0,2011-03-11,ja,OVA,Hentai
29870,Kagami,1,391,12.0,0.0,1960-01-01,ja,Movie,Romance
37087,Overlord: Ple Ple Pleiades 2,13,38378,1.0,28.0,2018-01-09,ja,ONA,"Action, Comedy, Fantasy"
37579,Ms. Vampire who lives in my neighborhood.,12,102008,23.0,332.0,2018-10-05,ja,TV,"Comedy, Supernatural"
11735,Coluboccoro,1,2187,29.0,2.0,2007-01-01,ja,OVA,"Fantasy, Sci-Fi"
32764,Sun Set Sun,1,487,3.0,0.0,2013-05-15,ja,Music,UNKNOWN
8538,The Best!! Extremely Cool Student Council President Second Collection,51,2912,24.0,4.0,2010-04-03,ja,TV,"Comedy, Romance"
9172,Kaitei Sanman Mile,1,905,59.0,1.0,1970-07-19,ja,Movie,"Adventure, Fantasy"
5321,Destined for Love,2,3676,30.0,6.0,2006-06-25,ja,OVA,Hentai
3464,Kemeko Deluxe!,12,41132,24.0,55.0,2008-10-05,ja,TV,"Action, Comedy, Romance, Sci-Fi, Ecchi"
16472,Sei Yariman Gakuen Enkou Nikki The Animation,1,13957,31.0,95.0,2013-02-22,ja,OVA,Hentai
36530,Pororo the Little Penguin 6,26,329,11.0,0.0,2016-03-02,ja,TV,UNKNOWN
50258,Tesla Note: Mickey to Oliver no Agent Yousei Kouza,15,669,2.0,1.0,2021-09-29,ja,ONA,Comedy
35136,Eureka Seven Hi-Evolution 3,1,12115,116.0,26.0,2021-11-26,ja,Movie,"Adventure, Drama, Sci-Fi"
40779,Tenchi Muyou! Ryououki: Heianmuyo! Picture Drama,1,1014,10.0,0.0,1993-01-01,ja,OVA,Comedy
42072,She Professed Herself Pupil of the Wise Man,12,111621,23.0,623.0,2022-01-12,ja,TV,"Adventure, Fantasy"
34899,Monmusu Quest!,2,7599,16.0,40.0,2017-01-27,ja,ONA,Hentai
1420,Lupin III: Bank of Liberty,1,6569,90.0,1.0,1992-07-24,ja,Special,"Action, Adventure, Comedy, Mystery"
5107,Balthus: Tia's Radiance,1,2358,29.0,4.0,1988-05-25,ja,OVA,"Action, Romance, Hentai"
45053,Philip,1,415,3.0,0.0,2020-10-02,ja,Music,Action
707,Comic Party Specials,4,3845,7.0,3.0,2003-01-13,ja,Special,"Comedy, Drama"
31109,First Love Monster,12,109486,24.0,149.0,2016-07-02,ja,TV,"Comedy, Romance"
5348,Detective Conan Magic File 2: Kudou Shinichi - The Case of the Mysterious Wall and the Black Lab,1,12869,28.0,22.0,2008-04-19,ja,OVA,"Adventure, Comedy, Mystery"
6065,Lemon Angel YJ-ban,2,821,27.0,0.0,1990-07-06,ja,OVA,Romance
8078,Kure-nai OVA,2,13201,29.0,4.0,2010-07-02,ja,OVA,"Action, Comedy"
49878,Drop,1,622,5.0,1.0,2021-07-22,ja,Music,UNKNOWN
43791,Melting Juice Lolis' Spa Services: Let Us Do Slurp-Slurp-Melting Care!,1,4029,15.0,18.0,2020-10-30,ja,ONA,Hentai
15895,Hiyokoi (2012),3,28488,1.0,24.0,2012-12-02,ja,Special,Romance
24719,Shinrabanshou: Tenchi Shinmei no Shou,1,844,22.0,0.0,2014-06-29,ja,ONA,"Action, Fantasy"
25977,Contact 2,1,552,3.0,0.0,2006-01-01,ja,Special,"Comedy, Sci-Fi"
32572,Meow Meow Japanese History,32,3108,9.0,8.0,2016-04-06,ja,TV,UNKNOWN
18443,The Winds of Victory,1,400,25.0,0.0,1997-07-25,ja,OVA,Sports
1777,The Weathering Continent,1,6132,54.0,10.0,1992-07-18,ja,Movie,"Action, Adventure, Fantasy, Supernatural"
49708,Shaman King (2021): Funbari Onsen Hanjouki,10,1245,2.0,3.0,2021-08-02,ja,ONA,Comedy
13185,Monsuno: World Master,52,8551,22.0,39.0,2012-10-03,ja,TV,"Action, Adventure"
9417,Jin Hou Xiang Yao,1,368,89.0,0.0,1985-01-01,ja,Movie,Adventure
40416,Date A Bullet: Dead or Bullet,1,100053,24.0,533.0,2020-08-14,ja,Movie,"Action, Sci-Fi"
34107,Iizuka-senpai x Blazer: Ane Kyun! yori The Animation,1,8384,15.0,33.0,2016-11-04,ja,OVA,Hentai
28385,Seto no Hanayome Picture Drama,1,3580,15.0,1.0,2010-03-03,ja,Special,"Comedy, Romance"
6973,Night Raid 1931,13,44461,23.0,58.0,2010-04-06,ja,TV,Action
38249,The Disastrous Life of Saiki K. Final Arc,1,205864,47.0,364.0,2018-12-28,ja,Special,"Comedy, Supernatural"
1885,Master of Epic: The Animation Age,12,2062,24.0,1.0,2007-01-08,ja,TV,"Comedy, Fantasy"
30082,Sonna Boku ga Suki,1,271,2.0,0.0,1991-12-02,ja,Music,UNKNOWN
37402,No Game No Life: Zero - Manner Movie,1,29691,2.0,45.0,2017-07-15,ja,Movie,Comedy
47792,Reincarnated into Demon King Evelogia's World,9,17066,6.0,182.0,2021-10-02,ja,ONA,"Boys Love, Fantasy, Erotica"
8500,Haguregumo,1,2181,91.0,0.0,1982-04-24,ja,Movie,Comedy
12059,Otome Dori,2,22025,20.0,168.0,2012-05-25,ja,OVA,Hentai
2390,Kirby: Right Back at Ya!,100,31734,24.0,312.0,2001-10-06,ja,TV,"Action, Adventure, Comedy, Fantasy"
497,"Yamibo: Darkness, The Hat and the Travelers of the Books",13,29375,24.0,109.0,2003-10-02,ja,TV,"Adventure, Fantasy, Girls Love, Mystery, Ecchi"
34759,Green Eyes: Ane Kyun! yori The Animation,1,11208,15.0,50.0,2017-02-03,ja,OVA,Hentai
50094,Lupin the Third Part 6: The Times,1,5628,22.0,14.0,2021-10-10,ja,Special,"Action, Adventure, Comedy, Mystery"
39475,Jack Nicholson,1,294,4.0,1.0,2004-01-01,ja,Music,"Action, Drama"
9136,Black Butler II Specials,6,121663,25.0,355.0,2010-10-27,ja,Special,"Comedy, Fantasy, Supernatural"
50466,Mou Sukoshi dake,1,400,3.0,0.0,2021-11-22,ja,Music,UNKNOWN
3636,Laughing Nurse,2,6383,27.0,21.0,2007-10-26,ja,OVA,Hentai
15547,B-Daman Fireblast,52,3418,12.0,14.0,2012-10-07,ja,TV,UNKNOWN
5957,Nyoron! Churuya-san,13,29720,2.0,44.0,2009-02-13,ja,ONA,Comedy
182,The Vision of Escaflowne,26,150794,24.0,2069.0,1996-04-02,ja,TV,"Adventure, Fantasy, Romance"
18391,Mini Van,37,2063,3.0,4.0,2013-04-06,ja,TV,Comedy
30165,Yamaguchi Sanchi no Tsutomu-kun,1,437,2.0,0.0,1976-04-01,ja,Music,Romance
2980,Fantascience World Gulliver Boy,50,1616,24.0,3.0,1995-01-08,ja,TV,"Action, Adventure, Fantasy"
17901,All Alone With You,1,17923,5.0,55.0,2013-03-06,ja,Music,Fantasy
15663,Keroppi in The Adventures of Gulliver,1,516,26.0,0.0,1993-08-21,ja,OVA,"Adventure, Fantasy"
30100,Black Bullet: Tenchuu＊Girls,1,19361,1.0,7.0,2014-10-08,ja,Special,Fantasy
5400,Mahou no Shiho-chan,2,1527,26.0,5.0,1996-10-25,ja,OVA,Hentai
1415,Lupin III: Goodbye Lady Liberty,1,8162,97.0,5.0,1989-04-01,ja,Special,"Action, Adventure, Comedy, Mystery"
54772,Monster But Wild,12,2614,19.0,13.0,2023-04-16,ja,ONA,"Action, Adventure, Comedy, Fantasy"
4342,Harukoi Otome,2,6367,27.0,10.0,2008-04-18,ja,OVA,Hentai
40970,A-ra-shi: Reborn,1,1070,3.0,3.0,2020-01-04,ja,Music,UNKNOWN
8302,Ladies versus Butlers! Specials,6,33688,2.0,30.0,2010-03-26,ja,Special,Ecchi
25537,Fate/stay night: Heaven's Feel - I. Presage Flower,1,431003,120.0,2470.0,2017-10-14,ja,Movie,"Action, Fantasy, Supernatural"
14539,Love 2 Quad,3,12905,24.0,34.0,2012-08-31,ja,OVA,Hentai
38412,Little Bean,12,832,3.0,5.0,2018-07-05,ja,ONA,"Comedy, Slice of Life"
35448,"Hey, President Trap-kun!",2,7652,0.7,19.0,2017-03-15,ja,ONA,Comedy
13325,Crimson Girls: Chikan Shihai,3,8717,19.0,25.0,2012-05-25,ja,OVA,Hentai
20745,Love Live! School Idol Project OVA,1,50025,15.0,108.0,2013-11-27,ja,OVA,Slice of Life
2236,The Girl Who Leapt Through Time,1,767095,99.0,5773.0,2006-07-15,ja,Movie,"Award Winning, Drama, Romance, Sci-Fi"
2473,Galaxy Fraulein Yuna,2,4356,28.0,4.0,1995-09-21,ja,OVA,"Action, Adventure, Comedy, Sci-Fi"
2275,Midnight Sleazy Train,3,4722,29.0,9.0,2002-09-25,ja,OVA,Hentai
10715,Towanoquon: The Roaring Anxiety,1,35555,48.0,14.0,2011-09-10,ja,Movie,"Action, Sci-Fi, Supernatural"
35958,Tori vs. Buta: Buttobi Pizza Battle,1,314,2.0,0.0,2017-07-17,ja,ONA,UNKNOWN
49054,Eureka,1,321,2.0,0.0,2021-04-23,ja,Music,UNKNOWN
3605,Princess Army: Wedding Combat,2,1544,26.0,2.0,1992-08-01,ja,OVA,"Action, Romance"
4181,Clannad: After Story,24,1149886,24.0,68949.0,2008-10-03,ja,TV,"Drama, Romance, Supernatural"
54849,Nightmare x Deathscythe: Hangyaku no Resonance,1,779,30.0,1.0,2023-05-26,ja,OVA,Hentai
9798,Mr. Dough and the Egg Princess,1,5335,11.0,5.0,2010-11-20,ja,Movie,"Adventure, Fantasy"
16918,Silver Spoon,11,284006,23.0,2833.0,2013-07-12,ja,TV,Comedy
7110,Shounen Maid Kuuro-kun: Tenshi no Uta,1,20597,33.0,77.0,2010-09-23,ja,OVA,"Boys Love, Hentai"
7721,Yans! Gans! Meat or Die,12,460,1.0,2.0,2009-10-02,ja,ONA,"Adventure, Comedy"
5020,Master of Martial Hearts,5,16783,29.0,27.0,2008-10-29,ja,OVA,"Action, Ecchi"
34902,Tsuredure Children,12,698666,12.0,2644.0,2017-07-04,ja,TV,"Comedy, Romance"
5996,Tennis no Ouji-sama: Oshougatsu Special,1,6824,22.0,6.0,2003-03-07,ja,Special,Sports
5877,Abunai Sisters: Koko & Mika,10,7176,3.0,40.0,2009-01-15,ja,OVA,"Action, Comedy, Ecchi"
35206,Kirakira☆Precure A La Mode Movie: Paritto! Omoide no Mille-Feuille!,1,3040,70.0,3.0,2017-10-28,ja,Movie,"Action, Fantasy, Slice of Life"
10711,Plastic Neesan,12,194015,2.0,574.0,2011-05-16,ja,ONA,Comedy
5993,Samayou Midara na Lunatics,2,4048,26.0,17.0,2009-01-24,ja,OVA,Hentai
29970,Yell,1,309,2.0,0.0,2009-08-03,ja,Music,UNKNOWN
33247,Tsubasa to Hotaru (2016),3,4788,1.0,7.0,2016-05-10,ja,Special,Romance
36889,Oyasumi Sex,4,10911,15.0,81.0,2018-10-26,ja,OVA,Hentai
33712,Bikini Warriors OVA,6,16118,4.0,19.0,2016-12-07,ja,OVA,"Comedy, Fantasy, Ecchi"
2926,Myself; Yourself,13,183373,25.0,775.0,2007-10-03,ja,TV,"Drama, Romance"
37966,Pokémon: Mewtwo Strikes Back - Evolution,1,25029,96.0,9.0,2019-07-12,ja,Movie,"Action, Adventure, Comedy, Fantasy"
8718,Itsumademo Tabibito,1,529,2.0,0.0,1988-12-02,ja,Music,Drama
1688,Nanatsu-iro★Drops,12,22411,24.0,94.0,2007-07-03,ja,TV,Romance
95,∀ Gundam,50,45772,24.0,965.0,1999-04-09,ja,TV,"Action, Adventure, Award Winning, Drama, Romance, Sci-Fi"
38659,Cautious Hero: The Hero Is Overpowered but Overly Cautious,12,582492,23.0,2101.0,2019-10-02,ja,TV,"Action, Adventure, Comedy, Fantasy"
21421,Magica Wars,26,16529,4.0,5.0,2014-04-08,ja,TV,UNKNOWN
21189,"Wake Up, Girls! The Movie",1,23461,52.0,20.0,2014-01-10,ja,Movie,Drama
48945,Spring Thief,1,788,5.0,1.0,2021-01-09,ja,Music,"Drama, Romance"
38072,Tayo the Little Bus Season 3,26,314,11.0,0.0,2014-02-26,ja,TV,UNKNOWN
314,Ace wo Nerae! 2,13,3111,24.0,24.0,1988-07-25,ja,OVA,"Drama, Sports"
1361,Final Fantasy: The Spirits Within,1,70084,105.0,54.0,2001-07-02,ja,Movie,Sci-Fi
33581,Trinity Seven: Eternity Library & Alchemic Girl,1,170593,55.0,254.0,2017-02-25,ja,Movie,"Action, Comedy, Fantasy, Romance, Ecchi"
16261,Arisa☆Good Luck,1,1248,28.0,4.0,1999-01-01,ja,OVA,"Action, Comedy"
35366,Ethicization of Politics,1,461,32.0,0.0,1926-01-01,ja,Movie,UNKNOWN
2579,Around the World with Willy Fog,26,5155,25.0,9.0,1984-01-08,ja,TV,"Adventure, Romance"
831,A Little Snow Fairy Sugar,24,23272,24.0,125.0,2001-10-03,ja,TV,"Comedy, Fantasy"
29633,Locus,1,589,3.0,1.0,1963-01-01,ja,Movie,Avant Garde
29397,Fafa x Pinky Monkey: at afternoon of sunny day,1,403,1.0,0.0,2011-03-31,ja,ONA,Slice of Life
2829,Sans Famille,23,19894,23.0,115.0,1996-09-01,ja,TV,"Adventure, Drama, Slice of Life"
38435,Yao Shen Ji 3rd Season,40,8169,7.0,23.0,2018-09-25,ja,ONA,"Action, Adventure, Fantasy, Romance"
28387,Castle Town Dandelion,12,164735,24.0,417.0,2015-07-03,ja,TV,"Comedy, Slice of Life"
35932,Before You Wake Up,1,6690,1.0,15.0,2017-07-13,ja,ONA,Drama
35860,Teasing Master Takagi-san,12,566187,23.0,5092.0,2018-01-08,ja,TV,Comedy
37436,Revisions,12,62868,22.0,77.0,2019-01-10,ja,TV,"Action, Sci-Fi"
6178,Pokémon: Arceus and the Jewel of Life,1,85268,94.0,26.0,2009-07-18,ja,Movie,"Action, Adventure, Comedy, Drama, Fantasy"
40838,Kirin Gogo no Koucha x BanG Dream! Collab Animation CM Koukai!,1,316,0.5,1.0,2019-12-08,ja,ONA,UNKNOWN
42380,Re:I Am,1,741,6.0,1.0,2013-03-20,ja,Music,Romance
5743,Saimin Ryoujoku Gakuen,3,6544,27.0,15.0,2008-12-19,ja,OVA,Hentai
4792,Pokémon: Pikachu's Rescue Adventure,1,25222,23.0,6.0,1999-07-17,ja,Movie,"Adventure, Comedy, Fantasy"
13139,Gakkatsu!,25,7250,5.0,7.0,2012-04-03,ja,TV,Comedy
1579,La corda d'oro: primo passo,25,96238,24.0,869.0,2006-10-02,ja,TV,"Comedy, Drama, Romance"
2258,Choro Q Dagram,1,1054,8.0,1.0,1983-07-09,ja,Movie,"Action, Comedy, Sci-Fi"
2237,Rozen Maiden: Meitantei Kunkun - Duell Walzer,1,17786,7.0,20.0,2006-04-27,ja,Special,"Comedy, Mystery"
3624,Once Upon a Time... Life,26,2695,25.0,9.0,1986-01-01,ja,OVA,Adventure
2374,Shusaku,3,2854,27.0,3.0,1999-02-26,ja,OVA,Hentai
9744,Issho ni Training Ofuro: Bathtime with Hinako & Hiyoko,1,10891,35.0,20.0,2010-12-24,ja,OVA,"Sports, Ecchi"
11065,Shoukoujo The Animation,2,8982,26.0,33.0,2011-10-28,ja,OVA,Hentai
52274,The Tale of Outcasts,13,34982,23.0,105.0,2023-01-08,ja,TV,"Action, Fantasy"
39478,Attack on Titan in the Dome: Soldiers' Starry Sky,1,19337,20.0,18.0,2017-05-20,ja,Movie,UNKNOWN
11031,Vampire,2,6567,27.0,20.0,2011-09-16,ja,OVA,"Supernatural, Hentai"
9944,Hime Gal♥Paradise,9,1472,11.0,5.0,2010-12-28,ja,OVA,UNKNOWN
33718,Cocktail Prince: Making Love!!,1,995,2.0,1.0,2016-07-21,ja,Music,UNKNOWN
30727,Saekano: How to Raise a Boring Girlfriend .flat,11,351978,22.0,1671.0,2017-04-14,ja,TV,"Comedy, Romance, Ecchi"
48814,Blue,1,259,4.0,0.0,2021-04-24,ja,Music,UNKNOWN
30344,THE IDOLM@STER CINDERELLA GIRLS 2nd SEASON,12,35555,24.0,145.0,2015-07-18,ja,TV,"Comedy, Drama"
574,The Wings of Rean,6,3981,24.0,1.0,2005-12-16,ja,ONA,"Award Winning, Fantasy, Sci-Fi"
5075,Brave Police J-Decker,48,3674,24.0,56.0,1994-02-05,ja,TV,"Action, Adventure, Sci-Fi"
8285,Ai no Senshi Rainbowman,22,1164,25.0,6.0,1982-10-10,ja,TV,"Action, Adventure, Sci-Fi"
23151,Shounen Hollywood: Holly Stage for 49,13,15410,24.0,25.0,2014-07-06,ja,TV,Slice of Life
2282,In The Beginning: The Bible Stories,26,1894,24.0,8.0,1997-04-01,ja,TV,UNKNOWN
19815,"No Game, No Life",12,2305805,23.0,47444.0,2014-04-09,ja,TV,"Comedy, Fantasy, Ecchi"
12139,Wanpaku Tanteidan,35,846,25.0,1.0,1968-02-01,ja,TV,"Action, Mystery"
34955,The Bear Brothers,1,430,11.0,0.0,1932-01-01,ja,Movie,Adventure
1124,Crest of the Stars: Birth,1,8536,25.0,11.0,2000-08-25,ja,Special,"Romance, Sci-Fi"
17082,Aiura,12,85822,4.0,170.0,2013-04-10,ja,TV,"Comedy, Slice of Life"
49722,Teasing Master Takagi-san: The Movie,1,58982,73.0,633.0,2022-06-10,ja,Movie,UNKNOWN
6889,Time Bokan Series: Zenderman,52,1049,24.0,1.0,1979-02-03,ja,TV,"Action, Adventure, Comedy, Sci-Fi"
7551,Goliath the Super Fighter,36,904,25.0,1.0,1976-04-04,ja,TV,"Action, Adventure, Sci-Fi"
14249,Ribbon no Kishi (1999),1,676,8.0,1.0,1999-12-04,ja,Movie,Adventure
56,Avenger,13,17396,24.0,20.0,2003-10-02,ja,TV,"Adventure, Fantasy, Sci-Fi"
8603,Tegami: Haikei Juugo no Kimi e,1,1060,4.0,1.0,2008-08-01,ja,Music,Slice of Life
5337,Bakugan: New Vestroia,52,64346,24.0,194.0,2010-03-02,ja,TV,"Adventure, Fantasy"
37074,Daremo Shiranai,1,288,2.0,0.0,1961-04-03,ja,Music,UNKNOWN
10469,Sayonara Zetsubou Sensei Special,1,18214,24.0,7.0,2012-01-31,ja,Special,"Comedy, Mystery"
15535,Yumekuri,1,7474,6.0,3.0,2012-11-28,ja,OVA,Slice of Life
2460,Maison Ikkoku: Kanketsu-hen,1,7133,66.0,5.0,1988-02-06,ja,Movie,"Comedy, Drama, Romance"
1505,Detective Conan Movie 09: Strategy Above the Depths,1,47868,110.0,22.0,2005-04-09,ja,Movie,"Adventure, Comedy, Mystery"
42959,Yatogame-chan Kansatsu Nikki Sansatsume,12,14046,3.0,16.0,2021-01-10,ja,TV,"Comedy, Slice of Life"
44211,Rikujoubu Joshi wa Ore no Nama Onaho!!! The Animation,2,4996,17.0,13.0,2021-02-26,ja,OVA,Hentai
3393,Dark,2,2740,31.0,8.0,2000-09-15,ja,OVA,Hentai
37511,Kedamono Damono,1,1911,4.0,0.0,2018-03-15,ja,Music,UNKNOWN
36669,Yadokari,1,360,2.0,0.0,2011-10-03,ja,ONA,UNKNOWN
30669,Why Re-Mix 2002,1,408,3.0,0.0,2002-01-01,ja,Movie,Avant Garde
42908,Natsu wo Ikiru,1,238,4.0,0.0,2020-08-07,ja,Music,UNKNOWN
37562,Robot Girls Neo,3,1607,7.0,0.0,2018-08-18,ja,ONA,Comedy
9392,Young Jack and the Witch,1,789,80.0,1.0,1967-03-19,ja,Movie,"Adventure, Fantasy"
52104,Boku wa Chiisana Succubus no Shimobe,1,3519,20.0,21.0,2022-08-05,ja,OVA,"Supernatural, Hentai"
1084,I''s,2,9963,29.0,7.0,2002-12-09,ja,OVA,"Drama, Romance"
10882,Ghost Messenger,2,2221,35.0,0.0,2010-12-21,ja,OVA,"Action, Supernatural"
34777,91 Days: Shoal of Time/All Our Yesterdays/Tomorrow and Tomorrow,1,52866,24.0,30.0,2017-07-05,ja,Special,"Action, Drama"
51490,Make Money To Be King,60,1103,7.0,3.0,2022-07-05,ja,ONA,"Action, Fantasy"
30237,Hyakka Ryouran: Samurai After Specials,2,10299,4.0,6.0,2015-01-23,ja,Special,Ecchi
5538,Letter Bee: Light and Blue Night Fantasy,1,14325,27.0,11.0,2008-11-24,ja,Special,"Adventure, Fantasy"
39781,Keep Calm and Carry On,1,297,1.0,0.0,2014-10-14,ja,ONA,Fantasy
31927,Phantom of the Kill: Zero kara no Hangyaku,1,10280,21.0,6.0,2016-04-07,ja,Movie,"Action, Adventure, Fantasy"
644,Honey and Clover Specials,2,30653,22.0,43.0,2005-12-23,ja,Special,"Comedy, Drama, Romance"
21523,Baku Tech! Bakugan Gachi,39,2153,5.0,0.0,2013-04-06,ja,TV,Action
11067,Oppai Heart: Kanojo wa Kedamono Hatsujouki!?,2,9571,28.0,32.0,2011-10-28,ja,OVA,Hentai
33898,Torikaekko Please,1,2124,4.0,6.0,1998-02-10,ja,Music,UNKNOWN
32806,Aikatsu!: Nerawareta Mahou no Aikatsu! Card,1,3569,27.0,5.0,2016-08-13,ja,Movie,Slice of Life
33193,Shi Wan Ge Leng Xiaohua,12,786,7.0,1.0,2012-07-11,ja,ONA,Comedy
4214,Rosario + Vampire Capu2,13,407779,24.0,1106.0,2008-10-02,ja,TV,"Comedy, Fantasy, Romance, Ecchi"
27825,Dragon Nest: Warriors' Dawn,1,5036,90.0,26.0,2014-07-31,ja,Movie,"Action, Adventure, Fantasy"
10488,Shocking Pink!,2,10573,16.0,24.0,2011-06-24,ja,OVA,Hentai
48875,Lighter & Skirt,13,2040,14.0,22.0,2021-08-08,ja,ONA,"Drama, Romance"
49318,That Time I Got Reincarnated as a Slime Season 2: Tales - Veldora's Journal 2,1,49289,23.0,279.0,2021-06-29,ja,Special,"Action, Adventure, Comedy, Fantasy"
35338,Saekano: How to Raise a Boring Girlfriend .flat - Fan Service of Love and Pure heart,1,120247,22.0,140.0,2017-04-06,ja,Special,"Comedy, Romance, Ecchi"
10319,Chou Dendou Robo Tetsujin 28-gou FX,47,1215,24.0,2.0,1992-04-05,ja,TV,"Action, Adventure, Sci-Fi"
37520,Dororo,24,1146925,24.0,19476.0,2019-01-07,ja,TV,"Action, Adventure, Supernatural"
7160,Leave it to Mecha-Doc,30,2520,23.0,10.0,1984-09-01,ja,TV,"Action, Comedy, Mystery"
25687,Digimon Adventure tri. Reunion,1,111613,89.0,250.0,2015-11-21,ja,Movie,"Action, Adventure, Comedy, Drama"
2084,NG Knight Ramune & 40,38,3673,22.0,25.0,1990-04-06,ja,TV,"Action, Adventure, Comedy, Fantasy"
2130,Princess Resurrection,25,77754,24.0,209.0,2007-04-13,ja,TV,"Action, Comedy, Horror, Supernatural"
34009,To Be Hero,12,61523,11.0,168.0,2016-10-05,ja,TV,Comedy
16187,"Marriage Blue: ""Konyakusha ga Iru no ni, Doushite Konna Otoko ni......""",1,5088,25.0,11.0,2013-03-22,ja,OVA,Hentai
4350,Legend of the Wolf Woman,2,2985,26.0,4.0,2003-08-27,ja,OVA,"Horror, Sci-Fi, Supernatural, Hentai"
2167,Clannad,23,1371535,24.0,27253.0,2007-10-05,ja,TV,"Drama, Romance, Supernatural"
19633,Seikou!: Osananajimi wa Terekusasou ni Uso wo Tsuku,1,4045,17.0,18.0,2013-09-20,ja,OVA,Hentai
387,Haibane Renmei,13,272068,24.0,7306.0,2002-10-10,ja,TV,"Drama, Fantasy, Mystery"
43318,Because,1,272,4.0,0.0,2020-09-01,ja,Music,Avant Garde
727,Goldfish Warning!,54,3303,24.0,20.0,1991-01-12,ja,TV,Comedy
50287,The Vampire Dies in No Time Season 2,12,27952,23.0,111.0,2023-01-09,ja,TV,"Comedy, Supernatural"
33948,Hinako Note,12,103808,23.0,208.0,2017-04-07,ja,TV,"Comedy, Slice of Life"
14095,Kamen Rider Fourze x Crayon Shin-chan,4,1371,0.5,0.0,2012-04-13,ja,Special,"Action, Comedy"
35757,The Silver Guardian 2,6,56673,24.0,68.0,2018-01-13,ja,TV,"Adventure, Fantasy"
23487,Witch Craft Works Specials,6,15161,5.0,11.0,2014-03-26,ja,Special,Comedy
18115,Magi: The Kingdom of Magic,25,814514,25.0,7595.0,2013-10-06,ja,TV,"Action, Adventure, Fantasy"
48952,Twisted-Wonderland 1st Anniversary PV,1,1267,2.0,9.0,2021-03-17,ja,ONA,Supernatural
28511,Precure All Stars Movie: Haru no Carnival♪,1,3486,74.0,3.0,2015-03-14,ja,Movie,"Action, Comedy, Fantasy"
3056,Natural,2,2208,28.0,0.0,1999-02-25,ja,OVA,Hentai
32158,Mobile Suit Gundam-san,10,1294,3.0,0.0,2015-12-05,ja,Movie,Comedy
29557,For the Kingdom,1,506,7.0,0.0,1928-01-01,ja,Movie,UNKNOWN
21881,Sword Art Online II,24,1902495,23.0,9227.0,2014-07-05,ja,TV,"Action, Adventure, Fantasy, Romance"
32555,Magic of Stella,12,39062,23.0,59.0,2016-10-03,ja,TV,Comedy
9617,K-ON! The Movie,1,316910,110.0,2677.0,2011-12-03,ja,Movie,"Award Winning, Comedy"
2837,Ariel Deluxe,2,1767,42.0,2.0,1991-01-21,ja,OVA,"Action, Comedy, Sci-Fi"
35180,March Comes In Like A Lion 2nd Season,22,383674,25.0,14837.0,2017-10-14,ja,TV,Drama
32946,Ace Attorney 6 Prologue,1,5045,8.0,8.0,2016-03-17,ja,ONA,Mystery
7843,For Almost Forgotten Stories,1,1371,9.0,3.0,1994-01-01,ja,Movie,Avant Garde
31422,Minami Kamakura High School Girls Cycling Club,12,20833,23.0,16.0,2017-01-07,ja,TV,Sports
41709,Ibitsu,1,232,3.0,0.0,2003-01-01,ja,Music,UNKNOWN
19165,Fate/Zero Cafe,2,21416,10.0,13.0,2013-07-13,ja,Movie,Comedy
458,I Dream of Mimi,3,9423,27.0,19.0,1997-04-25,ja,OVA,"Comedy, Sci-Fi, Ecchi"
36194,Starship Troopers: Traitor of Mars,1,2696,100.0,2.0,2018-02-10,ja,Movie,"Action, Sci-Fi"
42784,Shu Ling Ji,30,633,10.0,2.0,2019-09-10,ja,ONA,UNKNOWN
3258,Lily C.A.T.,1,9027,67.0,10.0,1987-09-01,ja,OVA,"Horror, Sci-Fi"
4421,Moetan,2,5705,26.0,2.0,2007-12-21,ja,Special,"Comedy, Ecchi"
55339,Mashle: Magic and Muscles - Mash Burnedead and the Mysterious Letter,1,3828,23.0,10.0,2023-05-20,ja,Special,"Action, Comedy, Fantasy"
34406,Punpun Polka,1,435,1.0,0.0,1961-08-10,ja,Music,UNKNOWN
51572,Error,1,387,3.0,0.0,2019-07-31,ja,Music,Sci-Fi
901,Dragon Ball Z: Broly - The Legendary Super Saiyan,1,156021,76.0,170.0,1993-03-06,ja,Movie,"Action, Adventure, Comedy, Fantasy, Sci-Fi"
9906,Sue Cat,40,729,13.0,3.0,1980-06-04,ja,TV,Adventure
4718,AIKa: Special Trial,1,7676,12.0,3.0,1998-05-25,ja,OVA,Ecchi
6234,True Tears: Mini Chara 4-koma Gekijou,7,10707,0.5,4.0,2008-03-25,ja,Special,Comedy
2591,Samurai Shodown The Motion Picture,1,3747,68.0,1.0,1994-09-18,ja,Special,Adventure
7953,Defend Love,1,2277,4.0,0.0,2009-12-15,ja,Music,"Adventure, Fantasy, Romance, Sci-Fi, Supernatural"
35328,BOY's LOVE Nitro+CHiRAL,5,2276,4.0,4.0,2017-04-01,ja,ONA,Comedy
50021,Ancient Girls Frame,12,3294,24.0,6.0,2021-10-11,ja,ONA,"Action, Sci-Fi"
44983,Is It Wrong to Try to Pick Up Girls in a Dungeon? III: Is It Wrong to Try to Find a Hot Spring in Orario?,1,70968,27.0,203.0,2021-04-28,ja,OVA,"Adventure, Comedy, Fantasy, Ecchi"
42158,Wangu Xian Qiong IV: Yin Yue Cheng Pian,12,828,17.0,2.0,2020-04-16,ja,ONA,"Action, Adventure, Fantasy"
5449,Chibi Kero: Secret of the Kero Ball!?,1,1397,17.0,2.0,2007-03-17,ja,Special,Comedy
30206,Amagi Brilliant Park: No Time to Take It Easy!,1,94721,23.0,33.0,2015-06-26,ja,Special,"Comedy, Fantasy"
1018,Orphen 2: Revenge,23,17949,24.0,21.0,1999-10-02,ja,TV,"Adventure, Comedy, Fantasy"
3772,Cubix,26,4669,23.0,6.0,2001-08-11,ja,TV,Sci-Fi
2371,Crimson Climax,3,4896,30.0,16.0,2003-02-21,ja,OVA,Hentai
2768,CLAMP in Wonderland 2,1,19941,5.0,26.0,2007-10-26,ja,Music,"Action, Comedy, Drama, Fantasy, Romance"
51064,Black Summoner,12,192611,23.0,980.0,2022-07-09,ja,TV,"Action, Fantasy"
38054,Pop in Q Dance MV,1,752,1.0,0.0,2017-06-02,ja,Music,UNKNOWN
49090,Haru wo Irodoru,1,481,6.0,4.0,2015-01-01,ja,Movie,"Drama, Supernatural"
33531,Last Hope,26,38563,23.0,42.0,2018-03-29,ja,TV,Sci-Fi
455,Fantastic Children,26,32481,24.0,288.0,2004-10-05,ja,TV,"Adventure, Fantasy, Mystery, Romance, Sci-Fi, Suspense"
15951,Amagami SS+ Plus Picture Drama,2,19592,7.0,18.0,2012-10-03,ja,Special,Romance
11995,Guilstein,1,1188,91.0,1.0,2002-06-15,ja,Movie,"Action, Horror, Sci-Fi"
42500,I'm Home! Chibi Godzilla,12,467,0.5,0.0,2020-07-15,ja,ONA,"Fantasy, Slice of Life"
19519,Dream Creator feat. GUMI,1,1289,3.0,1.0,2013-07-05,ja,Music,UNKNOWN
41567,Isekai Quartet Movie: Another World,1,76118,112.0,111.0,2022-06-10,ja,Movie,"Comedy, Fantasy"
15095,Shin Koihime†Musou OVA Omake,1,1903,12.0,0.0,2010-07-07,ja,Special,"Adventure, Comedy, Fantasy, Ecchi"
1285,M.D. Geist,1,16074,44.0,84.0,1986-05-21,ja,OVA,"Action, Sci-Fi"
6692,Like A Mom,2,6862,29.0,26.0,2009-08-14,ja,OVA,Hentai
440,Revolutionary Girl Utena,39,207627,23.0,7878.0,1997-04-02,ja,TV,"Award Winning, Comedy, Drama, Fantasy, Mystery"
39823,Qin Shi Mingyue: Tian Xing Jiu Ge 2nd Season,30,1194,15.0,3.0,2019-04-24,ja,ONA,"Action, Fantasy"
187,Initial D Third Stage,1,167970,104.0,629.0,2001-01-13,ja,Movie,"Action, Drama, Romance"
17325,Ajin Senshi,1,1779,100.0,0.0,1990-11-17,ja,Movie,"Fantasy, Sci-Fi"
26183,Ikkitousen: Extravaganza Epoch,2,14695,25.0,10.0,2014-12-21,ja,OVA,"Action, Ecchi"
48305,Red Shoes and the Seven Dwarfs,1,950,92.0,5.0,2019-07-25,ja,Movie,"Comedy, Romance"
512,Kiki's Delivery Service,1,547722,103.0,5357.0,1989-07-29,ja,Movie,"Adventure, Award Winning, Comedy, Drama, Fantasy"
23583,Akage no Anne Specials,2,1189,45.0,0.0,2001-02-11,ja,Special,Drama
51149,Golden Douga Gekijou Specials,4,1125,0.4,0.0,2018-07-27,ja,Special,Comedy
3786,Evangelion: 3.0+1.0 Thrice Upon a Time,1,346511,155.0,6909.0,2021-03-08,ja,Movie,"Action, Award Winning, Drama, Sci-Fi, Suspense"
2278,Mahou Yuugi 3D,1,2068,30.0,1.0,2001-12-29,ja,OVA,Comedy
7771,Little Jumbo,1,710,28.0,0.0,1977-09-10,ja,Movie,Fantasy
8215,Genji Tsuushin Agedama,51,1711,25.0,8.0,1991-10-04,ja,TV,"Action, Comedy, Sci-Fi"
34176,Grimoire of Zero,12,260777,24.0,602.0,2017-04-10,ja,TV,"Action, Adventure, Fantasy"
3383,Orchid★Emblem,1,1687,45.0,3.0,1997-06-21,ja,OVA,Hentai
37215,The iDOLM@STER Cinderella Girls: 5th Live Tour Serendipity Parade!!! Manner Movie,1,802,3.0,0.0,2017-08-12,ja,Special,Comedy
352,Motto! Ojamajo Doremi,50,20498,24.0,130.0,2001-02-04,ja,TV,"Comedy, Fantasy"
39164,Dramaturgy,1,5966,4.0,33.0,2017-10-10,ja,Music,UNKNOWN
43969,"Girlfriend, Girlfriend",12,334058,24.0,2292.0,2021-07-03,ja,TV,"Comedy, Romance"
4486,Getter Robo G,39,3069,24.0,7.0,1975-05-15,ja,TV,"Action, Sci-Fi"
55181,Tsurupeta Shugo Kishi Elfina Ochiru,2,1026,20.0,0.0,2023-04-14,ja,OVA,Hentai
53008,Nengajou 2021: Mugen Shougatsu,1,584,2.0,1.0,2021-01-02,ja,ONA,Slice of Life
10524,Duel Masters Victory,52,1434,10.0,2.0,2011-04-02,ja,TV,"Action, Adventure, Comedy, Fantasy"
10666,Fireball Special,1,2599,3.0,1.0,2009-08-19,ja,Special,"Comedy, Sci-Fi"
3622,Ikusa Otome Suvia,4,6067,27.0,21.0,2007-12-22,ja,OVA,"Fantasy, Hentai"
9890,Major: Message,1,29716,24.0,60.0,2010-12-17,ja,OVA,Sports
16610,No Littering,1,4655,1.0,0.0,2012-10-26,ja,ONA,"Comedy, Horror"
34974,Aragne: Sign of Vermillion,1,5025,73.0,13.0,2018-08-18,ja,Movie,"Fantasy, Horror, Mystery"
1927,Campus Special Investigator Hikaruon,1,3023,29.0,6.0,1987-01-28,ja,OVA,Action
48810,Battle Spirits: Mirage,4,896,24.0,4.0,2021-10-29,ja,ONA,"Adventure, Sci-Fi"
36752,Robotic Girl,1,487,4.0,0.0,2017-10-03,ja,Music,UNKNOWN
484,Saiyuki: Requiem,1,9764,95.0,19.0,2001-08-18,ja,Movie,"Adventure, Supernatural"
7058,The Betrayal Knows My Name,24,97623,23.0,969.0,2010-04-12,ja,TV,"Adventure, Boys Love, Drama, Fantasy"
16700,Higurashi no Naku Koro ni Kaku: Outbreak,1,68217,52.0,105.0,2013-08-15,ja,OVA,"Horror, Mystery, Suspense"
3620,Blue Seed Omake,14,3107,5.0,3.0,1995-01-21,ja,Special,Comedy
40656,Girls & Panzer: Saishuushou Part 2 Specials,3,7832,6.0,4.0,2020-02-27,ja,Special,Comedy
41632,METAMAN,12,1468,20.0,3.0,2020-04-07,ja,ONA,"Action, Sci-Fi"
33218,Your Voice -KIMIKOE-,1,37198,94.0,52.0,2017-08-25,ja,Movie,Drama
506,Glass no Kamen,23,8873,24.0,43.0,1984-04-09,ja,TV,"Drama, Romance"
37704,High School Fleet Movie,1,16091,103.0,79.0,2020-01-18,ja,Movie,Action
22687,Terraformars,13,224644,24.0,629.0,2014-09-27,ja,TV,"Action, Horror, Sci-Fi"
9342,Twinkle Nora Rock Me!,1,4570,29.0,13.0,1985-11-21,ja,OVA,"Action, Sci-Fi"
64,Rozen Maiden,12,199570,24.0,1936.0,2004-10-08,ja,TV,"Action, Comedy, Drama"
10821,Suite Precure♪ Movie: Torimodose! Kokoro ga Tsunagu Kiseki no Melody♪,1,5642,71.0,1.0,2011-10-29,ja,Movie,Fantasy
6098,At The Mercy of The Sky,12,42523,24.0,64.0,2009-07-07,ja,TV,"Comedy, Romance"
50740,Hanako,1,1475,4.0,2.0,,ja,Movie,Supernatural
38513,Rape Gouhouka!!!,2,6238,15.0,18.0,2018-09-14,ja,ONA,Hentai
744,Trouble Chocolate,20,5623,23.0,17.0,1999-10-08,ja,TV,"Comedy, Romance, Sci-Fi"
39273,CHANNELER,1,275,5.0,0.0,2012-02-14,ja,Movie,UNKNOWN
54778,Hawk no Onayami Soudanshitsu Special,1,368,0.5,0.0,2020-09-25,ja,Special,Comedy
17957,Hello Kitty no Papa Nante Daikirai,1,467,20.0,1.0,1994-03-21,ja,OVA,Slice of Life
7004,Calimero (1992),52,2402,21.0,2.0,1992-10-15,ja,TV,Comedy
4948,The Adventures of Little Samurai,1,1888,82.0,5.0,1959-12-25,ja,Movie,"Adventure, Fantasy"
41102,Lights of Sand,1,390,3.0,2.0,2017-06-28,ja,Movie,Fantasy
9806,Qin's Moon: Hundred Steps Flying Sword,10,3492,22.0,16.0,2007-02-14,ja,TV,"Action, Fantasy"
23213,Insufficient Direction,13,6921,3.0,4.0,2014-04-04,ja,TV,"Comedy, Slice of Life"
357,Bludgeoning Angel Dokuro-chan,4,193846,26.0,772.0,2005-03-13,ja,OVA,"Comedy, Ecchi"
41339,Blue: Line Step Brush,1,1737,1.0,3.0,2020-02-14,ja,ONA,"Drama, Slice of Life"
16564,Robot Taekwon V 84,1,610,78.0,0.0,1984-08-03,ja,Movie,"Action, Sci-Fi"
10758,Momotarou,1,665,23.0,0.0,1918-03-01,ja,Movie,Drama
23909,Hoshi no Yuuenchi,1,483,17.0,0.0,1989-10-14,ja,OVA,"Adventure, Sci-Fi"
2308,Lime-iro Ryuukitan X,13,4678,25.0,5.0,2005-01-05,ja,TV,"Drama, Supernatural, Ecchi"
29649,Chase,1,412,3.0,0.0,1966-01-01,ja,Movie,Avant Garde
2384,Demon Fighter Kocho,1,2574,30.0,4.0,1997-05-21,ja,OVA,"Comedy, Supernatural, Ecchi"
37404,Circus,1,351,1.0,0.0,2018-02-28,ja,Music,UNKNOWN
6133,Violence Gekiga Shin David no Hoshi: Inma Densetsu,1,717,41.0,0.0,1991-03-08,ja,OVA,Hentai
21861,Airy Me,1,4940,5.0,12.0,2013-07-17,ja,Movie,"Avant Garde, Award Winning, Drama, Horror"
36117,Breathless,1,357,1.0,0.0,2012-10-25,ja,Music,Avant Garde
37540,Kami no Ue no Pilot,1,259,4.0,0.0,2016-12-24,ja,Music,UNKNOWN
36636,Ankoku Cat VS,3,447,5.0,1.0,2011-01-21,ja,ONA,"Action, Comedy"
38525,Super Wings,52,405,12.0,1.0,2013-09-01,ja,TV,Adventure
1786,Sprite: Between Two Worlds,2,2746,40.0,1.0,1997-04-21,ja,OVA,"Comedy, Romance, Ecchi"
38481,A Certain Scientific Railgun T,25,219430,24.0,3220.0,2020-01-10,ja,TV,"Action, Fantasy, Sci-Fi"
32071,Gantz:O,1,95781,96.0,338.0,2016-10-14,ja,Movie,"Action, Drama, Horror, Sci-Fi"
1843,Yomigaeru Sora: Rescue Wings - Saigo no Shigoto,1,3209,22.0,2.0,2006-06-17,ja,Special,Drama
1235,Ichitaka's Delusion Diary,5,6810,1.0,2.0,2005-12-09,ja,Special,"Comedy, Romance, Ecchi"
22865,Invaders of the Rokujyoma!?,12,175907,23.0,410.0,2014-07-12,ja,TV,"Comedy, Supernatural"
9782,Five Numbers!,1,10551,24.0,3.0,2011-01-22,ja,OVA,"Mystery, Sci-Fi"
38986,Kimi ga Inakucha!,1,1002,1.0,1.0,2018-10-18,ja,Music,UNKNOWN
4357,Elle,2,2322,26.0,3.0,2001-04-25,ja,OVA,"Action, Sci-Fi, Hentai"
582,Sexy Commando Gaiden: Sugoi yo!! Masaru-san,48,12458,8.0,137.0,1998-01-06,ja,TV,"Action, Comedy"
32311,Beautiful World,1,7945,2.0,12.0,2014-12-02,ja,Music,"Action, Drama, Sci-Fi"
2871,Bakunyuu Oyako,2,11350,29.0,59.0,2004-06-11,ja,OVA,Hentai
15783,Lupin III: Touhou Kenbunroku - Another Page,1,5009,90.0,0.0,2012-11-02,ja,Special,"Action, Adventure, Comedy, Mystery"
42487,Runway de Waratte Mini Anime,42,2350,0.8,0.0,2019-11-05,ja,ONA,Comedy
53642,Odd Taxi Picture Drama,1,874,9.0,0.0,2022-03-30,ja,Special,UNKNOWN
4052,Medabots Spirits,39,19663,22.0,17.0,2000-07-07,ja,TV,"Action, Adventure, Sci-Fi"
31378,Seraph of the End: Vampire Shahar,1,82274,23.0,117.0,2016-05-02,ja,OVA,"Action, Drama, Supernatural"
49202,Semantic Error,4,4794,4.0,37.0,2021-03-12,ja,ONA,"Boys Love, Slice of Life"
39098,Mahou no Ryouri: Kimi kara Kimi e,1,239,4.0,0.0,2010-04-01,ja,Music,UNKNOWN
39738,Mushishi Recap,1,3059,25.0,5.0,2006-05-08,ja,Special,"Mystery, Supernatural"
36229,Rainbow Signal: Hi-Fi Set,1,486,28.0,1.0,1985-02-01,ja,Music,"Fantasy, Romance"
5045,"Kamen no Maid Guy: Ano Natsu, Ichiban Yutaka na Chichi.",1,9158,19.0,3.0,2008-12-22,ja,OVA,"Action, Comedy, Ecchi"
1430,Lupin III: The Castle of Cagliostro,1,111263,99.0,1295.0,1979-12-15,ja,Movie,"Action, Adventure, Award Winning, Comedy, Mystery"
30210,"Well, That's Glasses",1,462,5.0,0.0,2007-01-01,ja,Movie,Avant Garde
1056,Good Morning Call,1,6710,19.0,3.0,2001-08-02,ja,OVA,"Comedy, Drama, Romance"
571,Moldiver,6,4008,29.0,10.0,1993-02-25,ja,OVA,"Action, Romance, Sci-Fi"
48533,Survival of the Illest,1,460,5.0,1.0,2020-07-16,ja,Music,UNKNOWN
42078,Hakugin,1,1502,4.0,5.0,2020-02-28,ja,Music,Drama
2027,Wind: A Breath of Heart Specials,4,2030,12.0,0.0,2004-12-10,ja,Special,"Comedy, Romance"
9346,Battle Spirits: Brave,50,4105,24.0,18.0,2010-09-12,ja,TV,"Adventure, Sci-Fi"
1702,Square Of The Moon: The Night Is Coming!,4,3043,30.0,2.0,2002-04-25,ja,OVA,"Horror, Supernatural, Hentai"
38360,Drifters: The Outlandish Knight,1,24380,30.0,9.0,2018-11-30,ja,OVA,"Action, Adventure, Comedy, Fantasy"
38074,Tayo the Little Bus Season 4,26,299,11.0,0.0,2016-08-31,ja,TV,UNKNOWN
861,xxxHOLiC,24,309356,24.0,4392.0,2006-04-07,ja,TV,"Comedy, Drama, Mystery, Supernatural"
148,Diamond Daydreams,12,9050,24.0,10.0,2004-01-20,ja,TV,"Drama, Romance"
42506,World Witches Take Off!,12,11151,15.0,15.0,2021-01-13,ja,TV,Comedy
6275,Pokémon Mystery Dungeon: Explorers of Sky—Beyond Time and Darkness,1,10328,25.0,3.0,2009-04-12,ja,Special,"Adventure, Fantasy"
11749,Oshioki: Gakuen Reijou Kousei Keikaku,3,5841,17.0,11.0,2011-11-18,ja,OVA,Hentai
2524,Jungle De Ikou!,3,7324,28.0,11.0,1997-03-26,ja,OVA,"Action, Adventure, Comedy, Ecchi"
39203,Idobata Gossip,1,250,3.0,1.0,2015-03-20,ja,Music,UNKNOWN
1204,Kujira no Chouyaku,1,9087,22.0,33.0,1998-11-14,ja,Movie,"Award Winning, Drama, Fantasy"
37528,Decadence-Remix-,1,523,4.0,1.0,2012-04-14,ja,Music,UNKNOWN
35739,Pikotaro's Lullaby La La By (TV),9,5459,3.0,10.0,2017-08-02,ja,TV,Comedy
29787,Is the Order a Rabbit??,12,126635,23.0,851.0,2015-10-10,ja,TV,Slice of Life
37867,Darenotamenisakurawasaku,1,269,4.0,0.0,2018-05-11,ja,Music,UNKNOWN
3818,Project: City Flying in the Sky,1,1965,5.0,2.0,2005-09-10,ja,Music,Sci-Fi
24133,Anti-Magic Academy: The 35th Test Platoon,12,303513,23.0,471.0,2015-10-08,ja,TV,"Action, Fantasy, Romance, Ecchi"
13085,Kitsutsuki Keikaku,1,533,15.0,1.0,1966-01-01,ja,Movie,"Comedy, Slice of Life"
3711,After... The Animation,2,8038,26.0,21.0,2007-08-25,ja,OVA,Hentai
24357,Mokkai Shiyo?,1,6726,17.0,13.0,2014-07-04,ja,OVA,Hentai
28221,Etotama,12,78914,24.0,136.0,2015-04-09,ja,TV,"Action, Comedy, Fantasy"
39918,Shining Star,52,902,21.0,4.0,2017-10-16,ja,TV,UNKNOWN
40454,Is It Wrong to Try to Pick Up Girls in a Dungeon? III,12,558321,24.0,1857.0,2020-10-03,ja,TV,"Action, Adventure, Fantasy"
30386,Pikaia!,13,1362,15.0,1.0,2015-04-29,ja,TV,"Drama, Slice of Life"
32999,"Neko mo, Onda-ke",12,647,1.0,0.0,2016-04-01,ja,TV,"Comedy, Slice of Life"
52759,Lovesky Sagashite...,1,310,5.0,2.0,2017-03-29,ja,Music,UNKNOWN
47537,AICis the Supernatural,15,1907,11.0,10.0,2021-02-13,ja,ONA,"Mystery, Supernatural"
14511,Minami-ke Tadaima,13,56321,24.0,81.0,2013-01-06,ja,TV,"Comedy, Slice of Life"
39549,Clone,1,371,3.0,0.0,2016-07-15,ja,Music,UNKNOWN
32063,Kyonyuu Hitozuma Onna Kyoushi Saimin,2,10529,16.0,48.0,2016-01-02,ja,OVA,Hentai
23089,Spring Comes to Ponsuke,1,730,7.0,0.0,1934-08-01,ja,Movie,Comedy
4732,Grope: Yami no naka no Kotori-tachi,2,4802,28.0,13.0,2007-12-21,ja,OVA,Hentai
1694,IDOLM@STER Xenoglossia,26,22632,23.0,30.0,2007-04-03,ja,TV,"Action, Comedy, Sci-Fi"
31645,Persona 5 the Animation -THE DAY BREAKERS-,1,54326,24.0,70.0,2016-09-03,ja,Special,"Action, Fantasy, Supernatural"
40711,Gantz x Senran Kagura New Link,1,5032,0.5,7.0,2019-11-13,ja,ONA,UNKNOWN
12971,Himitsu no Akko-chan: Umi da! Obake da!! Natsu Matsuri,1,655,24.0,0.0,1989-07-15,ja,Movie,UNKNOWN
33138,Nama Lo Re: Namakemono The Animation,1,6979,17.0,24.0,2016-06-03,ja,OVA,Hentai
34502,Inazma Delivery,10,1231,2.0,2.0,2016-12-09,ja,TV,"Action, Comedy, Sci-Fi"
3298,Hatenkou Yugi,10,37033,24.0,169.0,2008-01-05,ja,TV,"Adventure, Comedy, Drama, Fantasy, Romance"
22173,Ten Nights' Dreams,1,1011,6.0,0.0,2004-01-01,ja,Movie,Avant Garde
45649,The First Slam Dunk,1,19419,124.0,161.0,2022-12-03,ja,Movie,"Award Winning, Sports"
51664,Harem Cult,4,3562,20.0,13.0,2022-05-27,ja,OVA,Hentai
25839,Bonjour♪Sweet Love Patisserie,24,58483,5.0,91.0,2014-10-10,ja,ONA,"Gourmet, Romance"
627,Major S1,26,98219,25.0,1378.0,2004-11-13,ja,TV,Sports
36275,Natsume's Book of Friends Season 6 Specials,2,44300,23.0,69.0,2017-09-27,ja,Special,"Drama, Slice of Life, Supernatural"
2913,"Bush Baby, Little Angel of the Great Plains",40,2777,24.0,7.0,1992-01-12,ja,TV,"Adventure, Drama"
32983,Natsume's Book of Friends Season 5,11,177028,23.0,803.0,2016-10-05,ja,TV,"Drama, Slice of Life, Supernatural"
38081,Girls und Panzer das Finale – Part 2,1,33061,54.0,92.0,2019-06-15,ja,Movie,UNKNOWN
7745,Zettai Karen Children OVA: Aitazousei! Ubawareta Mirai?,1,7009,25.0,2.0,2010-07-16,ja,OVA,"Action, Comedy, Supernatural"
17409,"Say ""I Love You"".: Mei and Marshmallow Meow",10,57143,1.0,158.0,2012-12-26,ja,Special,Romance
37405,Dokidoki Little Ooyasan,6,18313,16.0,121.0,2018-05-25,ja,OVA,Hentai
2814,Wowser,52,1088,25.0,2.0,1988-04-05,ja,TV,Comedy
4504,Emergency Departure Rescue Kids,50,872,25.0,2.0,1991-02-19,ja,TV,"Action, Adventure, Comedy, Sci-Fi"
28171,Food Wars! Shokugeki no Soma,24,1585095,25.0,23435.0,2015-04-04,ja,TV,"Gourmet, Ecchi"
36702,Attack on Titan: The Roar of Awakening,1,65088,120.0,82.0,2018-01-13,ja,Movie,"Action, Drama"
41531,Cells at Work [Black],1,7322,1.0,4.0,2020-01-04,ja,ONA,Action
15979,Aratanari Fukaki Ao,10,5281,0.7,3.0,2012-10-05,ja,ONA,"Comedy, Slice of Life"
32553,Nisekoi: OVA,2,94847,13.0,66.0,2016-01-04,ja,OVA,"Comedy, Romance"
171,Strange Dawn,13,5523,23.0,9.0,2000-07-11,ja,TV,"Adventure, Drama, Fantasy"
30658,Gakuen no Ikenie: Nagusami Mono to Kashita Kyonyuu Furyou Shoujo,1,5327,27.0,11.0,2015-07-24,ja,OVA,Hentai
37285,"Ippun de Wakaru Eiga ""Donten ni Warau"" Kaisetsu Yokoku",1,1089,1.0,1.0,2018-02-09,ja,ONA,UNKNOWN
20855,Bacterial Contamination,1,4879,4.0,14.0,2012-02-03,ja,Music,"Avant Garde, Horror"
32667,Baka na Imouto wo Rikou ni Suru no wa Ore no xx dake na Ken ni Tsuite,4,21336,16.0,141.0,2016-04-28,ja,OVA,Hentai
24817,Fantasista Stella,3,1615,23.0,3.0,2014-09-18,ja,OVA,Sports
47164,Is It Wrong to Try to Pick Up Girls in a Dungeon? IV,11,294106,23.0,2001.0,2022-07-23,ja,TV,"Action, Adventure, Fantasy"
25461,Tatamp,1,646,5.0,0.0,2011-01-01,ja,Movie,UNKNOWN
32800,Jijii: Owari no Hajimari,1,276,5.0,0.0,2014-04-18,ja,Music,UNKNOWN
29963,Marude Sekai,1,295,2.0,0.0,1984-04-04,ja,Music,UNKNOWN
8751,Kaijuu no Ballad,1,561,3.0,0.0,2001-01-01,ja,Music,"Comedy, Fantasy"
37492,Steins;Gate 0: Valentine's of Crystal Polymorphism -Bittersweet Intermedio-,1,99823,23.0,171.0,2018-12-21,ja,Special,Comedy
50633,Jiandao Di Yi Xian,20,925,8.0,1.0,2022-06-20,ja,ONA,"Action, Fantasy"
37896,Ling Yu 6th Season,12,1477,13.0,1.0,2018-04-20,ja,ONA,Fantasy
22815,Yariman Fudousan,2,4288,18.0,7.0,2014-04-04,ja,OVA,Hentai
1071,Memories Off #5 Togireta Film The Animation,1,3049,26.0,1.0,2006-03-29,ja,OVA,"Drama, Romance"
44061,New Gods: Nezha Reborn,1,4339,117.0,11.0,2021-02-12,ja,Movie,"Action, Fantasy, Sci-Fi"
42963,Rent-a-Girlfriend Season 2,12,378538,24.0,4846.0,2022-07-02,ja,TV,"Comedy, Romance"
51616,Honzuki no Gekokujou: Shisho ni Naru Tame ni wa Shudan wo Erandeiraremasen Recap,2,5900,23.0,23.0,2022-03-29,ja,Special,Fantasy
33286,Strike the Blood Second,8,190311,25.0,231.0,2016-11-23,ja,OVA,"Action, Fantasy, Supernatural, Ecchi"
32792,Mobile Suit Gundam Unicorn RE:0096,22,32828,23.0,169.0,2016-04-03,ja,TV,"Action, Drama, Sci-Fi"
1422,Lupin III: Missed by a Dollar,1,7048,90.0,1.0,2000-07-28,ja,Special,"Action, Adventure, Comedy, Mystery"
50380,Ya Boy Kongming!,12,264056,23.0,2436.0,2022-04-05,ja,TV,Comedy
4390,Momotaro's Sky Adventure,1,1438,12.0,0.0,1931-10-01,ja,Movie,"Adventure, Comedy"
20975,Seisenshi Dunbine Memorial,3,696,55.0,0.0,1988-02-25,ja,Special,"Adventure, Sci-Fi"
8416,Bonobono,1,595,103.0,1.0,1993-11-13,ja,Movie,Comedy
5992,Tsuyoshi Shikkari Shinasai,112,2658,22.0,13.0,1992-10-04,ja,TV,"Comedy, Drama, Romance, Slice of Life"
32344,Nanairomegane,1,422,1.0,0.0,2010-01-01,ja,Music,UNKNOWN
9252,Broken Blade 3,1,58253,47.0,27.0,2010-09-25,ja,Movie,"Action, Fantasy"
474,Macross Plus,4,46189,39.0,415.0,1994-08-25,ja,OVA,"Drama, Romance, Sci-Fi"
36039,A.I.C.O. Incarnation,12,109819,24.0,228.0,2018-03-09,ja,ONA,"Action, Sci-Fi"
19841,Super Seisyun Brothers,14,32122,4.0,36.0,2013-09-14,ja,TV,"Comedy, Slice of Life"
15769,Shining Hearts: Bread of Happiness Picture Drama,6,2299,4.0,1.0,2012-07-27,ja,Special,Fantasy
33225,Mobile Suit Gundam-san (ONA),15,1492,2.0,1.0,2014-09-17,ja,ONA,Comedy
35326,Saint Seiya: Gold Saints Data File,3,1584,5.0,3.0,2006-12-15,ja,Special,"Action, Fantasy"
50657,Luoyang,16,583,19.0,2.0,2021-12-17,ja,ONA,"Action, Adventure, Fantasy"
49596,Blue Lock,24,550634,24.0,9952.0,2022-10-09,ja,TV,Sports
52578,The Dangers in My Heart,12,137774,23.0,1549.0,2023-04-02,ja,TV,"Comedy, Romance"
1340,Judge,1,3755,48.0,3.0,1991-06-15,ja,OVA,"Horror, Supernatural"
2301,Tekkaman Blade: Missing Link,1,2102,5.0,1.0,1999-11-30,ja,OVA,"Action, Sci-Fi"
50339,Kakegurui Twin,6,92611,26.0,320.0,2022-08-04,ja,ONA,"Drama, Mystery"
9041,Infinite Stratos,12,621823,24.0,2254.0,2011-01-07,ja,TV,"Action, Comedy, Sci-Fi, Ecchi"
21595,Yu☆Gi☆Oh! Zexal Second: Iza! Saishuu Kessen e!! Special,1,3624,24.0,1.0,2013-12-05,ja,Special,"Action, Fantasy"
38600,Ghost in the Shell: Ghost Chaser,1,2587,8.0,5.0,2018-11-02,ja,Movie,"Action, Mystery, Sci-Fi"
2050,Honoo no Tenkousei,2,6851,23.0,13.0,1991-05-21,ja,OVA,"Action, Comedy, Sports"
6219,Rainbow Fireflies,1,7550,104.0,15.0,2012-05-19,ja,Movie,"Fantasy, Romance, Slice of Life"
10058,Sore Ike! Anpanman: Yuurei Sen wo Yattsukero!!,1,471,56.0,0.0,1995-07-29,ja,Movie,"Comedy, Fantasy"
16812,77Danui Bimil,1,590,69.0,0.0,1978-07-23,ja,Movie,"Action, Adventure, Drama"
52372,Knickknack Kingdom,1,208,3.0,0.0,2022-07-08,ja,Music,Fantasy
14049,Mashiro-iro Symphony: Airi ga Anata no Kanojo ni!?,1,11257,14.0,3.0,2012-01-25,ja,Special,Romance
23345,The Snow Country Prince,1,431,90.0,0.0,1985-12-21,ja,Movie,Slice of Life
1106,Eikyuu Kazoku,1,9972,28.0,16.0,1997-04-01,ja,Movie,Comedy
9393,T.P. Sakura: Time Paladin Sakura,2,4539,25.0,3.0,2011-01-27,ja,OVA,Action
3264,Lemon Angel (1988/II),8,1567,3.0,0.0,1988-07-07,ja,TV,Ecchi
48549,Dr. Stone: New World,11,337379,24.0,2509.0,2023-04-06,ja,TV,"Adventure, Comedy, Sci-Fi"
23983,Fuichin-san,1,482,60.0,0.0,2004-03-20,ja,OVA,Drama
43201,Alba,1,288,3.0,0.0,2020-06-05,ja,Music,UNKNOWN
40430,Uchuu Seibutsu Jirou,1,322,0.7,0.0,2019-09-20,ja,ONA,UNKNOWN
8183,Bouken Korobokkuru,26,584,25.0,0.0,1973-10-06,ja,TV,Adventure
2095,Salamander,3,1651,53.0,1.0,1987-02-25,ja,OVA,"Adventure, Sci-Fi"
53919,Yao-Chinese Folktales,8,1080,18.0,6.0,2023-01-01,ja,ONA,Fantasy
24201,Rakugaki Picasso,1,1006,4.0,0.0,2014-04-16,ja,Music,UNKNOWN
32997,Lo Re: Pako Sukusuku Mizuki-chan The Animation,1,7360,17.0,43.0,2016-05-06,ja,OVA,Hentai
17729,The Fruit of Grisaia,13,594026,23.0,4341.0,2014-10-05,ja,TV,"Drama, Romance"
36618,Flowering Heart 2,26,1780,11.0,9.0,2017-05-29,ja,TV,UNKNOWN
22055,Gakkou no Kaidan Recaps,2,2170,25.0,0.0,2000-11-15,ja,Special,"Horror, Mystery, Supernatural"
10526,Duel Masters Zero,24,1949,10.0,1.0,2007-10-06,ja,TV,Action
7536,Soukou Kihei Votoms: Pailsen Files Movie,1,1792,118.0,0.0,2009-01-17,ja,Movie,Sci-Fi
43763,Cestvs: The Roman Fighter,11,19811,22.0,87.0,2021-04-15,ja,TV,"Action, Drama"
5040,One Outs,25,229196,23.0,3937.0,2008-10-08,ja,TV,Sports
3801,Dracula: Sovereign of the Damned,1,4390,94.0,5.0,1980-08-19,ja,Special,Horror
2645,Dorami & Doraemons: Space Land's Critical Event,1,1544,16.0,0.0,2001-03-10,ja,Movie,"Adventure, Comedy, Fantasy, Sci-Fi"
34016,Hatsukoi Monster: Mou Chotto dake Tsuzukunja,1,7678,23.0,10.0,2017-02-07,ja,OVA,"Comedy, Romance"
21305,Trick or Alice,1,7634,27.0,12.0,2016-12-22,ja,OVA,Fantasy
4703,Yes! Precure 5 GoGo! Movie: Okashi no Kuni no Happy Birthday,1,5258,75.0,4.0,2008-11-08,ja,Movie,"Fantasy, Romance"
34284,Yuki Yuna is a Hero: The Washio Sumi Chapter,6,43158,24.0,194.0,2017-10-07,ja,TV,"Drama, Fantasy"
37468,Oi Pii-tan!!,1,466,0.6,0.0,2018-03-13,ja,ONA,UNKNOWN
50075,Be All Lie,1,191,4.0,0.0,2020-10-24,ja,Music,UNKNOWN
2906,Rokushin Gattai GodMars: Juunana-sai no Densetsu,1,996,56.0,0.0,1988-06-05,ja,OVA,"Action, Sci-Fi"
13759,The Pet Girl of Sakurasou,24,1206053,23.0,26065.0,2012-10-09,ja,TV,"Drama, Romance"
8197,Sound of the Sky Specials,2,26501,24.0,13.0,2010-06-23,ja,Special,"Sci-Fi, Slice of Life"
46004,2.43 Mini Anime: Inside Story,10,1414,1.0,2.0,2021-01-09,ja,ONA,Comedy
40979,Hero Return,12,38883,16.0,175.0,2020-10-18,ja,ONA,"Action, Sci-Fi"
38392,"Tsunagu, Soramoyou",1,971,2.0,0.0,2018-09-21,ja,Music,UNKNOWN
49987,Papa Katsu!,1,3934,23.0,17.0,2021-12-24,ja,OVA,Hentai
41691,Ushichichi Tabehoudai! The Animation,1,3233,21.0,8.0,2020-03-11,ja,ONA,Hentai
52717,Harem Camp!,8,7432,6.0,51.0,2022-10-03,ja,ONA,Hentai
53235,One Piece: A Comprehensive Anatomy! Fierce Fight! The Five from the New Generation,1,3640,24.0,2.0,2022-10-09,ja,Special,"Action, Adventure, Fantasy"
16868,"Say ""I Love You."" OVA",1,62379,22.0,33.0,2013-07-24,ja,OVA,Romance
35456,Chokotto Kamen feat. Inoue Kikuko,1,226,3.0,0.0,2014-05-01,ja,Music,UNKNOWN
301,Cinderella Boy,13,7415,25.0,9.0,2003-06-21,ja,TV,"Action, Adventure, Comedy, Mystery"
50059,Tatehoko Tsubasa,1,687,4.0,1.0,2021-07-13,ja,Music,UNKNOWN
5401,Mahou Shoujo Sae,2,2101,29.0,3.0,2006-04-28,ja,OVA,Hentai
33562,The Unparalleled Black & White,12,9943,11.0,20.0,2015-07-09,ja,ONA,"Action, Comedy, Supernatural"
37141,Cells at Work!,13,624353,23.0,2265.0,2018-07-08,ja,TV,Comedy
42364,Re:ZERO ~Starting Break Time From Zero~ Season 2,25,30778,3.0,185.0,2020-07-10,ja,Special,Comedy
24417,Maido! Urayasu Tekkin Kazoku,25,1045,3.0,3.0,2014-07-06,ja,TV,Comedy
34620,YU-NO: A Girl Who Chants Love at the Bound of This World,26,150861,23.0,475.0,2019-04-02,ja,TV,"Drama, Sci-Fi"
38936,"Lord El-Melloi II's Case Files: Rail Zeppelin Grace Note - A Grave Keeper, a Cat, and a Mage",1,59223,24.0,44.0,2018-12-31,ja,Special,"Fantasy, Mystery, Supernatural"
52538,Limits,1,230,2.0,0.0,2021-11-01,ja,Music,UNKNOWN
944,The Third: Aoi Hitomi no Shoujo,24,21238,23.0,92.0,2006-04-14,ja,TV,"Action, Adventure, Sci-Fi"
32379,Berserk (2016),12,344591,24.0,2342.0,2016-07-01,ja,TV,"Action, Adventure, Drama, Fantasy, Horror"
304,Ah! My Goddess: The Movie,1,42124,106.0,99.0,2000-10-21,ja,Movie,"Comedy, Romance, Supernatural"
49433,Youxia Zhanji,20,618,18.0,4.0,2021-07-27,ja,ONA,"Action, Adventure, Fantasy"
13233,Mugen no Ryvius: Illusion,6,1005,7.0,0.0,1999-01-01,ja,ONA,Comedy
30094,Majin Sentai Death Ranger: Ubawareta Pudding!,1,401,3.0,0.0,2014-09-18,ja,ONA,"Action, Comedy"
6270,Cat City,1,1457,42.0,3.0,2006-08-01,ja,OVA,"Fantasy, Horror"
7112,Ginga Tetsudou no Yoru: Fantasy Railroad in the Stars,1,2045,48.0,6.0,2006-06-17,ja,Movie,"Drama, Fantasy, Mystery"
2899,Higurashi: When They Cry - Cat Killing Chapter,1,76136,23.0,70.0,2007-08-02,ja,Special,Mystery
54044,Utopia (2022),1,206,2.0,0.0,2022-12-31,ja,Music,UNKNOWN
677,Sentimental Journey,12,3851,24.0,13.0,1998-04-08,ja,TV,"Drama, Romance"
2718,Triton of the Sea,27,2124,23.0,4.0,1972-04-01,ja,TV,"Adventure, Fantasy"
17821,"Stella Women's Academy, High School Division Class C³",13,53507,24.0,75.0,2013-07-05,ja,TV,Sports
20977,Tonari no Seki-kun OVA,1,38413,13.0,8.0,2014-01-04,ja,OVA,Comedy
39220,Wormy,1,240,5.0,1.0,2014-01-02,ja,Movie,UNKNOWN
22429,Vampire Vixen,1,65819,23.0,771.0,2014-03-28,ja,OVA,"Supernatural, Hentai"
48960,Hunter,1,295,8.0,0.0,2017-09-14,ja,Movie,"Avant Garde, Horror"
50652,Endo and Kobayashi Live! The Latest on Tsundere Villainess Lieselotte,12,74486,24.0,362.0,2023-01-07,ja,TV,"Comedy, Fantasy, Romance"
48761,The Faraway Paladin,12,269226,23.0,1320.0,2021-10-09,ja,TV,"Action, Adventure, Fantasy"
33535,Runningman,1,375,4.0,2.0,2012-02-22,ja,ONA,Slice of Life
7367,Naruto: The Cross Roads,1,51630,27.0,33.0,2009-10-12,ja,Special,"Action, Fantasy"
30679,Queen's Blade: Grimoire,2,11495,29.0,12.0,2016-01-29,ja,OVA,"Action, Adventure, Fantasy, Ecchi"
7876,The Wizard of Oz,1,1013,72.0,2.0,1982-10-06,ja,Movie,"Adventure, Fantasy"
53905,Love Between Fairy and Devil Part 2,12,819,16.0,2.0,2022-12-23,ja,ONA,"Comedy, Fantasy, Romance"
234,Dan Doh!!,26,4147,24.0,6.0,2004-04-03,ja,TV,"Adventure, Sports"
1894,Yu-Gi-Oh!: The Movie,1,72619,101.0,59.0,2004-08-13,ja,Movie,"Adventure, Comedy, Fantasy"
34328,Iwaki Meisei Daigaku,3,341,1.0,0.0,2014-07-06,ja,ONA,Slice of Life
3557,Virgin Auction,2,2574,30.0,4.0,2005-12-09,ja,OVA,Hentai
3420,Shigofumi: Letters from the Departed,12,89616,23.0,354.0,2008-01-06,ja,TV,"Drama, Fantasy, Suspense"
3745,Crayon Shin-chan Movie 02: Buriburi Oukoku no Hihou,1,8662,93.0,10.0,1994-04-23,ja,Movie,"Action, Adventure, Comedy"
3808,Futari Daka,36,1052,25.0,1.0,1984-09-20,ja,TV,UNKNOWN
5649,Injuu Onna Kyoushi,3,1632,46.0,3.0,1995-07-21,ja,OVA,Hentai
6377,Zan Sayonara Zetsubou Sensei,13,104603,23.0,232.0,2009-07-05,ja,TV,Comedy
25341,Ace of Diamond OVA,3,16667,23.0,30.0,2014-11-17,ja,OVA,Sports
3915,Time Fighters,61,2571,24.0,2.0,1975-10-04,ja,TV,"Adventure, Comedy"
34506,Idol Kyousei Sousa,2,3512,28.0,2.0,2017-02-24,ja,OVA,Hentai
31499,Fox Spirit Matchmaker,13,41325,13.0,166.0,2015-06-26,ja,ONA,"Comedy, Romance, Supernatural"
2356,Amon: Apocalypse of Devilman,1,21925,45.0,119.0,2000-05-24,ja,OVA,"Horror, Supernatural"
50248,Birdie Wing: Golf Girls' Story,13,56033,23.0,380.0,2022-04-06,ja,TV,Sports
36183,It seems like a frog,1,263,1.0,0.0,2016-08-31,ja,Music,UNKNOWN
33520,Koutetsujou no Kabaneri Movie 2: Moeru Inochi,1,47910,103.0,44.0,2017-01-07,ja,Movie,"Action, Drama, Fantasy, Horror"
27821,Fate/stay night: Unlimited Blade Works - Prologue,1,308896,51.0,434.0,2014-10-05,ja,Special,"Action, Fantasy, Supernatural"
34937,Ichinen Buri no The Animation,1,5839,18.0,30.0,2017-03-03,ja,OVA,Hentai
35300,Puella Magi Madoka Magica Side Story: Magia Record,1,12169,0.7,59.0,2016-09-30,ja,Special,Drama
15591,Joshiraku OVA,1,22286,23.0,8.0,2013-02-08,ja,OVA,Comedy
37578,Planet With,12,56293,23.0,142.0,2018-07-08,ja,TV,"Action, Sci-Fi"
2974,The Humanoid,1,2622,47.0,1.0,1986-03-05,ja,OVA,"Drama, Sci-Fi"
12079,Black★Rock Shooter,1,67288,4.0,306.0,2008-06-13,ja,Music,Action
50315,The Seven Deadly Sins: Grudge of Edinburgh,1,29852,52.0,114.0,2022-12-20,ja,ONA,"Action, Adventure, Fantasy, Supernatural"
42268,Shouxi Yu Ling Shi,40,1397,11.0,6.0,2020-06-20,ja,ONA,"Action, Fantasy"
2203,Captain Harlock: Arcadia of my Youth - Endless Orbit SSX,22,6927,25.0,37.0,1982-10-13,ja,TV,"Action, Adventure, Drama, Sci-Fi"
2085,NG Knight Ramune & 40 EX: Biku Biku Triangle Ai no Arashi Daisakusen,3,1239,30.0,2.0,1991-07-21,ja,OVA,"Adventure, Comedy, Fantasy"
49600,Bad Habits,1,350,3.0,0.0,2021-08-11,ja,Music,UNKNOWN
3680,The Shape of Love,2,6450,28.0,15.0,2008-02-25,ja,OVA,Hentai
38036,Hasande Ageru,2,4292,20.0,7.0,2018-08-28,ja,OVA,Hentai
8369,Crayon Shin-chan Movie 18: Chou Jikuu! Arashi wo Yobu Ora no Hanayome,1,6175,100.0,15.0,2010-04-17,ja,Movie,"Adventure, Comedy, Sci-Fi"
4132,Little Women,26,1463,23.0,2.0,1981-04-07,ja,TV,"Drama, Slice of Life"
12259,Mikeneko Holmes no Yuurei Joushu,1,739,44.0,0.0,1992-07-21,ja,OVA,"Comedy, Drama, Mystery"
9979,Precure All Stars Movie DX3: Mirai ni Todoke! Sekai wo Tsunagu☆Nijiiro no Hana,1,5873,71.0,15.0,2011-03-19,ja,Movie,"Action, Fantasy"
33372,Overlord: Ple Ple Pleiades - Nazarick's Greatest Crisis,1,60140,30.0,43.0,2016-09-30,ja,OVA,"Action, Comedy, Fantasy"
6945,Gintama: Jump Festa 2008 Special,1,67526,10.0,89.0,2008-09-21,ja,Special,"Action, Comedy, Sci-Fi"
39227,Captain Tsubasa no Koutsuu Anzen,1,792,14.0,0.0,1987-01-01,ja,OVA,Sports
52282,Dragon Ball Z x Kao,1,1307,0.6,0.0,2018-02-20,ja,ONA,Action
35252,Hatena Illusion,12,41947,24.0,30.0,2020-01-09,ja,TV,"Comedy, Romance, Supernatural"
5475,Time Bokan 2000: Kaitou Kiramekiman,26,992,25.0,1.0,2000-04-05,ja,TV,"Action, Adventure, Comedy, Sci-Fi"
29495,Nanja Monja Obake,1,340,5.0,0.0,1994-12-06,ja,Special,Horror
8451,Miyazawa Kenji Collection - The Acorns and the Wildcat,1,931,24.0,0.0,1988-09-30,ja,OVA,Drama
30321,Strike the Blood: Kingdom of the Valkyria,2,93249,23.0,102.0,2015-11-25,ja,OVA,"Action, Fantasy, Supernatural, Ecchi"
4565,Gurren Lagann The Movie: The Lights in the Sky are Stars,1,207140,125.0,947.0,2009-04-22,ja,Movie,"Action, Sci-Fi"
37843,"""Kiss Dekiru Gyoza"" x Mameshiba Movie",2,589,0.5,0.0,2018-04-01,ja,Special,Comedy
24989,Agriculture Angel BARAKI: Play with Ibaraki,20,604,7.0,1.0,2014-06-06,ja,ONA,"Slice of Life, Supernatural"
28805,The Boy and the Beast,1,408316,119.0,3119.0,2015-07-11,ja,Movie,"Adventure, Fantasy"
2599,Juusenki L-Gaim I: Pentagona Window + Lady Gavlet,1,1098,58.0,0.0,1986-11-05,ja,OVA,"Action, Adventure, Drama, Sci-Fi"
9203,K-ON!!: Ura-On!!,9,42781,3.0,75.0,2010-07-30,ja,Special,Comedy
33985,Bloodivores,12,106552,24.0,120.0,2016-10-01,ja,TV,"Action, Mystery, Supernatural"
17777,"Recently, my sister is unusual.",12,166767,23.0,188.0,2014-01-04,ja,TV,"Comedy, Romance, Supernatural, Ecchi"
3301,Magical Kanan,4,2705,28.0,2.0,2000-08-25,ja,OVA,Hentai
39547,My Teen Romantic Comedy SNAFU Climax!,12,684732,24.0,13589.0,2020-07-10,ja,TV,"Comedy, Romance"
49882,Akogare Ranraran,1,545,4.0,0.0,2021-03-04,ja,Music,UNKNOWN
31637,GATE Part 2,12,532017,23.0,1850.0,2016-01-09,ja,TV,"Action, Adventure, Fantasy"
8064,Ashiaraiyashiki no Juunin-tachi.,1,2652,6.0,3.0,2010-03-25,ja,OVA,"Action, Fantasy, Supernatural"
4782,Mama Loves the Poyopoyo-Saurus,52,837,23.0,2.0,1995-09-02,ja,TV,"Comedy, Slice of Life"
49122,Endless Vide,1,324,2.0,0.0,2021-03-31,ja,Special,UNKNOWN
19383,Theatre of Darkness: Yamishibai,13,104156,4.0,311.0,2013-07-15,ja,TV,"Avant Garde, Horror, Supernatural"
15379,The Troubled Life of Miss Kotoura,12,328287,23.0,1028.0,2013-01-11,ja,TV,"Comedy, Drama, Romance"
10074,Toriko 3D: Kaimaku Gourmet Adventure!!,1,7119,40.0,3.0,2011-03-19,ja,Movie,"Action, Adventure, Comedy, Gourmet"
34825,Clean Freak! Aoyama-kun,12,185257,23.0,343.0,2017-07-03,ja,TV,"Comedy, Sports"
23099,Puchitto Gargantia: Marumaru no Gargantia,1,3165,4.0,0.0,2013-09-25,ja,Special,"Comedy, Sci-Fi"
37600,Frame Arms Girl Movie: Kyakkya Ufufu na Wonderland,1,4619,82.0,11.0,2019-06-29,ja,Movie,"Action, Sci-Fi, Slice of Life"
31116,Momotaros no Natsuyasumi,1,308,2.0,0.0,2007-08-04,ja,Movie,"Action, Comedy"
17419,Dog Days' Specials,13,9327,1.0,6.0,2012-09-26,ja,Special,"Action, Adventure, Fantasy"
32668,Noblesse: Awakening,1,116315,31.0,365.0,2016-02-04,ja,ONA,"Action, Supernatural"
5194,Square Sisters,2,13558,30.0,47.0,2008-08-25,ja,OVA,Hentai
6336,Mobile Suit Gundam Unicorn,7,95388,62.0,1554.0,2010-03-12,ja,OVA,"Action, Drama, Sci-Fi"
4820,Beyond,2,1664,26.0,2.0,1998-02-27,ja,OVA,Hentai
1878,Kaze no Shoujo Emily,26,7307,25.0,26.0,2007-04-07,ja,TV,Drama
6920,Blade,12,27547,24.0,30.0,2011-07-01,ja,TV,"Action, Drama, Horror"
31783,Yowamushi Pedal: New Generation,25,77787,23.0,121.0,2017-01-10,ja,TV,Sports
38915,The Island of Giant Insects,1,18140,22.0,19.0,2019-06-20,ja,OVA,Horror
10578,C³ - CubexCursedxCurious,12,173528,24.0,259.0,2011-10-01,ja,TV,"Action, Comedy, Supernatural, Ecchi"
38367,Nora to Oujo to Noraneko Heart: Nora Fuku Ekichou Shuunin-shiki,1,1836,0.8,0.0,2018-09-14,ja,ONA,Comedy
36181,Christmas Morgue,1,667,4.0,1.0,2010-12-07,ja,Music,UNKNOWN
41188,30-pun de Wakaru! Kore made no Love Live! Sunshine!!,2,2490,30.0,2.0,2018-11-18,ja,ONA,UNKNOWN
39314,Deep Blue Song,1,853,7.0,0.0,2017-08-25,ja,Music,UNKNOWN
3132,Christopher Columbus,26,1263,25.0,1.0,1992-11-28,ja,TV,Adventure
9338,Ore no Sora Keiji-hen,2,700,44.0,1.0,1991-10-21,ja,OVA,"Action, Drama"
23059,Consultation Room,1,1833,8.0,2.0,2005-01-01,ja,Movie,"Avant Garde, Horror"
46118,WAVE!! -Let's go surfing!!-,12,47459,23.0,197.0,2021-01-12,ja,TV,"Slice of Life, Sports"
6743,Utawarerumono OVA Picture Drama,3,5516,18.0,3.0,2009-06-24,ja,Special,"Comedy, Fantasy"
30952,Initial D Legend 3: Dream,1,25721,60.0,56.0,2016-02-06,ja,Movie,UNKNOWN
2441,Koihime,2,5107,29.0,21.0,2000-09-22,ja,OVA,"Fantasy, Supernatural, Hentai"
10302,Pocket Monsters: Diamond & Pearl Specials,2,11524,24.0,5.0,2011-02-03,ja,Special,"Action, Comedy, Fantasy"
49718,Huyao Xiao Hongniang: Yue Hong 2,1,1078,65.0,3.0,2021-08-14,ja,ONA,"Comedy, Romance, Supernatural"
10531,Detective Conan Magic File 5: Niigata - Tokyo Omiyage Capriccio,1,9750,25.0,7.0,2011-04-16,ja,OVA,"Adventure, Comedy, Mystery"
14813,My Teen Romantic Comedy SNAFU,13,1371749,24.0,27833.0,2013-04-05,ja,TV,"Comedy, Romance"
12483,Gregory Horror Show: The Last Train,26,1663,3.0,6.0,2000-10-07,ja,TV,"Comedy, Horror, Mystery, Supernatural"
24793,Bloody Bunny,26,781,1.0,4.0,2012-07-18,ja,TV,Comedy
8768,Hiyokoi,1,93744,22.0,160.0,2010-07-30,ja,Special,Romance
4821,Lesson of Darkness,1,1451,45.0,3.0,1996-11-29,ja,OVA,Hentai
652,Galaxy Angel Z,9,10242,24.0,7.0,2002-02-03,ja,TV,"Comedy, Sci-Fi"
11783,Dog Days',13,102443,23.0,145.0,2012-07-07,ja,TV,"Action, Adventure, Fantasy"
36070,Hunger,1,282,4.0,0.0,2014-01-14,ja,Music,UNKNOWN
39466,Jitaku Keibiin (2019),4,5785,16.0,16.0,2019-05-31,ja,OVA,Hentai
51815,Kubo Won't Let Me Be Invisible,12,150853,24.0,1125.0,2023-01-10,ja,TV,"Comedy, Romance"
18767,BlazBlue: Alter Memory,12,87769,24.0,142.0,2013-10-09,ja,TV,"Action, Fantasy"
6046,Tales of Vesperia ~The First Strike~,1,48360,110.0,145.0,2009-10-03,ja,Movie,"Action, Adventure, Fantasy"
31414,Rainbow Days,24,226052,13.0,698.0,2016-01-10,ja,TV,"Comedy, Romance"
47402,Gift,1,4805,4.0,45.0,2021-02-05,ja,Music,Romance
11785,Nyaruko: Crawling With Love!,12,347146,24.0,1302.0,2012-04-10,ja,TV,"Comedy, Sci-Fi"
35909,Guruguru Petit Anime Gekijou,24,1010,1.0,0.0,2017-07-14,ja,ONA,"Adventure, Comedy, Slice of Life"
9205,Kaichuu!,4,9622,4.0,11.0,2010-07-16,ja,ONA,"Comedy, Sports"
209,R.O.D -The TV-,26,67805,25.0,410.0,2003-09-01,ja,TV,"Action, Adventure, Comedy, Drama, Sci-Fi"
19367,Galilei Donna: Storia di tre sorelle a caccia di un mistero,11,52622,24.0,46.0,2013-10-11,ja,TV,"Action, Adventure, Sci-Fi"
22487,Hello Kitty in The Little Match Girl,1,564,10.0,1.0,2001-11-23,ja,OVA,Fantasy
35780,Harem of the Hell Spawn,1,3379,14.0,2.0,2017-08-04,ja,OVA,"Supernatural, Hentai"
37408,Taishou Mebiusline: Chicchai-san - You and I,1,3346,4.0,2.0,2018-02-28,ja,Special,Boys Love
36051,Hitozuma Life: One Time Gal,2,6476,17.0,17.0,2017-09-08,ja,OVA,Hentai
6431,Chameko no Ichinichi,1,1133,6.0,0.0,1931-01-01,ja,Movie,Comedy
334,Marmalade Boy,76,53758,24.0,586.0,1994-03-13,ja,TV,"Comedy, Drama, Romance"
3845,Mahoutsukai Chappy,39,887,25.0,2.0,1972-04-03,ja,TV,Adventure
3098,Shutsugeki! Machine Robo Rescue,53,1949,23.0,12.0,2003-01-08,ja,TV,"Action, Sci-Fi"
43,Ghost in the Shell,1,604276,82.0,12339.0,1995-11-18,ja,Movie,"Action, Award Winning, Mystery, Sci-Fi, Suspense"
39209,Just a Seeker's Song,1,255,4.0,0.0,2007-01-01,ja,Music,Avant Garde
4603,Kibun Kibun,2,1688,26.0,6.0,2003-02-25,ja,OVA,Hentai
5133,One-Million Year Trip: Bander Book,1,1639,94.0,5.0,1978-08-27,ja,Special,Sci-Fi
39188,The Demonic King Who Chases His Wife,13,22943,13.0,151.0,2019-01-24,ja,ONA,"Action, Comedy, Drama, Fantasy, Romance"
42481,A Day Before Us Zero,19,25200,3.0,80.0,2018-05-10,ja,ONA,Romance
1533,Wedding Peach,51,22377,24.0,136.0,1995-04-05,ja,TV,"Comedy, Fantasy, Romance"
15109,Cuticle Detective Inaba,12,102106,23.0,401.0,2013-01-04,ja,TV,"Comedy, Fantasy, Mystery"
36050,Mean,1,785,0.8,0.0,2017-08-01,ja,Music,Comedy
22361,New Year Special: It's New Year's! 7 x 7 = 49 Nanas?,1,767,23.0,0.0,2002-10-02,ja,Special,"Adventure, Comedy"
4383,Catman Series III,6,1686,4.0,1.0,2008-03-01,ja,TV,"Comedy, Fantasy, Slice of Life"
2661,Doraemon the Movie: Nobita and the Kingdom of Clouds,1,7228,100.0,5.0,1992-03-07,ja,Movie,"Adventure, Comedy"
36848,Cupid’s Chocolates II,15,33995,19.0,103.0,2017-12-21,ja,ONA,"Comedy, Romance"
4097,Praise be to Small Ills,1,720,17.0,0.0,1973-01-01,ja,Movie,Award Winning
32188,Steins;Gate: Open the Missing Link - Divide By Zero,1,248432,24.0,400.0,2015-12-03,ja,Special,"Sci-Fi, Suspense"
8304,Koutetsu Sangokushi Special,1,994,24.0,0.0,2008-03-26,ja,Special,Adventure
9810,Nyani ga Nyandaa Nyandaa Kamen,83,1208,25.0,5.0,2000-02-06,ja,TV,Comedy
20705,Baka Misérables,3,487,3.0,0.0,2013-05-21,ja,ONA,Comedy
33282,Arakure Junichi no Namida,1,939,1.0,1.0,2006-08-01,ja,ONA,Comedy
48976,100-man no Inochi no Ue ni Ore wa Tatteiru Recap,1,1955,20.0,2.0,2021-07-02,ja,Special,"Drama, Fantasy"
637,Iketeru Futari,16,19013,8.0,29.0,1999-02-02,ja,TV,"Comedy, Romance, Ecchi"
2195,Naughty Nurses,2,3074,28.0,2.0,2003-12-12,ja,OVA,Hentai
38469,The Sprites of Floria,1,1484,21.0,0.0,2018-09-01,ja,ONA,"Action, Adventure, Drama, Fantasy"
47307,Shin Gengou Nyankogelion,1,2776,1.0,29.0,2021-01-22,ja,Music,Sci-Fi
1513,Angels in the Court 2,2,2451,27.0,3.0,2001-10-26,ja,OVA,Hentai
50273,Tomodachi Game,12,332669,22.0,3478.0,2022-04-06,ja,TV,Suspense
49014,The Third Heart,1,668,3.0,4.0,2021-05-15,ja,Music,UNKNOWN
35222,School Babysitters,12,318812,23.0,3011.0,2018-01-07,ja,TV,Slice of Life
30065,Osamishi Tani no Wakare Uta,1,360,3.0,0.0,1971-01-01,ja,Movie,UNKNOWN
9598,Haiyoru! Nyaruani: Remember My Mr. Lovecraft,11,28566,4.0,8.0,2010-12-11,ja,TV,"Comedy, Sci-Fi"
34021,Lupin the Third: Goemon's Blood Spray,1,37961,53.0,131.0,2017-02-04,ja,Movie,"Action, Adventure, Drama"
33104,Rance 01: Hikari wo Motomete The Animation - Leazas no Yami,1,6317,3.0,11.0,2016-01-29,ja,Special,Hentai
9333,Coicent,1,8143,25.0,3.0,2010-11-27,ja,OVA,"Comedy, Romance, Sci-Fi"
34289,Schoolgirl Strikers: Animation Channel,13,19761,24.0,18.0,2017-01-07,ja,TV,"Action, Sci-Fi"
3876,Maeterlinck no Aoi Tori: Tyltyl Mytyl no Bouken Ryokou,26,1133,25.0,2.0,1980-01-09,ja,TV,"Adventure, Fantasy"
6783,ef ~ A Tale of Melodies - Recollections,1,13333,58.0,7.0,2008-09-26,ja,Special,"Drama, Mystery, Romance"
33228,Kidou Senshi Gundam-san: Hiyoko Days ― Suisei Hiyoko to Fushigi na Ofuda,1,1235,6.0,0.0,2016-04-22,ja,Special,Comedy
40957,Shin Chuuka Ichiban! 2nd Season,12,5384,24.0,12.0,2021-01-11,ja,TV,"Comedy, Gourmet"
22163,A Gaze in Summer 1942,1,544,4.0,1.0,2002-01-01,ja,Movie,Avant Garde
405,Blood: The Last Vampire,1,107299,48.0,245.0,2000-11-18,ja,Movie,"Award Winning, Horror, Supernatural"
26279,Kumo no Ito (2000),1,672,11.0,0.0,2000-01-01,ja,OVA,Fantasy
8883,Kikou Heidan J-Phoenix: PF Lips Shoutai,3,636,20.0,0.0,2002-05-12,ja,OVA,"Action, Comedy"
8876,Koe de Oshigoto!,2,89947,30.0,123.0,2010-11-17,ja,OVA,"Comedy, Ecchi"
12679,Joshiraku,13,170886,24.0,735.0,2012-07-06,ja,TV,Comedy
39803,Boku to Sensei to Tomodachi no Mama,2,5085,20.0,15.0,2019-08-30,ja,OVA,Hentai
2318,Dog Soldier,1,2227,46.0,3.0,1989-10-08,ja,OVA,Action
48961,Joint,1,268,3.0,0.0,2009-01-01,ja,Movie,Avant Garde
29972,Hakuchuu Meikyuu,1,364,5.0,0.0,2004-01-01,ja,ONA,Avant Garde
8609,Detective Conan OVA 10: Kid in Trap Island,1,18007,24.0,22.0,2010-04-14,ja,OVA,"Adventure, Comedy, Mystery"
4371,Space Warrior Baldios,1,1575,118.0,5.0,1981-12-29,ja,Movie,"Action, Sci-Fi"
3525,Extra,1,4800,3.0,6.0,1995-01-01,ja,Music,"Action, Avant Garde, Horror, Sci-Fi"
40059,Golden Kamuy Season 3,12,153688,23.0,1411.0,2020-10-05,ja,TV,"Action, Adventure"
32886,Anitore! EX: Jigoku no Training,5,3604,5.0,0.0,2016-02-26,ja,Special,Sports
42031,Muramata-san no Himitsu,2,9151,19.0,44.0,2020-07-17,ja,OVA,Hentai
44074,Link Click,11,296132,23.0,9360.0,2021-04-30,ja,ONA,"Drama, Supernatural"
9760,Children Who Chase Lost Voices,1,207249,116.0,650.0,2011-05-07,ja,Movie,"Adventure, Fantasy, Romance"
19889,Genshiken Nidaime Specials,4,7571,3.0,1.0,2013-09-04,ja,Special,Comedy
3514,Noramimi,12,1123,20.0,1.0,2008-01-09,ja,TV,Comedy
49170,Xinghe Zhizun,45,1531,7.0,8.0,2021-06-10,ja,ONA,"Action, Fantasy"
37958,The Morose Mononokean II,13,50172,23.0,155.0,2019-01-05,ja,TV,"Comedy, Supernatural"
32086,Blame!: The Movie,1,103564,105.0,274.0,2017-05-20,ja,Movie,"Action, Drama, Sci-Fi"
3092,Junjo Romantica,12,248273,24.0,4395.0,2008-04-11,ja,TV,"Boys Love, Comedy, Drama, Romance"
50696,One Piece: Barto's Secret Room,2,12305,23.0,24.0,2021-12-26,ja,Special,Comedy
34852,Pikaia!!,13,592,15.0,2.0,2017-02-26,ja,TV,"Drama, Slice of Life"
5900,Jean Valjean Monogatari,1,1044,69.0,0.0,1979-09-15,ja,Special,Drama
49040,Lupin the Third Part 6,24,20915,23.0,140.0,2021-10-17,ja,TV,"Action, Adventure, Comedy, Mystery"
39251,Do You Remember That Night?,2,252,4.0,0.0,2010-07-16,ja,Music,Avant Garde
24919,Aoki Hagane no Arpeggio: Ars Nova Movie 1 - DC,1,26025,105.0,45.0,2015-01-31,ja,Movie,"Action, Sci-Fi"
40172,Lucky☆Orb feat. Hatsune Miku,1,1023,5.0,1.0,2019-05-06,ja,Music,UNKNOWN
5773,69 Pink Riders 2,1,1363,55.0,1.0,2002-02-18,ja,OVA,Hentai
7816,Dr. Slump and Arale-chan: N-cha! Clear Skies Over Penguin Village,1,1395,42.0,1.0,1993-06-03,ja,Movie,"Comedy, Sci-Fi"
724,Enzai,2,22028,25.0,44.0,2004-04-23,ja,OVA,"Boys Love, Drama, Horror, Hentai"
9007,Anpanman: Blacknose and the Magical Song,1,516,51.0,1.0,2010-07-10,ja,Movie,"Comedy, Fantasy"
34708,Kawaijuku Manavis CM,1,256,0.5,0.0,2016-04-20,ja,ONA,Slice of Life
41602,Never Lost Word,1,1107,4.0,1.0,2017-12-29,ja,Music,UNKNOWN
4246,"Eureka Seven - good night, sleep tight, young lovers",1,44588,115.0,97.0,2009-04-25,ja,Movie,"Adventure, Romance, Sci-Fi"
39582,Woodpecker Detective's Office,12,26088,24.0,48.0,2020-04-13,ja,TV,Mystery
2632,Doraemon: Time Machine de Oshougatsu,1,1685,22.0,1.0,1980-01-03,ja,Special,"Adventure, Comedy, Sci-Fi"
52847,Backlight,1,1991,4.0,8.0,2022-07-06,ja,Music,UNKNOWN
33905,Hatsune Miku: Hiyashite Narasou Okashi no Ii Oto,1,2681,0.5,6.0,2016-05-31,ja,ONA,UNKNOWN
23643,Nezumi no Yomeiri,1,358,13.0,0.0,1979-07-29,ja,Movie,Fantasy
2588,T&A Teacher,1,3735,26.0,11.0,2004-05-28,ja,OVA,Hentai
5842,Kotatsu Neko,2,1278,1.0,1.0,2005-02-01,ja,ONA,Comedy
34346,Pig: The Dam Keeper Poems,10,886,5.0,4.0,2017-08-04,ja,ONA,Fantasy
39214,Asa wo Kitan,1,288,2.0,0.0,1982-04-06,ja,Music,Slice of Life
2520,Dragon Ball Specials,2,30823,12.0,30.0,1988-06-08,ja,Special,"Comedy, Fantasy"
32023,BBK/BRNK,12,71781,24.0,95.0,2016-01-09,ja,TV,"Action, Drama, Sci-Fi"
50055,Tracing that Dream,1,1111,3.0,8.0,2020-01-18,ja,Music,Romance
3411,Family of Debauchery,2,3573,28.0,10.0,2001-09-18,ja,OVA,Hentai
39650,Essential Free & Easy,2,444,1.0,0.0,2019-04-01,ja,ONA,Avant Garde
11579,Jubilee,1,1016,5.0,1.0,1999-01-01,ja,Music,Avant Garde
31174,Mr. Osomatsu,25,168057,23.0,3507.0,2015-10-06,ja,TV,Comedy
8217,Jewelpet Twinkle☆,52,11683,24.0,118.0,2010-04-03,ja,TV,Fantasy
25647,Sabage-bu! Specials,6,18679,10.0,13.0,2014-09-24,ja,Special,"Action, Comedy"
2816,Daimos,44,5676,24.0,29.0,1978-04-01,ja,TV,"Adventure, Drama, Romance, Sci-Fi"
6828,The Sun and the Frogs,1,905,1.0,0.0,1936-01-01,ja,Movie,Comedy
50012,Detective Conan: Zero's Tea Time,6,12352,15.0,59.0,2022-04-05,ja,TV,"Mystery, Slice of Life"
1547,Obake no Q-tarou,96,850,25.0,0.0,1965-08-29,ja,TV,"Comedy, Slice of Life, Supernatural"
50338,In the Heart of Kunoichi Tsubaki,13,55438,23.0,275.0,2022-04-10,ja,TV,Comedy
24851,Madonna: Kanjuku Body Collection,1,6012,29.0,24.0,2014-08-01,ja,OVA,Hentai
37106,Voice of Fox,12,21807,13.0,63.0,2018-10-05,ja,TV,UNKNOWN
10690,Magic Tree House,1,7267,105.0,6.0,2012-01-07,ja,Movie,Adventure
41335,Kuuchuu Gunkan Atlantis,1,406,18.0,0.0,2019-08-24,ja,Movie,Action
1634,Immoral Sisters,3,10589,31.0,36.0,2001-04-27,ja,OVA,Hentai
52011,Love Live! Nijigasaki Gakuen School Idol Doukoukai Recap,1,604,51.0,2.0,2022-03-23,ja,ONA,UNKNOWN
13041,Battle Break,1,477,18.0,0.0,2011-12-17,ja,ONA,Action
22159,"Memories Hidden in Darkness, Dreams of Various Shades",1,570,4.0,0.0,2000-01-01,ja,Movie,Avant Garde
1105,Digital Juice,6,6447,3.0,1.0,2002-01-25,ja,OVA,Comedy
2889,Bleach the Movie: The DiamondDust Rebellion,1,238986,92.0,516.0,2007-12-22,ja,Movie,"Action, Adventure, Fantasy"
3712,The Familiar of Zero: Rondo of Princesses,12,434953,24.0,799.0,2008-07-07,ja,TV,"Action, Adventure, Comedy, Fantasy, Romance, Ecchi"
51145,Pokémon: Hisuian Snow,3,15363,10.0,54.0,2022-05-18,ja,ONA,"Action, Adventure, Fantasy"
22411,Asa ga Kuru mae ni: Sasurai Version,1,538,4.0,0.0,2010-09-22,ja,Music,Romance
38354,Ganbare! Memeko-chan,1,401,7.0,0.0,2008-08-19,ja,OVA,"Comedy, Slice of Life"
12549,"So, I Can't Play H!",12,407205,25.0,882.0,2012-07-06,ja,TV,"Comedy, Romance, Supernatural, Ecchi"
31111,Nisshin Seifun Group CM,4,1986,0.5,2.0,2010-03-01,ja,Special,Slice of Life
37596,Poputepipikku TV Special,2,24446,11.0,15.0,2019-04-01,ja,Special,"Avant Garde, Comedy"
6492,Minky Momo: The Station of Your Memories,1,1780,30.0,0.0,1994-06-22,ja,OVA,"Drama, Fantasy"
38505,Kunchi,1,321,1.0,0.0,2012-10-09,ja,ONA,Avant Garde
6633,Queen's Blade: Inheritor of the Throne,12,53629,24.0,86.0,2009-09-24,ja,TV,"Action, Adventure, Fantasy, Ecchi"
40288,Seven Nation Army feat. Chara,1,201,4.0,0.0,2008-01-01,ja,Music,UNKNOWN
44511,Chainsaw Man,12,1273667,24.0,41416.0,2022-10-12,ja,TV,"Action, Fantasy"
564,Puni Puni Poemy,2,32313,30.0,99.0,2001-03-07,ja,OVA,"Comedy, Sci-Fi"
20811,Maid of the Dead,1,4313,3.0,1.0,2013-10-07,ja,ONA,"Comedy, Horror"
30085,Watashi no Kamifuusen (1983),1,299,2.0,0.0,1983-04-05,ja,Music,UNKNOWN
3705,Flashback Game,3,2582,28.0,3.0,2001-10-18,ja,OVA,Hentai
52752,Aoharu Snatch,1,1791,20.0,2.0,2023-02-17,ja,OVA,Hentai
361,Memories Off,3,6466,31.0,2.0,2001-11-21,ja,OVA,"Drama, Romance"
44192,Kimi ga Suki. The Animation,2,9921,25.0,40.0,2021-01-29,ja,OVA,Hentai
2852,Accelerando: Datenshi-tachi no Sasayaki,4,13231,28.0,47.0,2007-01-26,ja,OVA,Hentai
41364,One Room: Third Season,12,33410,4.0,59.0,2020-10-06,ja,TV,Slice of Life
9442,Bust to Bust: Chichi wa Chichi ni,3,10782,15.0,34.0,2010-10-15,ja,OVA,Hentai
1721,Hitohira,12,19866,23.0,33.0,2007-03-28,ja,TV,"Drama, Romance"
128,Gate Keepers 21,6,10417,25.0,21.0,2002-04-24,ja,OVA,"Action, Drama, Sci-Fi"
14237,Busou Shinki: Armored War Goddess,12,36919,24.0,40.0,2012-10-05,ja,TV,"Action, Sci-Fi, Slice of Life"
43601,DiSCOVER THE FUTURE,1,714,2.0,1.0,2020-10-04,ja,Music,UNKNOWN
20815,Sekaiichi Hatsukoi: Valentine-hen,1,40233,15.0,59.0,2014-03-15,ja,Movie,"Boys Love, Comedy, Romance"
31867,Shoujo-tachi wa Kouya wo Mezasu: Iubeki Monokashira,1,12829,23.0,9.0,2016-03-25,ja,OVA,UNKNOWN
14317,Computer Kakumei: Saikyou x Saisoku no Zunou Tanjou,1,6902,10.0,3.0,2012-06-03,ja,Special,Sci-Fi
738,MÄR,102,50876,24.0,295.0,2005-04-03,ja,TV,"Action, Adventure, Comedy, Fantasy"
41179,The Clouds and the Ghost,1,606,5.0,2.0,2018-08-13,ja,Music,Slice of Life
47811,Mamono-tachi no Kunou,12,1921,2.0,4.0,2020-10-10,ja,ONA,Comedy
27887,Yama no Susume Second Season Specials,2,10587,15.0,1.0,2014-10-24,ja,Special,"Comedy, Slice of Life"
42228,Junkers Come Here Pilot Film,1,373,3.0,0.0,2001-12-21,ja,Special,Slice of Life
25013,Yona of the Dawn,24,815285,24.0,15560.0,2014-10-07,ja,TV,"Action, Adventure, Fantasy, Romance"
4503,Robotech Masters,23,7867,23.0,18.0,1984-04-15,ja,TV,"Action, Drama, Sci-Fi"
22561,Virtual Star 2000,6,560,5.0,1.0,2000-04-19,ja,OVA,Action
40578,Lupin III: Prison of the Past,1,4618,92.0,4.0,2019-11-29,ja,Special,"Action, Adventure, Comedy, Mystery"
55077,Easy Breezy,1,2148,3.0,11.0,2020-01-17,ja,Music,Avant Garde
26057,Fate/kaleid liner Prisma Illya 2Wei!: Magical Girl in Hot Springs Inn,1,41254,26.0,25.0,2015-07-25,ja,OVA,"Comedy, Fantasy, Ecchi"
21937,Sore Ike! Anpanman: Anpanman to Yukai na Nakama-tachi,1,471,31.0,0.0,1992-03-14,ja,Movie,"Comedy, Fantasy"
2284,Transformers: Robots in Disguise,39,5114,23.0,18.0,2000-04-05,ja,TV,"Adventure, Comedy, Sci-Fi"
17121,Someone's Gaze,1,69510,6.0,95.0,2013-02-10,ja,Movie,"Drama, Slice of Life"
29791,Who's That?,1,400,21.0,0.0,1976-01-01,ja,Movie,UNKNOWN
3066,Queen and Slave,1,2439,27.0,5.0,2002-04-18,ja,OVA,Hentai
28921,Disney Tsum Tsum,37,1149,2.0,2.0,2015-03-22,ja,TV,UNKNOWN
6229,Konpeki no Kantai,32,2890,40.0,9.0,1993-12-24,ja,OVA,"Action, Drama"
2924,ef - a tale of memories.,12,250471,24.0,2762.0,2007-10-07,ja,TV,"Drama, Mystery, Romance"
38710,Golden Kamuy 2nd Season OVA,3,21341,22.0,16.0,2019-03-19,ja,OVA,"Action, Adventure"
51457,Wu Ying Sanqian Dao,10,929,12.0,5.0,2022-03-27,ja,ONA,"Action, Adventure, Fantasy"
30246,Space☆Dandy 2nd Season Picture Drama,3,3589,6.0,5.0,2014-11-21,ja,Special,"Comedy, Sci-Fi"
5006,Return of Pero,1,1382,52.0,1.0,1972-03-18,ja,Movie,"Adventure, Fantasy"
26007,SheepWolf,1,342,2.0,1.0,2009-04-08,ja,ONA,Comedy
22161,Scrap Diary,1,1676,4.0,0.0,2002-01-01,ja,Movie,Avant Garde
4054,Norimono Oukoku BuBu ChaCha,26,899,20.0,1.0,1999-04-29,ja,TV,"Comedy, Slice of Life"
3787,Maris the Chojo,1,4399,48.0,5.0,1986-06-05,ja,OVA,"Comedy, Sci-Fi"
14741,"Love, Chunibyo & Other Delusions!",12,1305194,24.0,17477.0,2012-10-04,ja,TV,"Comedy, Romance"
36731,Drive Agent Personal: Shiawase wo Mamoru Mono,1,413,1.0,0.0,2017-10-16,ja,ONA,Drama
11269,Maken Liner 0011 Henshin Seyo!,1,854,50.0,1.0,1972-07-16,ja,Movie,"Action, Sci-Fi"
8524,The Kabocha Wine: Nita no Aijou Monogatari,1,708,24.0,1.0,1984-07-14,ja,Movie,"Comedy, Romance"
34240,Shelter,1,319030,6.0,2424.0,2016-10-18,ja,Music,Sci-Fi
602,KO Century Beast Warriors,7,2909,27.0,10.0,1992-05-02,ja,OVA,"Action, Adventure, Comedy, Fantasy, Supernatural"
21437,Buddy Complex,13,85456,23.0,222.0,2014-01-06,ja,TV,"Action, Sci-Fi"
377,eX-Driver,6,10945,25.0,32.0,2000-07-25,ja,OVA,"Action, Adventure, Comedy, Sci-Fi"
32384,The New A-Class.: Next Stage with YOU,1,1480,0.5,0.0,2015-11-25,ja,ONA,UNKNOWN
445,Tales of Eternia,13,16940,22.0,15.0,2001-01-08,ja,TV,"Adventure, Comedy, Fantasy, Romance"
37626,"""R100"" x Mameshiba Original Manners",1,585,1.0,0.0,2013-09-11,ja,ONA,Comedy
4173,Shigofumi Picture Drama,7,4235,5.0,1.0,2008-03-25,ja,Special,Comedy
34451,Blood Blockade Battlefront & Beyond,12,418704,24.0,1618.0,2017-10-08,ja,TV,"Action, Comedy, Fantasy"
15717,Nagareboshi Lens Specials,3,3332,1.0,3.0,2012-10-02,ja,Special,Romance
5534,Hai! Akko desu,164,898,25.0,2.0,1988-10-12,ja,TV,"Romance, Slice of Life"
1443,Sol Bianca,2,6455,47.0,9.0,1990-03-21,ja,OVA,"Action, Adventure, Sci-Fi"
34878,Dr. Slump: Arale-chan - Penguin Mura no Shouboutai,1,700,11.0,0.0,1984-01-01,ja,Special,"Comedy, Sci-Fi"
7082,Shugo Chara! Party!,25,71779,21.0,173.0,2009-10-03,ja,TV,"Comedy, Fantasy"
12037,What's Michael? 2,1,716,44.0,0.0,1988-07-25,ja,OVA,Comedy
22847,The Garden of Sinners: Future Gospel - Manner Movie,1,10040,1.0,2.0,2013-09-28,ja,Movie,Drama
27601,"Love, Chunibyo & Other Delusions!: Heart Throb - The Rikka Wars",1,128745,24.0,115.0,2014-09-17,ja,Special,"Comedy, Drama, Romance"
4794,Pokémon: Pikachu's Pikaboo,1,15532,23.0,2.0,2001-07-07,ja,Movie,"Adventure, Comedy, Fantasy"
42981,Idolls!,10,4735,8.0,12.0,2021-01-08,ja,TV,UNKNOWN
35847,SSSS.Gridman,12,285533,23.0,1319.0,2018-10-07,ja,TV,"Action, Award Winning, Sci-Fi"
38667,W'z: Hand Shakers with W'z,1,2769,24.0,0.0,2019-02-27,ja,Special,Action
3537,Cleavage,2,14281,27.0,84.0,2006-02-24,ja,OVA,Hentai
12979,Naruto Spin-Off: Rock Lee & His Ninja Pals,51,94050,24.0,298.0,2012-04-03,ja,TV,"Action, Comedy"
35684,Project Tokyo Dolls: Episode 0,3,443,1.0,1.0,2017-06-05,ja,ONA,"Action, Fantasy"
8898,Circuit Angel: Ketsui no Starting Grid,1,1457,44.0,1.0,1987-05-21,ja,OVA,Action
7864,Gonad The Barbarian,2,896,30.0,2.0,1985-07-23,ja,OVA,"Sci-Fi, Hentai"
1853,Cutey Honey F,39,9671,23.0,27.0,1997-02-15,ja,TV,"Action, Adventure, Comedy, Romance, Sci-Fi"
37208,The Founder of Diabolism Season 1,15,217671,25.0,6323.0,2018-07-09,ja,ONA,"Action, Adventure, Drama, Fantasy, Mystery"
40145,Yu-Gi-Oh! Sevens,92,16707,24.0,74.0,2020-04-04,ja,TV,"Action, Fantasy"
3488,Genji Monogatari,1,10329,106.0,34.0,1987-12-19,ja,Movie,"Drama, Romance"
38678,Kimi no Matsu Mirai (Basho) e,1,1761,15.0,0.0,2018-11-11,ja,ONA,"Sci-Fi, Slice of Life"
792,Ranma ½: Nihao My Concubine,1,20668,60.0,17.0,1992-08-01,ja,Movie,"Adventure, Comedy"
7054,Maid Sama!,26,1202350,24.0,22311.0,2010-04-02,ja,TV,"Comedy, Romance"
3838,Himitsu no Akko-chan 2,61,1158,24.0,2.0,1988-10-09,ja,TV,UNKNOWN
38812,Botsuraku,1,298,1.0,0.0,2018-12-10,ja,Music,UNKNOWN
40686,Desktop Cinderella feat. Hatsune Miku,1,685,4.0,1.0,2015-08-30,ja,Music,UNKNOWN
39957,Hope,1,449,4.0,0.0,2018-10-24,ja,Music,Romance
4664,Rurouni Kenshin: Special Techniques,1,11884,24.0,7.0,1997-10-21,ja,Special,"Action, Comedy"
2745,Hell Teacher Nube,3,3278,30.0,4.0,1998-06-12,ja,OVA,"Action, Comedy, Horror, Supernatural"
33936,JA Kumamoto Keizairen,2,452,1.0,1.0,2016-05-16,ja,ONA,UNKNOWN
6849,Dankichi on a Tropical Island,1,1053,1.0,0.0,1934-01-01,ja,Movie,Adventure
10627,Ski Jumping Pairs: Road to Torino 2006,1,559,4.0,1.0,2006-01-28,ja,Movie,"Comedy, Sports"
7059,Black★Rock Shooter (OVA),1,172731,52.0,784.0,2010-07-24,ja,OVA,"Action, Drama"
36642,Kaku-San-Sei Million Arthur,1,959,1.0,0.0,2012-03-23,ja,ONA,Fantasy
32779,Anygedybudybombom,1,471,3.0,0.0,2009-09-29,ja,Music,UNKNOWN
20757,Taimanin Yukikaze,3,11644,25.0,64.0,2013-11-29,ja,OVA,"Supernatural, Hentai"
433,The Place Promised in Our Early Days,1,211843,90.0,745.0,2004-11-20,ja,Movie,"Award Winning, Drama, Romance, Sci-Fi"
210,Ranma ½,161,245209,24.0,3976.0,1989-04-15,ja,TV,"Action, Comedy, Fantasy"
4062,Musashi no Ken,72,2579,24.0,11.0,1985-04-18,ja,TV,Sports
23447,"Waiting in the Summer: In Our Last Summer of High School, We Await That Summer",1,47984,26.0,37.0,2014-08-29,ja,Special,"Drama, Romance, Sci-Fi"
36582,Life: Jinsei no Taisetsu na Toki ni...,1,292,3.0,0.0,2013-03-28,ja,ONA,Slice of Life
38818,Please! Marry Me!!,1,319,3.0,0.0,2008-05-21,ja,Music,Action
33051,Mobile Suit Gundam: Iron-Blooded Orphans 2nd Season,25,135625,24.0,1574.0,2016-10-02,ja,TV,"Action, Drama, Sci-Fi"
24087,Be-Bop Kaizokuban,3,1076,37.0,0.0,1991-03-22,ja,OVA,Comedy
3631,Blue Blink,39,2042,25.0,9.0,1989-04-07,ja,TV,"Adventure, Fantasy"
40356,The Rising of the Shield Hero Season 2,13,696019,23.0,12382.0,2022-04-06,ja,TV,"Action, Adventure, Drama, Fantasy"
2731,Shishunki Bishoujo Gattai Robo Z-Mind,6,1065,30.0,0.0,1999-02-25,ja,OVA,Action
28607,Hetalia: The World Twinkle,15,40745,5.0,238.0,2015-07-03,ja,ONA,Comedy
32684,Suki na Mono wa Suki Dakara Shou ga Nai!!: Onsen ni Ikou!,1,4116,25.0,2.0,2005-09-23,ja,Special,"Boys Love, Comedy"
34895,Zutto Suki Datta,2,4842,20.0,10.0,2017-04-21,ja,OVA,"Drama, Hentai"
2100,Silent Möbius 2,1,3250,58.0,3.0,1992-07-18,ja,Movie,"Adventure, Fantasy, Sci-Fi"
30673,Made in Japan,1,482,9.0,1.0,1972-01-01,ja,Movie,Comedy
36000,Between the Sky and Sea,12,20654,23.0,21.0,2018-10-04,ja,TV,"Adventure, Fantasy, Sci-Fi"
40502,Yanoya,1,313,0.6,0.0,2011-05-15,ja,Music,UNKNOWN
42141,Kanojo ga Yatsu ni Idakareta Hi,2,4271,25.0,20.0,2020-08-28,ja,OVA,Hentai
6184,Makaryuudo Demon Hunter,1,3133,30.0,5.0,1989-11-08,ja,OVA,Supernatural
15197,Code Geass: Akito the Exiled - The Wyvern Divided,1,132589,59.0,207.0,2013-09-14,ja,Movie,Action
23673,Wolf Girl & Black Prince,12,454422,24.0,1861.0,2014-10-05,ja,TV,"Comedy, Romance"
11869,Bloody Night,1,3124,5.0,1.0,2006-05-21,ja,ONA,"Horror, Supernatural, Suspense"
4262,Koihime†Musou,12,47231,25.0,109.0,2008-07-09,ja,TV,"Action, Adventure, Fantasy, Ecchi"
40486,Strike the Blood: Kieta Seisou-hen,1,28620,26.0,30.0,2020-01-29,ja,OVA,"Action, Fantasy, Supernatural, Ecchi"
40048,Kutsujoku,2,8221,16.0,28.0,2019-11-01,ja,OVA,Hentai
32087,Osomatsu-kun (1988): Appare! Chibita no Onitaiji zansu,1,779,50.0,3.0,1988-12-31,ja,Special,Comedy
31977,Hanabi,1,2501,6.0,3.0,2015-10-29,ja,Music,"Drama, Romance, Slice of Life"
43007,Osamake: Romcom Where The Childhood Friend Won't Lose,12,251766,23.0,1629.0,2021-04-14,ja,TV,"Comedy, Romance"
31149,Persona 3 the Movie 4: Winter of Rebirth,1,69639,105.0,644.0,2016-01-23,ja,Movie,"Action, Fantasy, Supernatural"
11715,Kamisama Dolls Specials,6,6762,2.0,1.0,2011-09-21,ja,Special,Comedy
3201,Serendipity the Pink Dragon,26,939,30.0,4.0,1983-07-01,ja,TV,Fantasy
53724,Majo wa Kekkyoku Sono Kyaku to... The Animation,1,2539,25.0,10.0,2023-02-24,ja,OVA,Hentai
42439,Mine,1,443,1.0,0.0,2014-04-21,ja,Music,Drama
29635,Man and Woman and Dog,1,565,3.0,0.0,1963-01-01,ja,Movie,"Comedy, Romance"
7593,Kiss x Sis (TV),12,560449,24.0,1780.0,2010-04-05,ja,TV,"Comedy, Romance, Ecchi"
11763,Wanna Be the Strongest in the World,12,56491,23.0,101.0,2013-10-06,ja,TV,"Sports, Ecchi"
52690,Usagi,1,264,2.0,0.0,2003-07-03,ja,Movie,"Avant Garde, Horror"
33213,Onizushi,3,448,4.0,0.0,2016-04-19,ja,ONA,Comedy
6573,Darker than Black: Gemini of the Meteor,12,403086,24.0,1487.0,2009-10-09,ja,TV,"Action, Mystery, Sci-Fi"
2666,Doraemon the Movie: Nobita and the Birth of Japan,1,4807,100.0,0.0,1989-03-11,ja,Movie,"Adventure, Comedy, Fantasy"
5178,First Squad: The Moment of Truth,1,39934,73.0,55.0,2009-05-13,ja,Movie,"Action, Supernatural"
2675,Doraemon the Movie: Nobita and the Galaxy Super-express,1,7781,97.0,5.0,1996-03-02,ja,Movie,Fantasy
39477,"Attack on Titan: Chibi Theater - Survey Corps, Levi Squad!",7,32717,2.0,56.0,2018-10-17,ja,Special,Comedy
32765,Cherry Blossom (Music),1,486,1.0,0.0,2013-03-22,ja,Music,UNKNOWN
51763,Tsumamigui The Animation Chance.0: Watashi wo Check Shite Miru?,1,528,5.0,0.0,2003-06-27,ja,OVA,Hentai
29955,Insomniac,1,422,2.0,0.0,2008-01-01,ja,Music,UNKNOWN
6452,Macron One,53,1601,25.0,3.0,1983-01-21,ja,TV,"Action, Sci-Fi"
1784,Bride of Darkness,2,1844,26.0,5.0,1999-02-26,ja,OVA,Hentai
31689,Requiem (ONA),1,1181,2.0,0.0,2012-01-17,ja,ONA,Avant Garde
39204,Demon Dance Tokyo,1,895,4.0,2.0,2016-10-19,ja,Music,UNKNOWN
49891,Reincarnated as a Sword,12,230675,23.0,1446.0,2022-10-05,ja,TV,"Action, Fantasy"
50631,Komi Can't Communicate Season 2,12,431675,23.0,3719.0,2022-04-07,ja,TV,Comedy
2479,Dragon Knight,1,3273,30.0,2.0,1991-10-25,ja,OVA,"Action, Fantasy, Hentai"
35006,Happy Party Train,1,9048,8.0,22.0,2017-04-05,ja,Music,UNKNOWN
38688,Dream Tower,13,851,21.0,5.0,2018-06-01,ja,ONA,"Action, Adventure, Fantasy, Mystery, Supernatural"
38408,My Hero Academia Season 4,25,1632615,24.0,8217.0,2019-10-12,ja,TV,Action
16259,Inferious Wakusei Senshi Gaiden Condition Green,6,763,25.0,1.0,1991-11-29,ja,OVA,"Action, Sci-Fi"
2669,Doraemon the Movie: Nobita's Little Space War,1,6216,98.0,2.0,1985-03-16,ja,Movie,Fantasy
46569,Hell's Paradise,13,434062,24.0,4224.0,2023-04-01,ja,TV,"Action, Adventure, Fantasy"
45600,Chang'an Magic Street,40,938,14.0,4.0,2020-12-31,ja,ONA,Fantasy
1548,Queen Millennia,42,5405,24.0,25.0,1981-04-16,ja,TV,"Drama, Mystery, Sci-Fi"
40608,Muv-Luv Alternative,12,38502,22.0,171.0,2021-10-07,ja,TV,"Action, Drama, Sci-Fi"
49938,Drifting Home,1,50347,120.0,192.0,2022-09-16,ja,Movie,Fantasy
37029,Hozuki's Coolheadedness 2,13,27859,23.0,50.0,2018-04-08,ja,TV,"Comedy, Fantasy"
34782,Tama-Pawns,6,751,4.0,1.0,2017-01-27,ja,ONA,"Comedy, Fantasy, Ecchi"
21059,Oppai Infinity∞! The Animation,1,5122,28.0,10.0,2014-01-31,ja,OVA,Hentai
7956,Robby the Rascal,39,615,24.0,0.0,1982-10-07,ja,TV,"Comedy, Sci-Fi"
39767,Love Story of Cat Spirit,20,860,17.0,10.0,2018-12-21,ja,ONA,"Fantasy, Romance"
42211,Original Eigakan Manner Eizou,1,288,2.0,1.0,2019-09-10,ja,Special,Comedy
9119,Nutsberry Town,170,893,10.0,0.0,1992-04-06,ja,TV,Slice of Life
17655,Mobile Suit Gundam AGE: Memory of Eden,2,5088,75.0,0.0,2013-07-26,ja,OVA,"Action, Drama, Sci-Fi"
54623,Fushigi no Kuni no Succubus,1,1471,20.0,2.0,2023-05-26,ja,OVA,"Fantasy, Hentai"
1441,Night on the Galactic Railroad,1,24294,107.0,334.0,1985-07-13,ja,Movie,"Award Winning, Drama, Fantasy, Mystery"
52554,Tower of God in 15 Minutes,2,801,15.0,0.0,2020-06-01,ja,ONA,"Action, Adventure, Drama, Fantasy, Mystery"
44407,Shinkai,1,2098,4.0,7.0,2020-12-07,ja,Music,UNKNOWN
40431,Starmyu 3rd Season: Encore,1,1246,23.0,2.0,2019-09-30,ja,Special,Slice of Life
1890,Clover,1,13163,6.0,16.0,1999-08-21,ja,Music,"Drama, Fantasy, Sci-Fi"
34290,Kirakira☆Precure A La Mode,49,11936,24.0,133.0,2017-02-05,ja,TV,"Action, Fantasy, Gourmet"
1956,Ikkitousen: Dragon Destiny,12,78746,24.0,130.0,2007-02-26,ja,TV,"Action, Ecchi"
4094,Batman: Gotham Knight,6,28980,12.0,66.0,2008-07-08,ja,OVA,"Action, Adventure"
93,Mobile Suit Gundam SEED,50,164436,24.0,3435.0,2002-10-05,ja,TV,"Action, Award Winning, Drama, Romance, Sci-Fi"
1819,Daimajuu Gekitou: Hagane no Oni,1,2992,56.0,3.0,1987-12-10,ja,OVA,"Horror, Sci-Fi"
51150,"Pokémon Kids TV: Wooper, Let's Tidy Up!",1,469,2.0,2.0,2022-02-11,ja,ONA,Comedy
1239,Sailor Moon SuperS,39,114671,24.0,509.0,1995-03-04,ja,TV,"Fantasy, Romance"
5883,Examurai Sengoku,24,4345,12.0,7.0,2009-01-11,ja,TV,"Action, Sci-Fi"
4130,Petit Eva: Evangelion@School,24,25934,3.0,37.0,2007-03-20,ja,ONA,Comedy
52049,Yamanai Ame,1,381,4.0,0.0,2021-01-04,ja,Music,UNKNOWN
49869,Ganbare Douki-chan: The Coworker is Suffering from Social Inequality,1,14405,5.0,31.0,2021-12-24,ja,Special,"Comedy, Ecchi"
20849,Oni Chichi 2: Revenge,2,18656,29.0,27.0,2013-11-29,ja,OVA,Hentai
41197,Magical LOVE Potion!,1,264,2.0,0.0,2020-01-24,ja,Music,UNKNOWN
41744,365-nichi no Love Song,1,347,2.0,0.0,2011-01-01,ja,Music,UNKNOWN
53917,1000-mankai Hug Nanda,1,297,3.0,0.0,2022-12-21,ja,Music,UNKNOWN
2629,Doraemon and Itchy the Stray,1,1814,22.0,1.0,1987-01-02,ja,Special,"Comedy, Sci-Fi"
37915,The Laws of the Universe: Part 1,1,1872,119.0,3.0,2018-10-12,ja,Movie,Sci-Fi
9837,Emblem Take 2,2,1907,51.0,1.0,1993-10-25,ja,OVA,"Action, Drama"
33038,Nuwa Chengzhang Riji,30,5326,8.0,9.0,2016-04-12,ja,ONA,"Comedy, Fantasy"
10308,Battle Girls: Time Paradox,13,46271,23.0,68.0,2011-04-05,ja,TV,"Action, Comedy, Sci-Fi"
5279,Sekirei: Hajimete no Otsukai,1,55633,10.0,52.0,2009-03-25,ja,Special,Comedy
6830,Hatanosuke Takes Down the Inazuma Gang,1,997,1.0,0.0,1935-01-01,ja,Movie,Action
1366,Detective Conan Movie 07: Crossroad in the Ancient Capital,1,49935,108.0,34.0,2003-04-19,ja,Movie,"Adventure, Comedy, Mystery"
36296,Hinamatsuri,12,487209,23.0,4301.0,2018-04-06,ja,TV,"Comedy, Supernatural"
2228,Honoo no Toukyuuji: Dodge Danpei,47,5154,25.0,30.0,1991-10-14,ja,TV,"Comedy, Sports"
21667,Non Non Biyori: We're Going to Okinawa,1,63632,20.0,48.0,2014-07-23,ja,OVA,Slice of Life
36423,Infinity Nado,52,961,24.0,22.0,2012-08-23,ja,TV,Action
7463,Weiß Survive R,12,11173,2.0,4.0,2009-12-05,ja,TV,"Comedy, Ecchi"
63,DearS,12,145533,23.0,346.0,2004-07-11,ja,TV,"Comedy, Romance, Sci-Fi, Ecchi"
53333,KONKON Beats,1,339,2.0,1.0,2022-10-05,ja,Music,UNKNOWN
9967,W: Wish Omake,4,1671,2.0,0.0,2005-02-25,ja,Special,UNKNOWN
7659,Aisubeki Mirai e,1,1520,8.0,0.0,2009-11-27,ja,Music,UNKNOWN
9513,Beelzebub,60,578414,24.0,5283.0,2011-01-09,ja,TV,"Action, Comedy, Supernatural"
3630,Miracle Shoujo Limit-chan,25,911,24.0,1.0,1973-10-01,ja,TV,"Comedy, Sci-Fi"
10628,Mahou Sensei Negima!: Mou Hitotsu no Sekai Extra - Mahou Shoujo Yue♥,1,9712,31.0,11.0,2010-11-17,ja,OVA,"Action, Adventure, Fantasy, Ecchi"
1421,Lupin III: Hemingway Paper no Nazo,1,6675,92.0,5.0,1990-07-20,ja,Special,"Action, Adventure, Comedy, Mystery"
50403,No Doubt In Us,24,2969,14.0,17.0,2022-10-26,ja,ONA,"Comedy, Romance"
3533,Gakuentoshi Varanoir Joukan,2,1555,50.0,0.0,2002-10-23,ja,OVA,Action
10463,Exper Zenon,1,1833,60.0,2.0,1991-09-27,ja,OVA,"Action, Sci-Fi"
22757,X Maiden,8,1044,11.0,0.0,2014-02-28,ja,ONA,"Comedy, Slice of Life"
41595,Tiger & Bunny 2,13,21108,24.0,83.0,2022-04-08,ja,ONA,"Action, Comedy, Mystery"
38508,Scarab Beetle's Parade,1,368,4.0,0.0,2011-05-04,ja,ONA,Avant Garde
35497,"Run, Melos!",1,512,18.0,0.0,1979-01-01,ja,Movie,Adventure
51430,Real Melancholy,1,306,3.0,0.0,2021-05-22,ja,Music,UNKNOWN
31647,Ponkotsuland Saga,3,2094,4.0,3.0,2015-10-24,ja,ONA,Comedy
50275,Sword Art Online the Movie: Progressive - Scherzo of Deep Night,1,89930,100.0,400.0,2022-10-22,ja,Movie,"Action, Adventure, Fantasy, Romance"
2683,Tokyo Majin Gakuen Kenpucho: Tou Dai Ni Maku,12,37336,24.0,63.0,2007-07-27,ja,TV,"Action, Drama, Fantasy, Horror, Mystery"
57,Beck: Mongolian Chop Squad,26,327015,25.0,8149.0,2004-10-07,ja,TV,"Comedy, Drama, Slice of Life"
2089,The Super Dimension Century Orguss,35,6170,25.0,13.0,1983-07-03,ja,TV,"Action, Adventure, Romance, Sci-Fi"
25,Desert Punk,24,134894,24.0,822.0,2004-10-06,ja,TV,"Action, Adventure, Comedy, Sci-Fi, Ecchi"
38715,SD Gundam World: Sangoku Soketsuden,10,2538,15.0,5.0,2019-07-26,ja,ONA,Action
1407,Stainless Night,2,5395,28.0,21.0,1995-12-22,ja,OVA,"Girls Love, Hentai"
6707,Black Butler II,12,548024,24.0,3131.0,2010-07-02,ja,TV,"Action, Comedy, Supernatural"
2314,Fly! Peek the Whale,1,1268,80.0,2.0,1991-05-22,ja,Movie,"Adventure, Drama"
41911,Yashahime: Princess Half-Demon,24,117693,24.0,620.0,2020-10-03,ja,TV,"Action, Adventure, Fantasy"
38250,Beryl and Sapphire,72,9290,12.0,93.0,2018-08-27,ja,ONA,"Boys Love, Comedy, Drama, Sci-Fi, Slice of Life"
51133,Kami nomi zo Shiru Sekai PV,1,488,2.0,0.0,2010-08-12,ja,Special,Romance
36371,Legend of the Galactic Heroes: Die Neue These - Stellar War Part 3,4,24340,25.0,93.0,2019-11-29,ja,Movie,"Drama, Sci-Fi"
19159,Genshiken Nidaime OVA,1,17923,23.0,7.0,2013-12-20,ja,OVA,Comedy
37304,"K: SEVEN STORIES ""SIDE:GREEN - Overwrite World - """,1,20100,59.0,17.0,2018-09-01,ja,Movie,"Action, Supernatural"
14067,Ginga Hyouryuu Vifam: Chicago Super Police 13,1,515,3.0,0.0,1985-09-25,ja,Special,"Action, Comedy"
38347,KisKis! Wo de Nanyou Shi Bohe Tang,4,3658,5.0,22.0,2018-05-01,ja,Special,Romance
40347,Shounen Sunday CM: Kekkaishi,1,719,0.5,1.0,2005-01-01,ja,Special,"Fantasy, Supernatural"
66,Azumanga Daioh: The Animation,26,327945,24.0,6327.0,2002-04-09,ja,TV,"Comedy, Slice of Life"
31995,Kowaremono The Animation,1,7837,17.0,17.0,2015-12-04,ja,OVA,Hentai
37542,Kami nomi Kakushi,1,343,5.0,0.0,2017-12-29,ja,Music,UNKNOWN
4717,Chijoku Kankin,1,2222,27.0,2.0,2001-09-21,ja,OVA,Hentai
36451,Still,1,1232,4.0,0.0,2017-07-03,ja,Music,UNKNOWN
52081,Otaku Elf,12,38284,24.0,95.0,2023-04-08,ja,TV,"Comedy, Supernatural"
2870,Night Shift Nurses: Yagami Yu,1,7609,32.0,31.0,2006-12-21,ja,OVA,Hentai
4833,Sexy Fighter Manami,1,1586,22.0,1.0,2001-07-27,ja,OVA,Hentai
23423,Paradise of Innocence,3,25327,24.0,42.0,2014-08-29,ja,OVA,"Comedy, Romance, Ecchi"
4567,Armageddon,1,1659,86.0,2.0,1996-01-19,ja,Movie,"Action, Adventure, Sci-Fi"
15307,Smile Precure! Movie: Ehon no Naka wa Minna Chiguhagu!,1,5242,71.0,9.0,2012-10-27,ja,Movie,Fantasy
33522,Chiba Pedal: Yowamushi Pedal to Manabu Jitensha Koutsuu Anzen,6,5203,1.0,2.0,2016-07-01,ja,ONA,UNKNOWN
4534,Locke the Superman: New World Command,2,1309,50.0,0.0,1991-08-22,ja,OVA,"Action, Sci-Fi"
51573,Heart Beat (2019),1,357,4.0,0.0,2019-07-19,ja,Music,UNKNOWN
42443,Hundred Spirits Kindergarten,10,493,4.0,0.0,2018-07-14,ja,ONA,Comedy
3305,Muteki Koujin Daitarn 3,40,3646,25.0,11.0,1978-06-03,ja,TV,Sci-Fi
2352,Daiakuji -The Xena Buster-,6,7720,29.0,31.0,2003-11-27,ja,OVA,Hentai
36915,Fate/Grand Order: Moonlight/Lostroom,1,56027,32.0,36.0,2017-12-31,ja,Special,"Action, Fantasy, Supernatural"
10798,Un-Go,11,148189,24.0,622.0,2011-10-14,ja,TV,"Mystery, Sci-Fi, Supernatural"
2474,Galaxy Fraulein Yuna Returns,3,2963,31.0,5.0,1996-12-21,ja,OVA,"Action, Adventure, Comedy, Sci-Fi"
7264,Onmyouji Ayakashi no Megami: Inran Jubaku,2,5585,28.0,10.0,2009-10-25,ja,OVA,"Girls Love, Hentai"
52827,Psychotic Polka,1,1160,4.0,9.0,2022-08-16,ja,Music,UNKNOWN
32219,Raldessia Chronicles,1,744,0.8,0.0,2013-05-20,ja,ONA,"Action, Adventure"
33988,Interviews With Monster Girls,12,403688,23.0,1485.0,2017-01-08,ja,TV,"Comedy, Fantasy"
8196,Kawasaki Frontale x Tentai Senshi Sunred 2nd Season,1,647,2.0,0.0,2010-03-05,ja,Special,"Comedy, Sports"
19481,Cross You and I,1,667,3.0,0.0,2010-09-03,ja,Music,Sci-Fi
21765,Ari to Hato (1959),1,470,8.0,0.0,1959-09-05,ja,Movie,UNKNOWN
2487,Kyouryuu Boukenki Jura Tripper,39,2061,25.0,13.0,1995-04-02,ja,TV,"Adventure, Drama, Fantasy, Sci-Fi"
3931,Initial D Battle Stage 2,1,29680,80.0,42.0,2007-05-30,ja,OVA,"Action, Drama"
25545,Tanu no Magical Holiday,1,326,1.0,0.0,2014-06-10,ja,Music,UNKNOWN
8407,Heaven's Lost Property Forte,12,284518,23.0,892.0,2010-10-02,ja,TV,"Comedy, Fantasy, Romance, Sci-Fi, Ecchi"
33915,Toyama City Stamp Rally: The Search for Hello Kitty!,1,512,2.0,0.0,2016-07-20,ja,ONA,Comedy
567,The Big O,26,92543,24.0,903.0,1999-10-13,ja,TV,"Action, Mystery, Sci-Fi"
35818,Love Rice 2,12,4222,4.0,1.0,2017-10-06,ja,TV,"Gourmet, Slice of Life"
27653,Crayon Shin-chan: My Moving Story - The Great Cactus Attack!,1,4414,103.0,2.0,2015-04-18,ja,Movie,"Action, Adventure, Comedy"
29855,Meiji Tokyo Renka Movie 1: Yumihari no Serenade,1,11961,60.0,21.0,2015-07-18,ja,Movie,"Fantasy, Romance"
40023,Lovely ♡,2,10133,14.0,51.0,2019-11-08,ja,OVA,Hentai
1525,Pokemon Crystal: Raikou Ikazuchi no Densetsu,1,23632,69.0,8.0,2001-12-30,ja,Special,"Action, Adventure, Comedy, Fantasy"
35727,Lusty Ladies of Mayohiga,1,16699,16.0,105.0,2017-07-07,ja,OVA,Hentai
174,Tenjho Tenge,24,184419,23.0,596.0,2004-04-02,ja,TV,"Action, Comedy, Ecchi"
6331,Ten Little Gall Force,1,1837,22.0,1.0,1988-07-03,ja,OVA,"Action, Comedy, Sci-Fi"
38226,Amazing Stranger,12,17094,12.0,27.0,2019-04-06,ja,TV,"Comedy, Romance, Sci-Fi"
7902,Fullmetal Alchemist: Brotherhood 4-Koma Theater,16,59020,2.0,126.0,2009-08-26,ja,Special,"Comedy, Fantasy"
7662,Psychic Detective Yakumo,13,130602,24.0,538.0,2010-10-03,ja,TV,"Horror, Mystery, Supernatural"
14951,Wonderful Rush,1,13729,6.0,13.0,2012-09-05,ja,Music,UNKNOWN
4933,The White Whale of Mu,26,1550,25.0,5.0,1980-04-04,ja,TV,"Action, Fantasy, Sci-Fi"
1408,Moonlight Lady,5,10593,29.0,46.0,2001-12-08,ja,OVA,Hentai
9106,Hamos: The Green Chariot,26,960,30.0,6.0,1997-12-12,ja,TV,"Action, Adventure, Fantasy"
36162,"Sou: Uchiage Hanabi, Shita kara Miru ka? Yoko kara Miru ka?-hen",1,3657,0.2,2.0,2017-08-09,ja,Special,Slice of Life
1165,Sakura Wars,4,5911,28.0,4.0,1997-12-18,ja,OVA,"Action, Adventure, Sci-Fi"
1675,Transformers Armada,52,9501,24.0,37.0,2003-01-10,ja,TV,"Action, Sci-Fi"
556,Koutetsu Tenshi Kurumi Zero,3,5331,15.0,3.0,2001-04-18,ja,OVA,"Drama, Romance, Sci-Fi"
8716,Arigatou Thank You,1,589,2.0,0.0,2004-06-01,ja,Music,"Comedy, Sci-Fi"
22117,Witch Craft Works: Takamiya-kun and His Sister's Conspiracy,1,34101,24.0,18.0,2015-01-07,ja,OVA,"Action, Fantasy, Supernatural"
3640,Alice,1,1767,46.0,2.0,1991-12-13,ja,OVA,"Action, Comedy, Ecchi"
8666,Mazinkaiser SKL,3,11605,27.0,47.0,2010-11-27,ja,OVA,Action
33731,Gabriel DropOut,12,442389,23.0,3067.0,2017-01-09,ja,TV,"Comedy, Supernatural"
30851,Q Transformers: Saranaru Ninki Mono e no Michi,13,794,3.0,0.0,2015-07-06,ja,TV,Slice of Life
21969,Sore Ike! Anpanman: Yumeneko no Kuni no Nyanii,1,401,51.0,1.0,2004-07-17,ja,Movie,"Comedy, Fantasy"
49755,Obey Me!: Makai Dai Ryokou!,1,4669,3.0,22.0,2021-04-02,ja,Special,"Comedy, Fantasy"
6385,Pokemon: Slowking's Day,1,12943,3.0,2.0,2000-01-01,ja,Special,Fantasy
1510,Forbidden Love,2,4469,30.0,5.0,2003-06-26,ja,OVA,Hentai
10751,Kikou Kai Galient OVA,3,1057,60.0,1.0,1986-01-26,ja,OVA,"Action, Fantasy, Sci-Fi"
24171,Mushibugyou OVA,3,8137,23.0,3.0,2014-07-18,ja,OVA,"Action, Fantasy, Ecchi"
28665,Nenga no Kizuna,1,524,4.0,0.0,2014-11-24,ja,ONA,Slice of Life
10964,Heavy,1,940,52.0,0.0,1990-04-14,ja,Movie,"Action, Drama, Sports"
51005,Imaginary Express,1,243,3.0,0.0,2020-10-23,ja,Music,Fantasy
31261,Drill,1,534,5.0,0.0,1983-01-01,ja,Movie,Avant Garde
17113,Crayon Shin-chan Movie 21: Bakauma! B-Kyuu Gourmet Survival Battle!!,1,4862,96.0,3.0,2013-04-20,ja,Movie,"Adventure, Comedy, Gourmet"
24093,Gorillaman,2,1015,46.0,3.0,1992-06-25,ja,OVA,Comedy
3442,Karakuri Ninja Girl,2,2451,28.0,6.0,1996-08-23,ja,OVA,Hentai
288,Beyblade,51,109314,23.0,380.0,2001-01-08,ja,TV,"Action, Adventure, Comedy, Sports"
181,Vandread: The Second Stage,13,52908,22.0,114.0,2001-10-05,ja,TV,"Action, Sci-Fi, Ecchi"
5925,Neko Hiki no Oruorane,1,2073,30.0,8.0,1992-11-26,ja,OVA,Fantasy
8423,Big Windup!,2,4035,90.0,2.0,2010-03-24,ja,OVA,"Comedy, Sports"
42893,The God of High School PV,1,22720,1.0,134.0,2016-05-24,ja,ONA,"Action, Fantasy, Sci-Fi, Supernatural"
21507,Soul Eater NOT!,12,202421,23.0,193.0,2014-04-09,ja,TV,"Action, Comedy, Supernatural, Ecchi"
8968,Shogi Hour,1,976,7.0,0.0,2008-10-05,ja,ONA,Comedy
41814,Soukyuu no Fafner: Dead Aggressor - The Beyond Part 4,3,2912,24.0,9.0,2021-11-05,ja,Movie,"Action, Drama, Sci-Fi"
39046,Puchimas!: Petit iDOLM@STER (OVA),2,1020,11.0,1.0,2018-03-26,ja,OVA,"Comedy, Slice of Life"
12243,Game Center Arashi,26,740,24.0,3.0,1982-05-04,ja,TV,Comedy
31706,Fate/kaleid liner Prisma Illya 3rei!!,12,123345,24.0,315.0,2016-07-06,ja,TV,"Action, Comedy, Fantasy"
4928,Idol Angel Welcome Yoko,43,1645,22.0,3.0,1990-04-02,ja,TV,"Comedy, Drama"
12673,Papa no Iukoto wo Kikinasai!: Pokkapoka,1,39672,24.0,20.0,2012-07-11,ja,Special,"Comedy, Romance"
34599,Made in Abyss,13,1294124,25.0,41896.0,2017-07-07,ja,TV,"Adventure, Drama, Fantasy, Mystery, Sci-Fi"
869,Slayers Return,1,19945,59.0,22.0,1996-08-03,ja,Movie,"Adventure, Comedy, Fantasy"
19875,Robotan,104,626,25.0,2.0,1966-10-04,ja,TV,Comedy
9568,Peace Maker Kurogane: Festival of Gion,1,2869,17.0,4.0,2003-12-21,ja,Special,"Action, Comedy, Drama"
7667,"Dr. Slump and Arale-chan: Hoyoyo, Great Round-the-World Race",1,1519,52.0,0.0,1983-03-13,ja,Movie,"Comedy, Sci-Fi"
30865,The Moon That Fell into the Sea,1,832,18.0,0.0,2013-01-01,ja,Movie,Award Winning
242,The Gokusen,13,44329,23.0,225.0,2004-01-07,ja,TV,"Comedy, Drama, Slice of Life"
2120,Captain Tsubasa: Asu ni Mukatte Hashire!,1,4808,35.0,2.0,1986-03-15,ja,Movie,Sports
3829,The Diary of Anne Frank,1,7848,88.0,8.0,1995-08-19,ja,Movie,Drama
53858,Kira Killer,1,330,4.0,2.0,2022-12-15,ja,Music,UNKNOWN
15565,Maken-Ki! Two,10,151244,24.0,168.0,2014-01-16,ja,TV,"Action, Ecchi"
7124,Madou King Granzort: Bouken-hen,3,525,25.0,1.0,1992-03-27,ja,OVA,"Action, Comedy, Fantasy, Sci-Fi"
5270,All That Gundam,1,5362,1.0,19.0,1989-01-01,ja,Special,"Action, Sci-Fi"
34817,Zo Zo Zo Zombie-kun,2,487,3.0,1.0,2017-03-18,ja,ONA,Comedy
30499,Rolling☆Girls: Chibi☆Rolling☆Girls Korokoro Gekijou,12,4126,1.0,1.0,2015-03-18,ja,Special,Slice of Life
52765,Ten Thousand Worlds,112,1477,9.0,4.0,2022-08-16,ja,ONA,"Action, Adventure, Fantasy"
37983,Nekopara: Koneko no Hi no Yakusoku,1,32310,21.0,41.0,2018-07-27,ja,ONA,"Comedy, Romance"
49291,Magia Record: Puella Magi Madoka Magica Side Story Final Season,4,26484,24.0,95.0,2022-04-03,ja,Special,"Drama, Suspense"
11915,Within the Bloody Woods,2,2664,2.0,1.0,2006-05-22,ja,ONA,Horror
41854,For the Sake of Sita,1,894,4.0,3.0,2020-02-26,ja,ONA,"Drama, Fantasy, Romance"
30241,Umo,1,308,3.0,0.0,2007-01-01,ja,Music,UNKNOWN
17985,Keroppi in Our Treasure,1,461,21.0,0.0,1994-03-21,ja,OVA,Fantasy
21569,Pokémon the Movie: Diancie and the Cocoon of Destruction,1,44364,75.0,8.0,2014-07-19,ja,Movie,"Adventure, Fantasy"
34651,A Clockwork Truffe,2,300,1.0,0.0,2014-03-28,ja,ONA,Fantasy
52536,Meshimase! Rock'n Roll Party,1,235,2.0,0.0,2021-08-03,ja,Music,UNKNOWN
3384,Secret Desires,3,1919,28.0,3.0,2002-01-25,ja,OVA,Hentai
22673,Kuroko no Basket 2nd Season NG-shuu,9,64079,2.0,124.0,2014-01-29,ja,Special,"Comedy, Sports"
42047,Sema Kuruoshii Ie,1,340,1.0,0.0,2019-07-16,ja,ONA,Horror
29905,"Gentle Whistle, Bird and Stone",1,704,3.0,2.0,2005-01-01,ja,Movie,Avant Garde
43697,Yasuke,6,78882,29.0,241.0,2021-04-29,ja,ONA,"Action, Fantasy"
37398,PriPara & Kiratto Pri☆chan Movie: Kirakira Memorial Live,1,1631,85.0,4.0,2018-05-05,ja,Movie,Slice of Life
23931,Uchuu Senkan Yamato 2199: Tsuioku no Koukai,1,2530,130.0,2.0,2014-10-11,ja,Special,"Action, Drama, Sci-Fi"
41710,How a Realist Hero Rebuilt the Kingdom,13,355162,24.0,2450.0,2021-07-04,ja,TV,"Action, Fantasy, Romance"
21121,Heart Cocktail Again,1,569,41.0,1.0,2003-10-22,ja,OVA,Romance
34332,Hulaing Babies,12,3912,5.0,2.0,2019-01-11,ja,TV,"Comedy, Slice of Life"
50237,Kyonyuu Elf Oyako Saimin,2,6717,16.0,43.0,2022-01-01,ja,OVA,Hentai
37407,Penguin Highway,1,82143,118.0,307.0,2018-08-17,ja,Movie,"Fantasy, Mystery, Sci-Fi"
37174,Chichibu de Buchichi,1,1981,25.0,0.0,2018-03-30,ja,ONA,Slice of Life
25077,Bakumatsu Rock: Mystery! Onsen Kaijiken ze yo!!,1,2338,23.0,0.0,2014-09-25,ja,OVA,Mystery
27525,Fate/Kaleid Liner Prisma Illya 2Wei Herz!,10,138381,23.0,251.0,2015-07-25,ja,TV,"Action, Comedy, Fantasy, Slice of Life"
53587,The Marginal Service,12,17996,22.0,59.0,2023-04-12,ja,TV,"Action, Sci-Fi"
26063,Kaibutsu Oujo Specials,3,2411,4.0,2.0,2010-12-09,ja,Special,"Adventure, Comedy, Horror, Supernatural"
695,Canvas: Sepia-iro no Motif,2,7502,30.0,0.0,2001-12-25,ja,OVA,"Comedy, Romance, Slice of Life"
11069,Pokémon: Pikachu's Big Mysterious Adventure,1,6290,21.0,1.0,2010-08-01,ja,Special,"Adventure, Comedy, Fantasy"
35122,Attack on Skytree,1,24604,7.0,81.0,2017-04-10,ja,Movie,"Action, Fantasy"
33739,Ori-Princess,52,437,22.0,5.0,2011-10-04,ja,TV,Comedy
9988,Otome wa Boku ni Koishiteru: Futari no Elder The Animation,3,17338,25.0,30.0,2012-07-30,ja,OVA,"Drama, Romance"
33263,The Kubikiri Cycle,8,101104,29.0,859.0,2016-10-26,ja,OVA,"Drama, Mystery, Supernatural"
4073,Kyouryuu Daisensou Izenborg,39,1277,24.0,11.0,1977-10-07,ja,TV,Action
38975,Sansha Mendan: Rensa Suru Chijoku Choukyou no Gakuen,4,4989,23.0,10.0,2019-03-29,ja,OVA,Hentai
49844,Kirakira Kirari,1,783,10.0,1.0,2022-03-30,ja,ONA,Fantasy
1946,Tomorrow's Nadja,50,31232,24.0,262.0,2003-02-02,ja,TV,"Adventure, Drama, Romance"
46491,SANTA COMPANY ~Midsummer Merry Christmas~,1,2340,26.0,4.0,2021-01-28,ja,Movie,Fantasy
2139,Kakyuusei 2: Anthology,2,2937,29.0,3.0,2006-03-24,ja,OVA,"Drama, Romance, Hentai"
35678,Sound! Euphonium: Our Promise: A Brand New Day,1,60830,101.0,157.0,2019-04-19,ja,Movie,Drama
32843,Symphogear XV,13,37240,23.0,855.0,2019-07-07,ja,TV,"Action, Sci-Fi"
37393,Didn't I Say to Make My Abilities Average in the Next Life?!,12,177191,23.0,427.0,2019-10-07,ja,TV,"Comedy, Fantasy"
40210,Yorugao,1,259,2.0,0.0,2019-08-02,ja,Music,UNKNOWN
293,Di Gi Charat,16,23884,4.0,182.0,1999-11-30,ja,TV,"Comedy, Fantasy, Sci-Fi"
957,The Story of Saiunkoku,39,93078,25.0,1115.0,2006-04-08,ja,TV,"Adventure, Fantasy, Romance"
29611,Pa-Pa-Pa the ★ Movie: Perman - Tako de Pon! Ashi wa Pon!,1,594,32.0,0.0,2004-03-06,ja,Movie,"Adventure, Comedy"
2072,Idol Project,4,2319,30.0,4.0,1995-09-22,ja,OVA,"Adventure, Comedy"
4714,The Rapeman,2,7353,23.0,92.0,1994-10-28,ja,OVA,Hentai
3159,The Pumpkin Wine,95,3315,25.0,7.0,1982-07-05,ja,TV,"Comedy, Romance"
3090,Ah! My Goddess: Fighting Wings,2,26747,24.0,21.0,2007-12-09,ja,Special,"Comedy, Romance, Supernatural"
22609,Patty and Jimmy in You're a Superstar!,1,347,5.0,0.0,1994-03-21,ja,OVA,Sports
39085,Aikagi The Animation,1,11867,26.0,60.0,2019-04-26,ja,OVA,Hentai
154,Shaman King,64,356061,23.0,3709.0,2001-07-04,ja,TV,"Action, Adventure, Comedy, Supernatural"
39972,Midnight Occult Civil Servants OVA,2,9037,27.0,3.0,2019-09-25,ja,OVA,"Fantasy, Mystery"
600,Legend of Duo,12,11628,5.0,12.0,2004-10-27,ja,TV,"Boys Love, Drama, Supernatural"
33547,Mameshiba x Gaist Crusher Collab CM,1,500,0.5,0.0,2014-03-21,ja,Special,"Comedy, Fantasy"
50517,Gabrielle,1,220,1.0,0.0,2017-04-10,ja,Special,Avant Garde
22433,Broken Blade,12,92767,24.0,211.0,2014-04-06,ja,TV,"Action, Fantasy"
10180,Otome Youkai Zakuro Picture Drama,2,5776,17.0,6.0,2010-11-24,ja,Special,"Romance, Supernatural"
48843,Karada de Kaiketsu Hyakkiya Tantei Jimusho,4,4218,16.0,12.0,2021-05-28,ja,OVA,Hentai
4114,Onegai My Melody: Kurukuru Shuffle!,52,5350,22.0,29.0,2006-04-02,ja,TV,"Comedy, Fantasy"
1691,Kaze no Stigma,24,444024,24.0,1969.0,2007-04-13,ja,TV,"Action, Romance, Supernatural"
38540,Tantei Opera Milky Holmes: Psycho no Aisatsu,1,1824,24.0,0.0,2018-12-31,ja,Special,"Comedy, Mystery"
30263,Hello Kitty in Snow White,1,666,15.0,1.0,2001-07-20,ja,OVA,Fantasy
1538,Pumpkin Scissors,24,41900,23.0,129.0,2006-10-03,ja,TV,"Action, Comedy, Drama"
27457,Pororo the Little Penguin 4,26,476,11.0,0.0,2012-02-29,ja,TV,UNKNOWN
13439,The Mystical Laws,1,1968,119.0,1.0,2012-10-06,ja,Movie,"Adventure, Supernatural"
3962,Chocolate Underground,13,12493,5.0,11.0,2008-06-12,ja,ONA,"Adventure, Comedy"
4537,Yagami-kun no Katei no Jijou,3,1809,28.0,2.0,1990-05-25,ja,OVA,Comedy
10162,Bunny Drop,11,479967,22.0,5975.0,2011-07-08,ja,TV,Slice of Life
4156,Ichigo Mashimaro Episode 0,1,14950,4.0,8.0,2005-06-08,ja,Special,Comedy
488,Strawberry Marshmallow,12,101915,24.0,887.0,2005-07-15,ja,TV,"Comedy, Slice of Life"
25259,Persona 4 the Animation: A Brief Lesson on Izanagi & Izanami,1,7076,1.0,5.0,2013-04-01,ja,Special,UNKNOWN
29575,Mankitsu Happening,4,54593,29.0,843.0,2015-03-27,ja,OVA,Hentai
31283,Bikini Warriors Special,1,17674,4.0,13.0,2015-12-09,ja,Special,"Comedy, Fantasy, Ecchi"
14267,Persona 4 the Animation: The Factor of Hope,1,18680,90.0,12.0,2012-06-09,ja,Movie,"Action, Adventure, Mystery, Supernatural"
327,Petite Princess Yucie,26,14690,25.0,90.0,2002-09-30,ja,TV,"Comedy, Fantasy"
41627,Until the End,1,426,4.0,1.0,2019-10-18,ja,Music,UNKNOWN
36112,Dragon Quest X: Boukensha-tachi no Kiseki,2,597,6.0,0.0,2017-08-07,ja,ONA,Slice of Life
5203,Palm Town,50,1861,24.0,4.0,1987-01-18,ja,TV,"Fantasy, Slice of Life"
37856,Hakyu Hoshin Engi Recap,1,1231,23.0,0.0,2018-04-27,ja,Special,"Adventure, Fantasy, Supernatural"
42697,Teinenpi Shoujo Heidi CMs,4,456,0.5,0.0,2009-05-25,ja,Special,Comedy
8645,Kitte no Nai Okurimono,1,517,2.0,0.0,1996-06-07,ja,Music,UNKNOWN
37553,By the Way Dance,1,450,1.0,0.0,2018-03-20,ja,Music,UNKNOWN
34411,Taishou Mebiusline: Chicchai-san,12,12446,3.0,20.0,2017-10-06,ja,TV,Supernatural
6209,Macross 7 Plus,11,6911,2.0,7.0,1995-01-21,ja,Special,Slice of Life
38480,A Certain Scientific Accelerator,12,224403,23.0,888.0,2019-07-12,ja,TV,"Action, Fantasy, Sci-Fi"
69,Cluster Edge,25,10561,24.0,13.0,2005-10-05,ja,TV,"Action, Fantasy, Sci-Fi"
4119,Bio Armor Ryger,43,2207,25.0,1.0,1989-03-11,ja,TV,"Action, Sci-Fi"
37349,Goblin Slayer,12,1048766,23.0,6984.0,2018-10-07,ja,TV,"Action, Adventure, Fantasy"
23711,Kakumei no Wakaki Sora,1,656,50.0,0.0,2010-01-01,ja,OVA,Drama
23765,Yamiyo no Jidaigeki,2,496,11.0,1.0,1995-02-19,ja,Special,Horror
2891,Iblard Jikan,1,22051,30.0,37.0,2007-07-04,ja,OVA,Fantasy
6380,Birdy the Mighty: Decode OVA,1,21658,27.0,13.0,2009-07-22,ja,OVA,"Action, Comedy, Sci-Fi"
9900,Hamster Club,140,1009,5.0,1.0,2000-10-02,ja,TV,UNKNOWN
32202,Kimi ni Maji Kyun!,1,5125,6.0,17.0,2016-05-18,ja,OVA,"Fantasy, Romance"
30870,Ajin: Demi-Human Movie 3: Collide,1,25449,120.0,12.0,2016-09-23,ja,Movie,"Action, Horror, Mystery, Supernatural"
36132,Taka no Tsume: Tokyo Comic Con 2017 no Ouen-dan ni Shuunin Kettei!,1,387,1.0,0.0,2017-07-29,ja,ONA,Comedy
54535,Kuromi's Pretty Journey,21,1304,2.0,21.0,2023-02-17,ja,ONA,"Comedy, Fantasy"
17717,Mobile Suit Gundam: The 08th MS Team - A Battle with the Third Dimension,1,9606,9.0,5.0,2013-02-22,ja,Special,Action
28955,Columbos,1,475,9.0,0.0,2012-01-01,ja,Movie,"Drama, Mystery"
10825,Ranma ½: Huge Battle! 29 Unteachable Fools,1,4785,24.0,1.0,1995-03-03,ja,OVA,"Comedy, Slice of Life"
9712,Maria†Holic Alive,12,64641,23.0,70.0,2011-04-08,ja,TV,"Comedy, Girls Love"
10917,Pokémon: Pikachu's Winter Vacation (2001),3,9739,15.0,4.0,2000-12-22,ja,OVA,"Adventure, Comedy, Fantasy"
36684,Shining☆Romance,1,1899,5.0,7.0,2017-11-15,ja,Music,UNKNOWN
2636,"Dorami-chan: Wow, The Kid Gang of Bandits",1,514,40.0,0.0,1991-03-09,ja,Movie,Fantasy
13239,Mass Effect: Paragon Lost,1,8899,94.0,14.0,2012-11-29,ja,Movie,"Action, Adventure, Sci-Fi"
8218,The Elevator,1,712,8.0,0.0,1991-01-01,ja,Movie,Fantasy
17787,Ouritsu Uchuugun: Honneamise no Tsubasa Pilot,1,2021,4.0,1.0,1985-01-01,ja,Special,Sci-Fi
35781,She's a Pervert & She's All Mine Part 1,1,9684,17.0,35.0,2017-08-04,ja,OVA,Hentai
34438,Code Geass: Lelouch of the Rebellion I - Initiation,1,96419,135.0,187.0,2017-10-21,ja,Movie,"Action, Sci-Fi"
44265,Comet,1,364,4.0,3.0,2018-11-22,ja,Music,UNKNOWN
46119,Mashiro no Oto Mini,33,1198,1.0,1.0,2021-01-15,ja,ONA,Slice of Life
11135,Hybrid Child,4,77129,25.0,475.0,2014-10-29,ja,OVA,"Boys Love, Drama, Romance, Sci-Fi"
75,Fafner,25,47077,24.0,260.0,2004-07-05,ja,TV,"Action, Drama, Sci-Fi"
39498,Asobuild Concept Video,1,406,0.7,0.0,2019-03-05,ja,ONA,"Slice of Life, Sports"
12961,Kansen 5: The Daybreak,3,7997,19.0,23.0,2012-10-26,ja,OVA,Hentai
694,Canvas 2: Rainbow Colored Sketch,24,26499,24.0,47.0,2005-10-02,ja,TV,"Comedy, Drama, Romance"
1810,Shattered Angels,12,42420,24.0,94.0,2007-01-05,ja,TV,"Drama, Romance"
6903,Naughty College School Girls,1,1205,28.0,1.0,2001-12-21,ja,OVA,Hentai
41080,Deadly Response,30,621,17.0,3.0,2019-06-02,ja,ONA,"Action, Sci-Fi"
9510,Mitsudomoe Zouryouchuu!,8,44849,24.0,86.0,2011-01-09,ja,TV,"Comedy, Slice of Life"
33692,Shigeo wa Handsome,1,889,3.0,4.0,2005-10-01,ja,ONA,"Comedy, Drama"
355,Shakugan no Shana: Season I,24,525080,24.0,4981.0,2005-10-06,ja,TV,"Action, Drama, Fantasy, Romance"
4480,Ryoujoku Guerrilla Kari 3,2,2769,27.0,8.0,2008-02-29,ja,OVA,Hentai
29920,Kobutori (1957),1,368,20.0,0.0,1957-01-01,ja,Movie,UNKNOWN
48969,Tosca,1,262,8.0,0.0,2010-01-01,ja,Movie,Avant Garde
8778,Avignon no Hashi de,1,568,2.0,1.0,1970-10-06,ja,Music,UNKNOWN
11997,Tsundere Inran Shoujo Sukumi,2,8939,18.0,26.0,2012-02-17,ja,OVA,Hentai
1490,The Galaxy Railways,26,11995,24.0,44.0,2003-10-05,ja,TV,"Action, Adventure, Drama, Sci-Fi"
33836,Seiren,12,231491,24.0,453.0,2017-01-06,ja,TV,Romance
8235,Muumin (1972),52,2591,25.0,7.0,1972-01-09,ja,TV,"Adventure, Comedy, Fantasy, Slice of Life"
19185,HORIZON feat. Hatsune Miku,1,2598,4.0,5.0,2013-06-21,ja,Music,UNKNOWN
2782,Fire Emblem,2,13237,27.0,44.0,1996-01-26,ja,OVA,"Action, Adventure, Fantasy"
34625,Master of Torque: Epilogue,1,642,9.0,0.0,2016-12-25,ja,ONA,UNKNOWN
40712,Azur Lane Recap,1,5525,23.0,6.0,2019-11-14,ja,Special,"Action, Sci-Fi"
6774,Welcome to Irabu's Office,11,90530,23.0,1246.0,2009-10-15,ja,TV,Drama
51191,The Outcast 5th Season,12,2785,23.0,12.0,2022-12-09,ja,ONA,"Action, Supernatural"
1681,Brave Story,1,43066,112.0,174.0,2006-07-08,ja,Movie,"Action, Adventure, Fantasy"
32875,Shokupan Mimi Specials,4,663,0.5,0.0,2011-10-07,ja,Special,"Comedy, Gourmet"
4190,Harukanaru Toki no Naka de 3: Kurenai no Tsuki Special,1,1469,7.0,3.0,2008-01-01,ja,Special,"Comedy, Fantasy"
32240,Code Geass: Boukoku no Akito 4 - Nikushimi no Kioku kara Picture Drama,1,9575,9.0,14.0,2015-10-28,ja,Special,"Comedy, Ecchi"
370,Burn Up Excess,13,11116,25.0,19.0,1997-12-12,ja,TV,"Action, Adventure, Comedy, Mystery, Sci-Fi, Ecchi"
6604,Kuruneko,50,4814,2.0,10.0,2009-07-05,ja,TV,"Comedy, Slice of Life"
10324,Tono to Issho: Gantai no Yabou,12,3121,3.0,1.0,2011-04-05,ja,TV,Comedy
12145,Bernard,52,2036,3.0,5.0,2005-01-01,ja,TV,Comedy
21587,Mou Hitotsu no Mirai wo.,3,10069,7.0,3.0,2013-12-11,ja,ONA,Sci-Fi
35363,"Miss Kobayashi's Dragon Maid: Valentine's, and Then Hot Springs! (Please Don't Get Your Hopes Up)",1,207104,23.0,258.0,2017-09-20,ja,Special,"Fantasy, Slice of Life"
557,Steel Angel Kurumi Encore,4,6840,15.0,5.0,2000-07-19,ja,OVA,"Comedy, Romance, Sci-Fi"
36246,Monster Strike The Fading Cosmos,13,4906,10.0,5.0,2017-10-07,ja,ONA,"Action, Fantasy"
127,Gate Keepers,24,21786,25.0,54.0,2000-04-03,ja,TV,"Action, Comedy, Fantasy, Sci-Fi"
53433,Aiue,1,491,3.0,0.0,2022-10-27,ja,Music,UNKNOWN
39179,In the sea and near a girl.,1,423,1.0,0.0,2014-08-19,ja,ONA,Avant Garde
12467,Mysterious Girlfriend X,13,300837,24.0,3009.0,2012-04-08,ja,TV,Romance
40851,Something Lost,1,364,2.0,0.0,2019-12-10,ja,ONA,Fantasy
2049,Kouryuu Densetsu Villgust,2,2220,28.0,4.0,1993-01-21,ja,OVA,"Action, Adventure, Comedy, Fantasy, Romance"
4983,Hells,1,30406,117.0,168.0,2008-10-18,ja,Movie,"Adventure, Comedy, Horror"
36674,Shukka Fuufu,1,276,3.0,0.0,2014-10-01,ja,Special,UNKNOWN
2616,The Sky-Colored Seed,3,4114,0.5,0.0,1992-12-23,ja,Special,UNKNOWN
32032,KADO: The Right Answer,12,105640,23.0,175.0,2017-04-07,ja,TV,Sci-Fi
37210,How Not to Summon a Demon Lord,12,687927,23.0,2460.0,2018-07-05,ja,TV,"Comedy, Fantasy, Ecchi"
39619,BanG Dream! Film Live,1,11551,72.0,38.0,2019-09-13,ja,Movie,UNKNOWN
80,Mobile Suit Gundam,43,126804,25.0,2140.0,1979-04-07,ja,TV,"Action, Drama, Sci-Fi"
39292,Princess Connect! Re:Dive,13,271528,23.0,999.0,2020-04-07,ja,TV,"Adventure, Comedy, Fantasy, Gourmet"
40526,Dragon Goes House-Hunting,12,56924,23.0,195.0,2021-04-04,ja,TV,"Comedy, Fantasy"
10908,Kakko Kawaii Sengen! 2,10,873,3.0,2.0,2011-08-26,ja,TV,Comedy
9608,Yuri Seijin Naoko-san,1,16509,6.0,8.0,2010-12-18,ja,OVA,"Comedy, Girls Love"
50587,Gridman Universe,1,17789,118.0,67.0,2023-03-24,ja,Movie,"Action, Sci-Fi"
1618,Soreyuke! Uchuu Senkan Yamamoto Youko (1999),26,5387,25.0,7.0,1999-04-04,ja,TV,"Action, Adventure, Sci-Fi"
33337,ACCA: 13-Territory Inspection Dept.,12,158060,24.0,1426.0,2017-01-10,ja,TV,"Drama, Fantasy, Mystery"
6202,King Fang,1,1059,67.0,4.0,1978-09-23,ja,Special,"Adventure, Drama"
17395,Ark Nine,1,8547,11.0,4.0,2013-07-02,ja,OVA,Action
821,Initial D Battle Stage,1,36701,52.0,103.0,2002-05-15,ja,OVA,"Action, Drama"
146,This Ugly Yet Beautiful World,12,59737,24.0,151.0,2004-04-02,ja,TV,"Comedy, Drama, Romance, Sci-Fi, Ecchi"
30739,Ane Log: Moyako Neesan no Honpen wo Tobidashite Tomaranai Monologue Specials,3,6751,5.0,2.0,2014-04-18,ja,Special,"Comedy, Ecchi"
23359,Code Geass: Akito the Exiled 2 - The Torn-Up Wyvern Picture Drama,1,17311,12.0,48.0,2013-12-25,ja,Special,"Action, Comedy"
837,Today in Class 5-2,4,30197,29.0,43.0,2006-03-24,ja,OVA,"Comedy, Ecchi"
42203,Re:ZERO -Starting Life in Another World- Season 2 Part 2,12,818208,29.0,11939.0,2021-01-06,ja,TV,"Drama, Fantasy, Suspense"
19849,Peeping Life 5.0ch,10,617,5.0,0.0,2012-02-03,ja,OVA,"Comedy, Slice of Life"
5935,Marco Polo's Adventures,43,969,20.0,4.0,1979-04-07,ja,TV,Adventure
2398,Digimon Adventure 02: Revenge of Diaboromon,1,51579,30.0,31.0,2001-03-03,ja,Movie,"Adventure, Comedy, Drama, Sci-Fi"
2156,Bakugan Battle Brawlers,52,103464,24.0,399.0,2007-04-05,ja,TV,"Action, Fantasy"
8065,"Musashi, the Samurai Lord",50,766,30.0,0.0,1990-10-03,ja,TV,"Action, Adventure"
903,Dragon Ball Z: Broly - Second Coming,1,127674,50.0,42.0,1994-03-12,ja,Movie,"Action, Adventure, Comedy, Fantasy"
7053,Fault!!,3,24091,29.0,137.0,2009-11-20,ja,OVA,Hentai
20039,Kill Me Baby: Butsuzou Kegatte Nise Halloween,1,14325,27.0,11.0,2013-10-16,ja,OVA,Comedy
3182,Massugu ni Ikou. 2nd Season,5,2300,22.0,3.0,2004-03-27,ja,TV,"Comedy, Romance, Slice of Life"
32182,Mob Psycho 100,12,1956538,24.0,45435.0,2016-07-11,ja,TV,"Action, Comedy, Supernatural"
7645,Heartcatch Precure!,49,30507,24.0,594.0,2010-02-07,ja,TV,"Action, Comedy, Fantasy"
240,Genshiken,12,174114,25.0,1409.0,2004-10-11,ja,TV,"Comedy, Slice of Life"
32869,Winter Cup Highlights Episode 1 – Winter Cup Highlights -Shadow and Light-,1,39123,87.0,33.0,2016-09-03,ja,Movie,Sports
5762,15 Bishoujo Hyouryuuki,3,24425,26.0,148.0,2009-08-03,ja,OVA,"Comedy, Hentai"
2378,Kisaku Spirit: The Letch Lives,3,2938,28.0,8.0,2004-05-28,ja,OVA,Hentai
4393,The National Anthem Kimigayo,1,1962,3.0,0.0,1931-05-01,ja,Movie,UNKNOWN
2535,Angelique: Seichi yori Ai wo Komete,3,2860,30.0,1.0,2001-01-25,ja,OVA,"Adventure, Comedy, Drama, Fantasy, Romance, Sci-Fi"
38937,Persona 5 the Animation Recap,1,5835,24.0,4.0,2018-12-30,ja,Special,"Action, Fantasy, Supernatural"
818,Sakura Diaries,12,14000,21.0,17.0,1997-05-21,ja,OVA,"Comedy, Drama, Romance, Slice of Life"
16576,Yu☆Gi☆Oh! Zexal Second: Midokoro Tenkomori Special,1,5049,24.0,6.0,2012-12-08,ja,Special,"Action, Fantasy"
35215,Man Tou Riji,10,481,7.0,1.0,2013-12-25,ja,ONA,Slice of Life
39676,God Troubles Me,12,4928,14.0,29.0,2019-07-21,ja,ONA,"Comedy, Slice of Life, Supernatural"
28367,Dr. Slump: New Year Doesn't Come,3,884,28.0,0.0,1992-01-01,ja,Special,"Comedy, Sci-Fi"
9618,Cat Planet Cuties: Come Drop By,1,46609,28.0,45.0,2011-06-15,ja,OVA,"Comedy, Romance, Sci-Fi, Ecchi"
30686,Pokemon XY: Hoopa no Odemashi Daisakusen!!,6,4725,0.7,0.0,2015-04-23,ja,Special,"Comedy, Fantasy"
490,Pani Poni Dash!,26,61154,24.0,418.0,2005-07-04,ja,TV,Comedy
34539,Saint Seiya: Saintia Shou,10,13727,25.0,35.0,2018-12-10,ja,ONA,"Action, Adventure"
37481,Music Girls,12,15760,23.0,30.0,2018-07-06,ja,TV,Slice of Life
3250,Elfen Laid,2,5012,26.0,11.0,2005-08-12,ja,OVA,Hentai
10799,Chime,1,4810,4.0,5.0,2011-06-01,ja,Music,UNKNOWN
11433,Waiting in the Summer,12,376210,23.0,2040.0,2012-01-10,ja,TV,"Drama, Romance, Sci-Fi"
3501,Sisters of Wellber Zwei,13,5168,20.0,3.0,2008-01-02,ja,TV,"Adventure, Fantasy, Romance"
35425,Donten: Laughing Under the Clouds - Gaiden: Chapter 3 - Conspiracy of the Military,1,10525,57.0,14.0,2018-09-01,ja,Movie,"Action, Supernatural"
33080,Brotherhood: Final Fantasy XV,5,81845,14.0,180.0,2016-03-31,ja,ONA,Action
41471,Kiniro Mosaic: Thank You!!,1,12221,82.0,27.0,2021-08-20,ja,Movie,"Comedy, Slice of Life"
30269,Momoiro Milk,2,4400,21.0,3.0,2015-05-22,ja,OVA,Hentai
6636,Super High Speed Galvion,22,1710,23.0,3.0,1984-02-03,ja,TV,"Action, Sci-Fi"
32313,Concrete Revolutio: Choujin Gensou - The Last Song,11,35186,24.0,82.0,2016-04-10,ja,TV,"Action, Drama, Fantasy, Mystery, Sci-Fi"
29793,The Strong Bridge,1,393,10.0,0.0,1976-01-01,ja,Movie,UNKNOWN
5921,Utsunomiko,1,1014,83.0,2.0,1989-03-11,ja,Movie,"Adventure, Fantasy"
38572,Assassins Pride,12,328661,24.0,750.0,2019-10-10,ja,TV,Fantasy
8111,Last Waltz: Hakudaku Mamire no Natsu Gasshuku,2,5917,29.0,19.0,2010-04-30,ja,OVA,Hentai
507,Gravitation: Lyrics of Love,2,32235,26.0,76.0,1999-07-23,ja,OVA,"Boys Love, Comedy"
2416,Grander Musashi RV,39,2524,25.0,10.0,1998-04-04,ja,TV,"Adventure, Sports"
33883,Chao You Bing,4,3766,8.0,5.0,2014-04-25,ja,ONA,"Comedy, Fantasy"
21333,The Story of a Family,1,934,9.0,1.0,2013-11-16,ja,ONA,Drama
13051,Bishoujo Animerama: Miyuki-chan SOS-H Shichauzo,1,866,30.0,1.0,1989-08-24,ja,OVA,Hentai
2251,Baccano!,13,878366,24.0,22939.0,2007-07-27,ja,TV,"Action, Comedy, Mystery, Supernatural"
11737,Blue Exorcist The Movie,1,263433,88.0,402.0,2012-12-28,ja,Movie,"Action, Fantasy"
42807,MTV Town,1,246,1.0,0.0,2019-01-01,ja,Special,Avant Garde
1528,Battle Skipper,3,2149,27.0,0.0,1995-08-23,ja,OVA,"Comedy, Sci-Fi"
25805,Pokémon the Movie: Hoopa and the Clash of Ages,1,52286,78.0,15.0,2015-07-18,ja,Movie,"Adventure, Fantasy"
37391,Meet The Pegasus,1,312,80.0,1.0,2014-01-16,ja,Movie,"Adventure, Comedy"
3478,Mrs. Junkie,2,8508,29.0,35.0,2006-02-25,ja,OVA,Hentai
39699,King of Prism: Shiny Seven Stars,12,5510,24.0,22.0,2019-04-16,ja,TV,Sports
4639,Long Life To The Ancestors,6,8698,30.0,113.0,1989-08-05,ja,OVA,"Avant Garde, Comedy, Drama, Sci-Fi"
6992,Hoshi ni Negai wo: Fantastic Cat,1,1944,39.0,0.0,2009-08-03,ja,ONA,"Adventure, Sci-Fi"
2009,Yawara!: Zutto Kimi no Koto ga...,1,2844,92.0,4.0,1996-07-19,ja,Special,"Action, Comedy, Drama, Sports"
38431,Persona 5 the Animation TV Specials,2,33362,50.0,35.0,2018-12-31,ja,Special,"Action, Fantasy, Supernatural"
50871,Alice Gear Aegis Expansion,12,7797,23.0,12.0,2023-04-04,ja,TV,"Action, Sci-Fi"
40302,Ninja Bugei-chou Pilot Film,1,338,1.0,0.0,2000-04-25,ja,Special,Action
36516,Beatless,20,168642,24.0,469.0,2018-01-13,ja,TV,"Action, Drama, Romance, Sci-Fi"
9047,Toaru Kagaku no Railgun: Misaka-san wa Ima Chuumoku no Mato desu kara,1,66319,34.0,31.0,2010-09-26,ja,OVA,"Action, Fantasy, Sci-Fi"
27621,Glass no Kamen desu ga to Z,14,936,3.0,1.0,2013-04-28,ja,TV,Comedy
9095,The Story of Fifteen Boys,1,968,67.0,2.0,1987-10-19,ja,Special,Adventure
48561,Jujutsu Kaisen 0,1,707556,104.0,8657.0,2021-12-24,ja,Movie,"Action, Fantasy"
28093,Flowers Will Bloom In Tohoku,1,1146,5.0,1.0,2014-09-08,ja,Special,Fantasy
29865,BAR Kiraware Yasai,13,2691,1.0,2.0,2015-04-07,ja,TV,Comedy
39320,Marine Dreamin' (2017),1,340,3.0,1.0,2017-04-28,ja,Music,UNKNOWN
35734,Zoojazoo “My Stomach”,1,388,2.0,0.0,2015-12-08,ja,Music,UNKNOWN
509,I My Me! Strawberry Eggs,13,37798,25.0,97.0,2001-07-04,ja,TV,"Comedy, Drama, Romance"
41708,Free,1,256,3.0,0.0,2003-01-01,ja,Music,Avant Garde
50532,My Hero Academia: World Heroes' Mission - Take-off,1,27077,5.0,82.0,2022-02-16,ja,Special,Action
1293,Urusei Yatsura,195,84235,25.0,1137.0,1981-10-14,ja,TV,"Action, Adventure, Comedy, Drama, Romance, Sci-Fi"
24377,Spocon!,2,9035,16.0,28.0,2014-09-26,ja,OVA,Hentai
54624,Ours,1,1435,3.0,5.0,2023-02-24,ja,Music,UNKNOWN
2534,Angelique,3,6174,30.0,11.0,2004-03-17,ja,OVA,"Drama, Fantasy, Romance, Sci-Fi"
2387,Ai Monogatari: 9 Love Stories,1,4811,92.0,5.0,1993-04-02,ja,OVA,"Drama, Romance"
32142,Takemoto Denki x Peeping Life,1,432,5.0,0.0,2014-11-16,ja,ONA,"Comedy, Slice of Life"
22953,Hana no Zundamaru: Junk,3,369,0.8,0.0,2014-02-13,ja,ONA,Comedy
16528,Hal,1,140504,60.0,376.0,2013-06-08,ja,Movie,"Drama, Romance, Sci-Fi"
37544,Kaka in the bucket.,1,371,7.0,0.0,2009-12-31,ja,ONA,Fantasy
3535,Neko Rahmen,13,3839,2.0,13.0,2006-12-29,ja,ONA,"Comedy, Gourmet"
3074,Fencer of Minerva,5,2599,46.0,8.0,1994-12-17,ja,OVA,"Fantasy, Hentai"
35324,I'm home.,1,258,3.0,0.0,2017-02-28,ja,Music,UNKNOWN
4879,Mouryou no Hako,13,60703,23.0,246.0,2008-10-08,ja,TV,"Mystery, Supernatural, Suspense"
4910,Pikachu's Island Adventure,1,10152,21.0,5.0,2006-08-01,ja,Special,"Adventure, Comedy, Fantasy"
21997,Duel Masters Victory V,51,1147,10.0,1.0,2012-04-07,ja,TV,"Action, Adventure, Comedy, Fantasy"
49095,Kuroinu II The Animation,1,6073,27.0,16.0,2021-08-27,ja,OVA,"Fantasy, Hentai"
20353,Gakkou no Yuurei,6,1439,32.0,2.0,1995-10-21,ja,OVA,Horror
36269,Detective Conan: Anti-Crime Guide,1,2391,26.0,4.0,2006-01-01,ja,OVA,UNKNOWN
32383,Mr. Osomatsu Short Film Series,7,6215,2.0,8.0,2016-01-29,ja,Special,Comedy
5212,HypnoLove,2,6995,26.0,10.0,2008-08-08,ja,OVA,Hentai
50072,Just Disappear,1,403,2.0,0.0,2020-06-13,ja,Music,Drama
1411,VS Knight Lamune & 40 Fresh,6,2783,28.0,6.0,1997-05-21,ja,OVA,"Adventure, Comedy, Sci-Fi, Ecchi"
3002,Kaiji: Ultimate Survivor,26,339152,23.0,9745.0,2007-10-03,ja,TV,Suspense
39171,Sect,1,229,4.0,0.0,2014-06-30,ja,Music,UNKNOWN
3180,Manga Aesop Monogatari (TV),52,534,15.0,1.0,1983-10-10,ja,TV,"Comedy, Fantasy"
13807,Corpse Party: Missing Footage,1,138217,11.0,183.0,2012-08-02,ja,OVA,Horror
3573,Moegaku★5,40,1222,7.0,0.0,2008-01-14,ja,TV,UNKNOWN
8154,Spooky Kitarou: The Strongest Ghost Army! Landing in Japan!!,1,869,49.0,0.0,1986-07-12,ja,Movie,"Adventure, Comedy, Fantasy, Horror, Supernatural"
1052,Ten Tokyo Warriors,3,2073,26.0,2.0,1999-07-23,ja,OVA,"Action, Adventure, Supernatural"
35639,Just Because!,12,294560,23.0,1404.0,2017-10-05,ja,TV,"Drama, Romance"
1333,Noozles,26,1059,25.0,3.0,1984-07-07,ja,TV,"Adventure, Comedy, Fantasy"
15809,The Devil is a Part-Timer!,13,1504983,24.0,10849.0,2013-04-04,ja,TV,"Comedy, Fantasy"
7530,Hana to Chou,1,996,9.0,0.0,1954-10-01,ja,Movie,Fantasy
49861,Unison,1,2178,4.0,15.0,2021-08-11,ja,Music,UNKNOWN
287,Baki the Grappler,24,130653,25.0,781.0,2001-01-09,ja,TV,Sports
1109,Monster Extra: Hottan,1,10903,24.0,15.0,2004-09-21,ja,Special,"Drama, Mystery, Suspense"
3517,New Hal & Bons,9,422,6.0,0.0,2006-05-27,ja,OVA,"Comedy, Slice of Life"
31506,Kappa no Ude,1,245,5.0,0.0,2009-01-01,ja,Movie,Fantasy
17074,Monogatari Series: Second Season,26,647556,25.0,23021.0,2013-07-07,ja,TV,"Comedy, Mystery, Romance, Supernatural"
43426,Taimanin Asagi Spinoff Story,1,3239,18.0,17.0,2020-10-30,ja,OVA,"Supernatural, Hentai"
40936,ORESUKI Are you the only one who loves me? - Our Playball / Our End Run / Our Game,1,114511,70.0,302.0,2020-09-02,ja,OVA,"Comedy, Romance"
39239,Sword Art Online: Alicization - Recollection,1,42216,24.0,67.0,2019-02-17,ja,Special,"Action, Adventure, Fantasy"
30437,Wakakozake,12,39792,2.0,128.0,2015-07-05,ja,TV,"Gourmet, Slice of Life"
31880,B Who I Want 2 B,1,1950,3.0,3.0,2015-10-13,ja,Music,UNKNOWN
22295,Juuza Engi: Engetsu Sangokuden - Gaiden Youzhou Genya,1,4824,25.0,5.0,2014-11-28,ja,OVA,"Fantasy, Romance"
28809,Macross Fufonfia Specials,3,1092,3.0,0.0,2013-12-25,ja,Special,Comedy
12165,Niji no Kanata e! Shoujo Diana Monogatari,1,738,23.0,1.0,1986-05-01,ja,Special,UNKNOWN
1398,Macross Dynamite 7,4,13303,30.0,16.0,1997-12-18,ja,OVA,"Action, Adventure, Comedy, Sci-Fi"
13331,Jormungand Season 2: Perfect Order,12,185208,24.0,717.0,2012-10-10,ja,TV,"Action, Adventure"
5927,Star Cat Fullhouse,4,1360,30.0,4.0,1989-06-16,ja,OVA,"Comedy, Romance, Sci-Fi"
37984,"So I'm a Spider, So What?",24,401291,23.0,4035.0,2021-01-08,ja,TV,"Action, Adventure, Comedy, Fantasy, Mystery"
2746,Vexille,1,18694,109.0,23.0,2007-08-18,ja,Movie,"Action, Sci-Fi"
7697,Great Conquest: Romance of Three Kingdoms,1,734,148.0,0.0,1993-03-20,ja,Movie,Action
3281,Kinnikuman: Kinnikusei Oui Soudatsu-hen,46,3494,24.0,20.0,1991-10-06,ja,TV,"Action, Comedy, Sports"
32859,Boku wa Kimi wo Warawanai,1,347,3.0,0.0,2013-11-02,ja,Music,UNKNOWN
4822,Pendant,3,880,32.0,0.0,1997-08-21,ja,OVA,Erotica
5014,Sango Shou Densetsu: Aoi Umi no Elfie,1,1873,72.0,0.0,1986-05-19,ja,Movie,"Adventure, Sci-Fi"
9883,Osomatsu-kun (1988),86,6097,24.0,27.0,1988-02-13,ja,TV,Comedy
417,Ragnarok the Animation,26,48600,24.0,118.0,2004-04-07,ja,TV,"Action, Fantasy"
23171,Mahou Shoujo wa Kiss Shite Kawaru,1,2627,26.0,2.0,2014-08-22,ja,OVA,Hentai
8357,Himitsukessha Taka no Tsume The Movie 3: http://takanotsume.jp wa Eien ni,1,560,95.0,0.0,2010-01-16,ja,Movie,Comedy
24627,Yamada-kun to 7-nin no Majo: Mou Hitotsu no Suzaku-sai,2,93248,30.0,61.0,2014-12-17,ja,OVA,"Comedy, Romance"
35589,Katana Maidens: Toji no Miko,24,77602,23.0,237.0,2018-01-05,ja,TV,"Action, Fantasy"
11661,Robo to Shoujo (Kari),9,2099,1.0,2.0,2010-06-16,ja,ONA,"Action, Comedy, Sci-Fi"
1096,Mobile Police Patlabor 2: The Movie,1,35180,113.0,729.0,1993-08-07,ja,Movie,"Award Winning, Drama, Mystery, Sci-Fi"
3547,Kochira Katsushikaku Kameari Kouenmae Hashutsujo The Movie 2: UFO Shuurai! Tornado Daisakusen!!,1,1330,100.0,0.0,2003-12-20,ja,Movie,"Action, Comedy, Mystery"
1271,Very Private Lesson,2,5035,39.0,7.0,1998-04-21,ja,OVA,"Comedy, Romance, Ecchi"
10260,Legend of the Heroes: Trails in the Sky,2,16739,42.0,38.0,2011-10-10,ja,OVA,"Action, Adventure, Fantasy"
7016,Valkyria Chronicles: Theater,9,11546,3.0,3.0,2009-08-05,ja,Special,Comedy
2414,Assemble Insert,2,4289,29.0,7.0,1989-12-21,ja,OVA,"Comedy, Sci-Fi"
2987,Ginga Hyouryuu Vifam,46,4327,25.0,24.0,1983-10-21,ja,TV,"Action, Adventure, Sci-Fi"
3667,Strike Witches,12,166984,24.0,1063.0,2008-07-04,ja,TV,"Action, Sci-Fi, Ecchi"
3004,Saint Beast: Ikusen no Hiru to Yoru-hen,2,3781,25.0,6.0,2005-12-17,ja,OVA,Fantasy
53076,Hololive Summer 2022,4,1231,3.0,4.0,2022-08-06,ja,ONA,"Adventure, Comedy"
51078,11:08,1,324,2.0,0.0,2012-11-07,ja,ONA,UNKNOWN
8363,Crayon Shin-chan Movie 11: Arashi wo Yobu Eikou no Yakiniku Road,1,4737,90.0,7.0,2003-04-19,ja,Movie,"Action, Adventure, Comedy"
24275,Medamayaki no Kimi Itsu Tsubusu?,4,1141,18.0,1.0,2014-08-05,ja,Special,"Comedy, Gourmet"
42745,The Demon Girl Next Door 2,12,62338,24.0,320.0,2022-04-08,ja,TV,"Comedy, Fantasy"
35559,Seven Mortal Sins: This is Indeed the Work of Demons...,1,10251,23.0,5.0,2017-05-13,ja,Special,"Fantasy, Ecchi"
44218,Swallowed Star,26,6162,22.0,95.0,2020-11-29,ja,ONA,"Action, Adventure, Fantasy, Sci-Fi"
1936,"Don't Leave Me Alone, Daisy",12,1915,24.0,5.0,1997-07-03,ja,TV,"Comedy, Romance, Sci-Fi"
36761,Osomatsu-san Short Film Series 2nd Season,4,2237,5.0,4.0,2018-01-26,ja,Special,Comedy
49948,Kono Kaisha... Nanika Okashii!,2,2473,16.0,1.0,2021-09-17,ja,ONA,Hentai
38313,The Royal Tutor Movie,1,22826,60.0,40.0,2019-02-16,ja,Movie,Comedy
2921,Tomorrow's Joe 2,47,47761,24.0,2436.0,1980-10-13,ja,TV,"Drama, Sports"
40106,Collapse Zen,1,331,2.0,0.0,2014-10-26,ja,ONA,Avant Garde
40297,Tele◯Potion,1,221,4.0,0.0,2014-02-14,ja,Music,"Adventure, Avant Garde"
1006,Tenchi Muyo! In Love,1,23364,94.0,46.0,1996-04-20,ja,Movie,"Action, Comedy, Romance, Sci-Fi"
34106,RIN-NE Season 3,25,22342,24.0,19.0,2017-04-08,ja,TV,"Comedy, Supernatural"
38029,Moom: The Story of the Beginning,1,276,3.0,0.0,2017-01-18,ja,Special,UNKNOWN
33884,Tokyu Plaza Ginza Open,1,328,0.2,0.0,2016-03-27,ja,Special,Slice of Life
13843,Wild Adapter,2,8018,28.0,9.0,2014-03-26,ja,OVA,"Action, Drama, Mystery"
42941,Uma Musume: Pretty Derby Season 2,13,45380,23.0,734.0,2021-01-05,ja,TV,Sports
33871,Estima: Sense of Wonder,13,695,0.2,1.0,2016-06-24,ja,ONA,"Comedy, Sci-Fi"
51885,"Pokémon Kids TV: Pikachu, Piplup and the Playful Clay!",1,421,8.0,1.0,2022-01-07,ja,ONA,UNKNOWN
8516,Baka & Test – Summon the Beasts 2,13,363034,24.0,1191.0,2011-07-08,ja,TV,"Comedy, Romance"
52558,Vivid Vice,1,1104,3.0,1.0,2021-01-29,ja,Music,Fantasy
42166,Violet Evergarden CM,2,4587,0.6,39.0,2016-05-27,ja,ONA,Fantasy
1024,Knight Hunters OVA,2,5556,30.0,25.0,1999-11-25,ja,OVA,"Action, Drama"
7540,Linebarrels of Iron,2,5202,23.0,1.0,2009-08-26,ja,Special,"Action, Comedy, Ecchi"
5356,Canaan,13,224024,23.0,895.0,2009-07-04,ja,TV,"Action, Sci-Fi, Supernatural"
51252,Spy Classroom,12,124632,25.0,667.0,2023-01-05,ja,TV,"Action, Fantasy, Mystery"
13091,Ojiichan ga Kaizoku Datta Koro,1,394,3.0,0.0,1968-01-01,ja,Movie,Comedy
2512,Detective Conan OVA 02: 16 Suspects,1,16460,25.0,10.0,2002-01-16,ja,OVA,"Adventure, Comedy, Mystery"
725,First Kiss Story,1,2900,31.0,1.0,2000-02-14,ja,OVA,"Drama, Romance"
8139,The New Adventures of Hutch the Honeybee,26,1060,25.0,2.0,1974-04-05,ja,TV,"Adventure, Comedy, Drama"
31980,My Wife is the Student Council President OVA,1,44909,10.0,20.0,2016-01-27,ja,OVA,"Comedy, Romance, Ecchi"
34669,Balala the Faries: Over the Rainbow,26,780,22.0,2.0,2017-05-09,ja,TV,Comedy
31908,"Ai think so,",1,987,4.0,0.0,2009-09-25,ja,Music,UNKNOWN
23303,A Journey to Hiroshima,1,528,31.0,1.0,1994-07-20,ja,OVA,"Drama, Slice of Life"
9736,Astarotte's Toy,12,142645,23.0,232.0,2011-04-11,ja,TV,"Comedy, Fantasy, Romance, Ecchi"
13435,Taka no Tsume NEO Announcement Movie,1,493,3.0,0.0,2012-03-14,ja,Special,Comedy
2482,Good Morning Althea,1,2121,52.0,1.0,1987-12-16,ja,OVA,"Action, Sci-Fi"
10113,Yokohama Meibutsu: Otoko Katayama-gumi!,2,614,49.0,0.0,1991-08-25,ja,OVA,Action
6368,Legend of Regios,3,10347,8.0,8.0,2009-03-27,ja,Special,UNKNOWN
1764,Slam Dunk (Movie),1,18914,30.0,20.0,1994-03-12,ja,Movie,Sports
1121,Pokémon: Jirachi — Wish Maker,1,95162,81.0,25.0,2003-07-19,ja,Movie,"Adventure, Comedy, Drama, Fantasy"
15391,Those Science Freaks,1,26575,25.0,134.0,2013-02-20,ja,OVA,"Comedy, Romance, Sci-Fi, Ecchi"
10405,Xi Avant,1,3299,3.0,0.0,2011-03-26,ja,Movie,"Adventure, Sci-Fi"
38217,"Wei, Kanjian Erduo La!",12,18192,3.0,99.0,2018-08-25,ja,ONA,"Boys Love, Comedy, Slice of Life"
37027,Love Live! Sunshine!! The School Idol Movie: Over the Rainbow,1,42562,100.0,289.0,2019-01-04,ja,Movie,Slice of Life
1501,Kaleido Star: Good da yo! Goood!!,1,6985,26.0,8.0,2006-09-27,ja,OVA,Comedy
1558,Sex Demon Queen,1,3912,29.0,13.0,2000-06-25,ja,OVA,"Comedy, Fantasy, Hentai"
1170,Slayers: The Book of Spells,3,19194,29.0,21.0,1996-07-25,ja,OVA,"Adventure, Comedy, Fantasy"
10263,Sonic X Pilot,2,4270,3.0,15.0,2001-01-01,ja,Special,"Action, Adventure, Comedy, Sci-Fi"
35949,Mobile Suit Gundam Thunderbolt: Bandit Flower,1,13406,89.0,30.0,2017-11-18,ja,Movie,"Action, Drama, Sci-Fi"
8678,Sangokushi II: Amakakeru Otoko-tachi,1,776,90.0,2.0,1986-08-22,ja,Special,Action
19469,Saiki Kusuo no Ψ-nan (ONA),1,40547,16.0,111.0,2013-08-04,ja,ONA,"Comedy, Supernatural"
33618,Ozmafia!! Special,1,1944,4.0,2.0,2016-10-28,ja,Special,UNKNOWN
35891,Implicity,2,4853,21.0,22.0,2017-09-22,ja,OVA,Hentai
5395,Nekketsu Saikyou Go-Saurer,51,1507,23.0,8.0,1993-03-03,ja,TV,"Action, Sci-Fi"
52656,Ki-No-Ko,1,307,5.0,0.0,2001-01-01,ja,Movie,"Avant Garde, Horror"
21599,Fight Ippatsu! Juuden-chan!! OVA,1,3231,45.0,0.0,2014-01-25,ja,OVA,"Comedy, Sci-Fi, Ecchi"
50204,Tokyo 24th Ward,12,63409,24.0,204.0,2022-01-06,ja,TV,"Mystery, Sci-Fi"
51494,Template,1,1379,3.0,11.0,2022-03-31,ja,Music,Mystery
1206,Spring and Chaos,1,8415,56.0,37.0,1996-12-14,ja,Movie,"Drama, Slice of Life"
4461,Kouchou-sensei to Kujira,1,2200,2.0,1.0,2007-01-01,ja,Movie,Drama
336,Ginyuu Mokushiroku Meine Liebe,13,12782,24.0,29.0,2004-11-04,ja,TV,Fantasy
51535,Attack on Titan: The Final Season - Final Chapters,2,435672,61.0,9078.0,2023-03-04,ja,Special,"Action, Drama, Suspense"
4488,Keraku no Ou,3,2056,28.0,6.0,2002-07-18,ja,OVA,Hentai
18827,Hello Kitty in The Sleeping Princess,1,662,35.0,0.0,1991-07-20,ja,Movie,Fantasy
6586,Yume-iro Pâtissière,50,79132,24.0,1097.0,2009-10-04,ja,TV,Gourmet
10965,Kagaku Bouken-tai Tansar 5,34,527,24.0,0.0,1979-07-27,ja,TV,"Adventure, Mystery, Sci-Fi, Supernatural"
5492,Platonic Chain: Web,1,923,15.0,2.0,2003-09-14,ja,Special,"Sci-Fi, Slice of Life"
43467,Ajisai no Chiru Koro ni,1,8439,16.0,77.0,2021-01-29,ja,ONA,Hentai
50581,The Magic Chef of Ice and Fire,52,2386,18.0,20.0,2021-12-11,ja,ONA,"Action, Adventure, Fantasy"
8921,Believe,1,1173,11.0,5.0,2008-04-03,ja,Music,Action
45999,Fire Force Mini Anime,30,10987,1.0,22.0,2021-01-08,ja,ONA,Comedy
42490,Hawk no Onayami Soudanshitsu,39,958,0.5,0.0,2019-08-01,ja,ONA,Comedy
9910,Shokichi Monogatari,1,366,5.0,0.0,2009-11-11,ja,Music,UNKNOWN
10013,Shouwa Monogatari (Movie),1,1657,96.0,1.0,2011-01-29,ja,Movie,Drama
40823,Ni Zhuan Ci Yuan: AI Jue Qi,12,968,17.0,3.0,2019-11-05,ja,ONA,"Action, Adventure, Fantasy, Sci-Fi"
30045,Shin Saru Kani Gassen,1,638,11.0,1.0,1939-01-01,ja,Movie,Drama
48736,My Dress-Up Darling,12,937222,23.0,18867.0,2022-01-09,ja,TV,Romance
15119,Senran Kagura: Ninja Flash,12,132710,24.0,278.0,2013-01-06,ja,TV,"Action, Comedy, Ecchi"
3731,ItaKiss,25,275035,24.0,2919.0,2008-04-05,ja,TV,"Comedy, Romance"
19961,Heisei Tensai Bakabon,46,774,25.0,3.0,1990-01-06,ja,TV,"Comedy, Slice of Life"
10679,Maria†Holic: Run Run Riru Ran Ran Rara,1,4248,1.0,3.0,2011-04-28,ja,Music,Comedy
37047,Imouto sae Ireba Ii. (ONA) Specials,2,13592,2.0,9.0,2018-01-26,ja,Special,Comedy
622,Sandglass of Summer Colors,2,8656,30.0,5.0,2004-05-21,ja,OVA,"Drama, Romance, Sci-Fi"
17743,Maoyu: There's More to this Story than Useless Flesh!,1,24797,23.0,20.0,2013-03-09,ja,Special,"Adventure, Fantasy, Romance"
42074,"Gon, the Little Fox",1,733,28.0,0.0,2020-02-28,ja,Movie,Drama
29073,Tottori U-turn,1,388,0.5,0.0,2014-12-11,ja,Special,Sports
2920,Ashita no Joe (Movie),1,5863,153.0,5.0,1980-03-08,ja,Movie,"Action, Drama, Sports"
3354,Zombie-Loan,2,28452,23.0,19.0,2008-04-25,ja,Special,"Action, Horror, Supernatural"
33506,Blue Exorcist: Kyoto Saga,12,727784,24.0,1570.0,2017-01-07,ja,TV,"Action, Fantasy"
35505,Velvet Underworld: Alternative,1,437,3.0,1.0,2007-01-01,ja,Music,Action
42168,BIGOTRE Capture Mission,3,300,0.4,0.0,2020-04-06,ja,ONA,UNKNOWN
9242,Nine: Original-ban,1,1019,70.0,0.0,1983-09-16,ja,Movie,"Romance, Sports"
19235,"Dance, Dance, Dance",1,945,4.0,0.0,2012-01-01,ja,Music,Fantasy
1496,Miyuki-chan in Wonderland,2,12168,14.0,7.0,1995-06-21,ja,OVA,"Comedy, Fantasy, Girls Love, Ecchi"
42423,Date A Bullet: Nightmare or Queen,1,66783,29.0,294.0,2020-11-13,ja,Movie,"Action, Sci-Fi"
1399,Macross 7 Encore,3,9108,24.0,6.0,1995-12-18,ja,OVA,"Action, Comedy, Drama, Sci-Fi"
53598,Vapor Trail,1,459,35.0,1.0,2021-08-30,ja,Movie,"Action, Girls Love"
18495,Chronicles of the Going Home Club,12,49715,23.0,116.0,2013-07-05,ja,TV,"Comedy, Slice of Life"
2211,Jumping,1,4825,3.0,5.0,1984-06-01,ja,Movie,Adventure
48568,"Tooi Kimi ni, Boku wa Todokanai",2,3897,20.0,10.0,2021-03-26,ja,OVA,Hentai
8246,Naruto Shippuden the Movie 4: The Lost Tower,1,244752,85.0,217.0,2010-07-31,ja,Movie,"Action, Adventure, Fantasy"
3228,Zoku Sayonara Zetsubou Sensei,13,129152,23.0,492.0,2008-01-06,ja,TV,Comedy
9520,Zero Tester,38,941,24.0,2.0,1973-10-01,ja,TV,"Action, Adventure, Sci-Fi"
10424,Ona x2,1,2426,15.0,0.0,2011-02-25,ja,OVA,Hentai
35241,Konohana Kitan,12,148892,23.0,655.0,2017-10-04,ja,TV,"Fantasy, Girls Love, Slice of Life"
40540,Sword Art Online: Alicization - War of Underworld Part 2,11,573556,24.0,3099.0,2020-07-12,ja,TV,"Action, Adventure, Fantasy"
5324,Night Shift Nurses: Kranke,3,4675,27.0,7.0,2005-05-27,ja,OVA,Hentai
1765,Vampire Wars,1,4360,55.0,4.0,1990-12-01,ja,OVA,Supernatural
13835,Marimo no Hana: Saikyou Butouha Shougakusei Densetsu,1,4436,11.0,2.0,2012-03-18,ja,OVA,Action
23351,Cat Eyed Boy,25,977,25.0,0.0,1976-04-01,ja,TV,"Adventure, Horror, Supernatural"
16169,Ai-Mai-Mi,13,29815,3.0,39.0,2013-01-03,ja,TV,"Comedy, Slice of Life"
776,Nanaka 6/17,12,9245,25.0,12.0,2003-01-09,ja,TV,"Comedy, Drama, Romance, Slice of Life"
53094,Rebellion,1,497,2.0,0.0,2022-09-19,ja,Music,Action
6670,Symphony in August,1,1679,112.0,0.0,2009-08-22,ja,Movie,UNKNOWN
25283,Sky Wizards Academy,12,249764,23.0,333.0,2015-07-09,ja,TV,"Action, Drama, Fantasy"
17947,Magical Girl Lyrical Nanoha Reflection,1,13333,111.0,34.0,2017-07-22,ja,Movie,"Action, Drama, Sci-Fi"
5299,Coffee Tadaiku,1,907,2.0,0.0,2011-01-01,ja,Movie,Slice of Life
748,"True Love Story Summer Days, and yet...",3,4958,25.0,4.0,2003-09-26,ja,OVA,Romance
36737,Real Erogame Situation!,2,14184,27.0,82.0,2018-01-26,ja,OVA,Hentai
5581,"Kaitei Daisensou: Ai no 20,000 Miles",1,687,73.0,2.0,1981-01-03,ja,Special,"Action, Adventure"
7162,Yaruki Manman,3,861,39.0,2.0,1989-08-25,ja,OVA,"Comedy, Hentai"
5052,8 Man,56,1868,25.0,3.0,1963-11-07,ja,TV,"Action, Drama, Sci-Fi"
37873,BanG Dream! Garupa☆Pico,26,20998,3.0,138.0,2018-07-05,ja,ONA,Comedy
10764,Queen Meets Orc,1,6397,24.0,17.0,2011-08-26,ja,OVA,"Fantasy, Supernatural, Hentai"
30132,Etsuraku no Tane The Animation,1,5853,22.0,18.0,2015-04-03,ja,OVA,Hentai
34118,Pride,1,456,2.0,0.0,2015-10-29,ja,ONA,Slice of Life
415,My Neighbors the Yamadas,1,45565,103.0,103.0,1999-07-17,ja,Movie,"Award Winning, Comedy, Slice of Life"
3565,Tales of Seduction,1,1383,44.0,1.0,1991-12-27,ja,OVA,"Romance, Hentai"
46102,Odd Taxi,13,389378,23.0,7653.0,2021-04-06,ja,TV,"Award Winning, Mystery"
19401,Kuusou no Soratobu Kikai-tachi,1,2047,6.0,1.0,2002-01-01,ja,Movie,UNKNOWN
40530,Bottom-Tier Character Tomozaki,12,340459,23.0,1804.0,2021-01-08,ja,TV,"Drama, Romance"
29419,Pokemon XY: New Year's Eve 2014 Super Mega Special,1,4151,48.0,0.0,2014-12-31,ja,Special,"Action, Adventure, Comedy, Fantasy"
8394,Cyborg 009,26,6275,24.0,12.0,1968-04-05,ja,TV,"Action, Adventure, Sci-Fi"
11499,Sankarea: Undying Love,12,594580,24.0,2610.0,2012-04-06,ja,TV,"Comedy, Horror, Romance, Supernatural, Ecchi"
8348,Tengen Toppa Gurren Lagann: Parallel Works 2,7,22563,5.0,13.0,2010-05-26,ja,Music,UNKNOWN
41689,Alice or Alice Recap,1,567,3.0,0.0,2018-06-27,ja,Special,Slice of Life
13669,Owari no Chronicle,1,3561,0.6,5.0,2012-04-01,ja,Special,"Action, Adventure, Fantasy, Sci-Fi"
2952,Final Fantasy VII: Advent Children Complete,1,129410,126.0,757.0,2009-04-16,ja,OVA,"Action, Fantasy"
593,Infinite Ryvius,26,43084,23.0,321.0,1999-10-06,ja,TV,"Award Winning, Drama, Sci-Fi"
36910,Wu Geng Ji Zhi Tianqi,42,3310,16.0,10.0,2017-12-29,ja,ONA,"Action, Fantasy, Supernatural"
42135,Pokemon Advanced Generation Planetarium: Tenkuu Kara no Chousen,1,590,30.0,0.0,2004-07-17,ja,Movie,"Action, Adventure, Comedy, Fantasy"
40136,Oda Cinnamon Nobunaga,12,20366,23.0,44.0,2020-01-11,ja,TV,"Comedy, Slice of Life"
42603,My Hero Academia: Make It! Do-or-Die Survival Training,2,167683,23.0,178.0,2020-08-16,ja,ONA,Action
1245,Twilight Of The Dark Master,1,10403,45.0,16.0,1998-01-21,ja,OVA,"Action, Drama, Horror, Sci-Fi, Supernatural"
22165,Chirico,1,732,4.0,0.0,2008-04-01,ja,Movie,Avant Garde
2753,Who's Left Behind?,1,12466,90.0,30.0,1991-03-09,ja,Movie,Drama
41454,Eizouken Mini Anime,13,4485,1.0,5.0,2020-01-08,ja,ONA,Comedy
3551,Dragon Rider,2,2168,28.0,1.0,1995-10-27,ja,OVA,Hentai
17963,"Tetsuwan Atom: Kagayakeru Hoshi - Anata wa Aoku, Utsukushii...",1,1152,20.0,0.0,2004-02-07,ja,Movie,Sci-Fi
11809,gdgd Fairies,12,5562,13.0,69.0,2011-10-13,ja,TV,Comedy
1332,The Elven Bride,2,3400,26.0,4.0,1995-07-25,ja,OVA,"Fantasy, Hentai"
7459,The Collected Animations of ICAF (2001-2006),16,425,5.0,0.0,2006-01-01,ja,OVA,"Fantasy, Mystery"
23199,Durarara!! x2 Shou,12,468938,24.0,978.0,2015-01-10,ja,TV,"Action, Mystery, Supernatural"
3724,Taiko Drum Master,26,1111,4.0,9.0,2005-04-04,ja,TV,UNKNOWN
16664,The Tale of the Princess Kaguya,1,216423,137.0,2420.0,2013-11-23,ja,Movie,"Award Winning, Fantasy"
1967,Mobile Suit Zeta Gundam: A New Translation - Heir to the Stars,1,12574,94.0,5.0,2005-05-28,ja,Movie,"Award Winning, Drama, Sci-Fi"
36033,Kagirohi: Shaku Kei - Another,4,5284,17.0,11.0,2017-10-27,ja,OVA,Hentai
7083,Hakushaku to Yousei Specials,6,8826,3.0,7.0,2008-12-29,ja,Special,"Adventure, Fantasy"
10112,Alexander's Decision,1,713,45.0,1.0,2003-06-01,ja,OVA,UNKNOWN
29657,Stone,1,726,7.0,0.0,1975-01-01,ja,Movie,Avant Garde
4489,Septem Charm Magical Kanan: SP Summer Camp,2,2016,28.0,1.0,2002-08-25,ja,OVA,Hentai
48742,"Don't Hurt Me, My Healer!",12,53045,23.0,146.0,2022-04-10,ja,TV,"Adventure, Comedy, Fantasy"
48962,Xie Wang Zhui Qi 3: Shen Nu Guilai,16,4572,20.0,29.0,2021-09-29,ja,ONA,"Drama, Fantasy, Romance"
2230,Flower Angel,50,5453,24.0,20.0,1979-02-09,ja,TV,"Adventure, Drama"
9525,Dr. Junod,1,910,64.0,0.0,2010-05-11,ja,Movie,Drama
2589,Black Cat Special,1,21534,24.0,24.0,2006-07-26,ja,Special,"Action, Adventure, Comedy, Sci-Fi"
38044,Bouken no Susume,1,283,3.0,0.0,2013-10-26,ja,Music,UNKNOWN
20587,Daddy Long-Legs,1,957,60.0,0.0,1979-10-10,ja,Special,"Comedy, Drama"
34489,Cinderella Girls Gekijou: 5-shuunen Kinen Short Anime,1,2002,3.0,0.0,2016-11-28,ja,ONA,Comedy
100,Prétear: The New Legend of Snow White,13,62156,23.0,409.0,2001-04-04,ja,TV,"Comedy, Drama, Fantasy, Romance"
2618,Treasure Island,26,19358,24.0,259.0,1978-10-08,ja,TV,"Adventure, Drama, Mystery"
1353,The Urotsuki,3,3914,40.0,4.0,2002-05-03,ja,OVA,"Adventure, Fantasy, Horror, Hentai"
16756,Kuiba: Shiwanhuoji,1,1145,90.0,0.0,2011-07-08,ja,Movie,"Action, Adventure, Fantasy"
2216,Shigurui: Death Frenzy,12,118882,23.0,883.0,2007-07-19,ja,TV,"Action, Drama"
44073,Ni Zhenshi Ge Tiancai,24,922,10.0,2.0,2022-04-23,ja,ONA,"Comedy, Fantasy"
52575,I'm Your Treasure Box: Anata wa Marine Senchou wo Takarabako kara Mitsuketa.,1,3232,4.0,30.0,2022-07-30,ja,Music,Ecchi
8855,Eiyuu Gaiden Mozaicka,4,1549,29.0,1.0,1991-11-21,ja,OVA,Fantasy
217,New Angel,5,3175,33.0,11.0,1994-10-21,ja,OVA,"Comedy, Drama, Romance, Hentai"
1181,Ruin Explorers Fam & Ihrie,4,8938,29.0,13.0,1995-06-25,ja,OVA,"Action, Adventure, Comedy, Fantasy"
54745,Twisted-Wonderland 3rd Anniversary PV,1,447,1.0,0.0,2023-03-17,ja,ONA,Supernatural
2055,Coo: Tooi Umi kara Kita Coo,1,2539,116.0,6.0,1993-12-19,ja,Movie,"Adventure, Drama, Mystery, Slice of Life"
27789,Yodaka no Hoshi (Music),1,1184,3.0,2.0,2014-10-01,ja,Music,"Drama, Fantasy, Slice of Life"
36517,Batman Ninja,1,55250,85.0,103.0,2018-06-15,ja,Movie,Action
9228,Wan Wan Chuushingura,1,1231,81.0,4.0,1963-12-21,ja,Movie,"Action, Adventure, Drama, Fantasy"
20973,World Conquest Zvezda Plot,12,141933,24.0,333.0,2014-01-12,ja,TV,"Action, Comedy, Fantasy"
32695,The Little Match Girl,1,1032,1.0,2.0,2016-02-10,ja,ONA,UNKNOWN
32503,"Kemeko Deluxe!: Izumi-chan, Fukenkou yo! (Kari)",1,1575,1.0,1.0,2008-12-26,ja,Special,Ecchi
5539,Blassreiter: Navi,1,4228,18.0,1.0,2008-06-22,ja,Special,"Action, Sci-Fi"
3559,Stringendo,12,16285,27.0,147.0,2006-01-27,ja,OVA,Hentai
22789,Barakamon,12,638276,22.0,12576.0,2014-07-06,ja,TV,Slice of Life
39675,Ling Cage,6,4949,30.0,34.0,2019-07-13,ja,ONA,"Action, Drama, Horror, Sci-Fi, Suspense"
42295,Fushigi Dagashiya: Zenitendou,1,1589,10.0,3.0,2020-09-08,ja,TV,Mystery
39196,Welcome to Demon School! Iruma-kun,23,450731,23.0,3952.0,2019-10-05,ja,TV,"Comedy, Fantasy"
1387,Night Shift Nurses,10,12161,28.0,79.0,2000-12-08,ja,OVA,Hentai
2075,Kiko-chan Smile,51,1297,25.0,0.0,1996-10-05,ja,TV,"Adventure, Comedy, Slice of Life"
15291,Maiden Rose Specials,2,8139,5.0,13.0,2009-05-29,ja,Special,"Boys Love, Erotica"
35076,Juni Taisen: Zodiac War,12,281568,24.0,647.0,2017-10-03,ja,TV,Action
1166,Sakura Wars 2: Return of the Spirit Warriors,6,4715,30.0,9.0,1999-12-18,ja,OVA,"Adventure, Sci-Fi, Slice of Life"
5578,Gosho Aoyama's Collection of Short Stories,7,5966,20.0,8.0,1999-03-17,ja,Special,"Adventure, Comedy, Mystery"
41917,Bureau of Paranormal Investigation,12,4525,24.0,14.0,2020-08-07,ja,ONA,"Action, Adventure, Supernatural, Suspense"
48467,S-ke ni Totsuida M-jou no Nichijou,2,2000,15.0,3.0,2021-03-12,ja,ONA,Hentai
42486,Shadowverse Recaps,3,863,24.0,0.0,2020-06-30,ja,Special,Fantasy
36489,Beachside Lover,1,339,3.0,0.0,2016-09-05,ja,Music,UNKNOWN
40158,Shinrabanshou.mp3,1,387,0.5,0.0,2018-02-22,ja,Special,Avant Garde
21649,Mitsuwano,1,4855,28.0,1.0,2014-03-12,ja,OVA,Slice of Life
32518,Shoujo kara Shoujo e...,2,8321,17.0,25.0,2016-02-12,ja,OVA,Hentai
35851,Maquia: When the Promised Flower Blooms,1,403624,114.0,6995.0,2018-02-24,ja,Movie,"Drama, Fantasy"
2931,Mokke,24,15092,24.0,30.0,2007-10-03,ja,TV,"Mystery, Slice of Life, Supernatural"
10073,The Qwaser of Stigmata II,12,133784,24.0,126.0,2011-04-12,ja,TV,"Action, Supernatural, Ecchi"
52289,Rent-a-Girlfriend Season 2: Date Movie,12,5674,1.0,21.0,2022-05-25,ja,ONA,"Comedy, Romance"
34382,Citrus,12,495327,23.0,3739.0,2018-01-06,ja,TV,"Drama, Girls Love, Romance"
5084,Mai-Mai Miracle,1,15243,95.0,21.0,2009-08-15,ja,Movie,"Adventure, Award Winning, Drama"
22447,Hello Kitty in Momotaro,1,651,15.0,2.0,2001-10-26,ja,OVA,Fantasy
17681,Leviathan: The Last Defense,13,27951,20.0,37.0,2013-04-06,ja,TV,"Comedy, Fantasy"
3232,Bannou Bunka Neko-Musume Specials,2,1911,23.0,1.0,1999-08-01,ja,Special,"Action, Adventure, Comedy, Sci-Fi"
36828,Caligula,12,75187,23.0,107.0,2018-04-08,ja,TV,"Action, Sci-Fi"
51514,Hisui (Music),1,189,4.0,0.0,2021-11-19,ja,Music,UNKNOWN
37243,Kataribe Jinkou Chinou ga Tsubuyaku Noroi no Yogen,1,677,1.0,0.0,2018-02-02,ja,ONA,"Horror, Suspense"
12419,Guilty Crown Locus: Reassortment,1,38196,48.0,39.0,2012-01-03,ja,Special,"Action, Sci-Fi"
35667,Ame no Ten Ten,1,414,2.0,0.0,1985-06-03,ja,Music,UNKNOWN
7625,Fairy Dick,26,697,20.0,5.0,1992-06-07,ja,TV,Fantasy
37690,Fure! Fure! Daijoubu!,1,230,4.0,0.0,2010-10-01,ja,Music,UNKNOWN
23237,"Love, Chunibyo & Other Delusions: Heart Throb Specials",7,67913,3.0,44.0,2014-03-19,ja,Special,Comedy
35805,THE IDOLM@STER CINDERELLA GIRLS Theater,2,2594,2.0,0.0,2017-06-28,ja,Special,"Comedy, Slice of Life"
36474,Sword Art Online: Alicization,24,991983,24.0,7036.0,2018-10-07,ja,TV,"Action, Adventure, Fantasy"
1992,Hyper Speed GranDoll,3,2164,29.0,2.0,1997-08-23,ja,OVA,"Action, Comedy"
39570,High Score Girl II,9,130005,23.0,833.0,2019-10-26,ja,TV,Comedy
18457,Hanasaka Jijii,1,1150,6.0,0.0,1917-08-26,ja,Movie,"Comedy, Drama"
34015,Seikatsu Shidou!! Anime Edition,2,5935,14.0,16.0,2016-10-07,ja,OVA,Hentai
2033,Tamala 2010: A Punk Cat in Space,1,10216,90.0,61.0,2002-10-19,ja,Movie,"Avant Garde, Comedy, Sci-Fi"
19351,Nijiiro☆Prism Girl,4,3644,12.0,3.0,2013-08-03,ja,OVA,"Comedy, Romance"
10202,Kamen Rider Den-O: Imagin Anime 3,12,851,4.0,1.0,2010-10-21,ja,OVA,"Action, Adventure, Comedy"
859,Digimon Data Squad,48,85683,23.0,312.0,2006-04-02,ja,TV,"Adventure, Comedy, Drama, Fantasy"
3069,Be Forever Yamato,1,3651,148.0,8.0,1980-08-02,ja,Movie,"Action, Adventure, Drama, Sci-Fi"
611,Platonic Chain,24,4598,6.0,21.0,2002-10-05,ja,TV,"Sci-Fi, Slice of Life"
35999,Dia Horizon (Kabu),12,5030,3.0,5.0,2017-10-03,ja,TV,"Action, Adventure, Fantasy"
33145,Detective Conan: Chase the Mysterious Comet Monster!,1,3044,14.0,1.0,2001-11-09,ja,OVA,Mystery
233,Daa! Daa! Daa!,78,24641,25.0,249.0,2000-03-28,ja,TV,"Comedy, Sci-Fi"
753,Doctor Shameless,2,5610,26.0,12.0,2003-05-25,ja,OVA,Hentai
34423,Spring has come!,1,288,0.7,1.0,2016-04-04,ja,ONA,UNKNOWN
51482,Generic Riot!!,1,248,3.0,0.0,2022-03-15,ja,Music,"Action, Sports"
42091,Attack on Titan: Chronicle,1,81015,120.0,224.0,2020-07-17,ja,Movie,"Action, Drama"
28979,To LOVE Ru Darkness 2,12,251281,23.0,963.0,2015-07-07,ja,TV,"Comedy, Romance, Sci-Fi, Ecchi"
50515,Artiswitch Picture Drama,5,1203,5.0,4.0,2021-12-03,ja,ONA,"Slice of Life, Supernatural"
259,Happy☆Lesson,5,11553,30.0,14.0,2001-07-19,ja,OVA,"Comedy, Romance"
16143,"One Piece: Emergency Planning, A Perfect Strategy for the One Piece",1,17268,24.0,11.0,1999-12-22,ja,Special,"Action, Adventure, Fantasy"
1008,Ranma ½: Yomigaeru Kioku,2,18513,30.0,30.0,1994-12-16,ja,OVA,"Comedy, Drama, Romance"
3266,Ai Yori Aoshi: Enishi - Miyuki,1,17784,15.0,15.0,2003-12-31,ja,Special,"Comedy, Drama, Romance, Ecchi"
36529,THE IDOLM@STER SideM: 315 Variety Pack! Made In Passion!,1,2936,25.0,4.0,2018-06-27,ja,Special,UNKNOWN
1917,Mobile Suit Gundam MS IGLOO: The Hidden One Year War,3,15407,27.0,14.0,2004-07-19,ja,OVA,Sci-Fi
38068,Pop Team Epic Kinen,1,5943,2.0,5.0,2018-06-14,ja,ONA,Sports
14893,"So, I Can't Play H! Episode 13",1,63977,24.0,29.0,2013-03-29,ja,OVA,"Comedy, Romance, Ecchi"
10122,Kowarekake no Orgel Special,1,10097,8.0,2.0,2010-12-24,ja,Special,"Drama, Sci-Fi, Slice of Life"
49112,Amemiya-san,3,871,1.0,1.0,2021-03-09,ja,ONA,Comedy
44410,Knights on Debris,7,1399,23.0,5.0,2020-12-30,ja,ONA,"Action, Fantasy, Sci-Fi"
718,If I See You in My Dreams,16,7326,7.0,8.0,1998-11-30,ja,TV,"Comedy, Drama, Romance, Slice of Life"
30652,Long Riders!,12,27279,23.0,61.0,2016-10-08,ja,TV,"Comedy, Slice of Life, Sports"
29994,Misato-chan no Yume Nikki,1,717,55.0,1.0,1999-07-30,ja,OVA,Hentai
41842,Shin Tennis no Ouji-sama: Hyoutei vs. Rikkai - Game of Future,2,3023,48.0,14.0,2021-02-13,ja,ONA,Sports
51579,Domination! All the World Is an Ocean,1,245,2.0,0.0,2021-09-18,ja,Music,UNKNOWN
39208,100% Renewable Energy,1,603,2.0,0.0,2012-03-01,ja,Special,UNKNOWN
40811,A Black Cat,1,318,2.0,0.0,2015-01-01,ja,Movie,Avant Garde
33797,ID-0,12,20741,24.0,21.0,2017-04-09,ja,TV,Sci-Fi
3272,Kinnikuman,137,11770,24.0,83.0,1983-04-03,ja,TV,"Adventure, Comedy, Sports"
40245,Mitaiken Horizon,1,3565,8.0,8.0,2019-09-25,ja,Music,UNKNOWN
36404,"Attakai, Fuyu Canada",1,1807,0.5,3.0,2017-09-25,ja,ONA,Slice of Life
299,.hack//Liminality,4,33019,33.0,34.0,2002-06-20,ja,OVA,Mystery
1654,Girl Meets Girl,1,15197,26.0,15.0,2006-10-27,ja,OVA,"Comedy, Drama, Girls Love, Romance"
1215,Mobile Suit Gundam SEED C.E.73: Stargazer,3,22809,15.0,41.0,2006-07-14,ja,ONA,Sci-Fi
37277,Beatless Intermission,4,12037,24.0,15.0,2018-02-17,ja,Special,"Action, Drama, Romance, Sci-Fi"
22735,Oreca Battle,51,2521,11.0,3.0,2014-04-07,ja,TV,UNKNOWN
51863,The Strongest Male Hero Ever,48,856,8.0,0.0,2022-06-05,ja,ONA,"Action, Fantasy"
10139,21 Seiki Manga Hajimete Monogatari,1,628,30.0,2.0,2001-03-30,ja,Special,"Adventure, Comedy, Sci-Fi"
37178,Kiratto Pri☆chan,51,5659,24.0,43.0,2018-04-08,ja,TV,Slice of Life
3567,Renzu: The Distance Between the Two,1,1367,28.0,0.0,2000-10-08,ja,OVA,Hentai
38855,Yuu Kiri,1,261,3.0,0.0,2015-08-05,ja,Music,UNKNOWN
8995,Tales of Symphonia The Animation: Sekai Tougou-hen,3,23815,39.0,54.0,2011-11-23,ja,OVA,"Action, Adventure, Fantasy"
8704,Uchuu Hikoushi no Uta,1,627,2.0,0.0,2003-12-03,ja,Music,Fantasy
9409,D-1 Devastator,2,1267,45.0,3.0,1992-12-11,ja,OVA,Sci-Fi
40966,Ling Jian Zun 3rd Season,40,2381,10.0,6.0,2019-12-24,ja,ONA,"Action, Adventure, Fantasy, Romance"
42832,Tales of Crestoria: The Wake of Sin,1,3114,14.0,3.0,2020-10-18,ja,Special,"Adventure, Fantasy"
51233,Darkroom,1,273,2.0,1.0,2022-03-11,ja,Music,Avant Garde
1064,Mazinkaiser,7,10425,30.0,63.0,2001-09-25,ja,OVA,"Adventure, Comedy, Sci-Fi"
51200,Ami no Monomane 150 Renpatsu,1,473,2.0,0.0,2009-04-30,ja,Special,Comedy
32526,Love Live! Sunshine!!,13,176870,24.0,2954.0,2016-07-02,ja,TV,Slice of Life
9761,You're My Love Prize,2,20355,43.0,90.0,2012-02-29,ja,OVA,"Action, Boys Love, Drama, Erotica"
3425,Meiken Lassie,25,1683,25.0,1.0,1996-01-14,ja,TV,"Adventure, Slice of Life"
8643,Dance Till Tomorrow,2,1940,42.0,5.0,1991-07-25,ja,OVA,"Comedy, Drama, Romance, Ecchi"
1952,Night Warriors: Darkstalkers' Revenge,4,18294,43.0,46.0,1997-03-21,ja,OVA,"Action, Adventure, Drama, Fantasy, Supernatural"
12397,Original Video Romance Animation,2,689,25.0,0.0,1984-11-30,ja,OVA,"Comedy, Hentai"
29923,Fukusuke,1,794,18.0,1.0,1957-10-29,ja,Movie,UNKNOWN
8548,Dr. Slump and Arale-chan: Hoyoyo!! Follow the Rescued Shark...,1,1345,25.0,0.0,1994-03-12,ja,Movie,"Comedy, Sci-Fi"
14175,Hanasaku Iroha the Movie: Home Sweet Home,1,87936,66.0,96.0,2013-03-09,ja,Movie,Drama
2689,Zillion: Burning Night,1,1514,47.0,1.0,1988-06-21,ja,OVA,"Action, Adventure, Sci-Fi"
14349,Little Witch Academia,1,305068,26.0,1320.0,2013-03-02,ja,Movie,"Adventure, Comedy, Fantasy"
37598,Phantom in the Twilight,12,46511,23.0,92.0,2018-07-10,ja,TV,"Action, Supernatural"
40727,Out of My Mind,1,406,6.0,1.0,2016-01-01,ja,Movie,Avant Garde
36157,Zettai 15-byou Animation!,1,1605,16.0,8.0,2017-08-04,ja,Movie,"Avant Garde, Comedy"
14211,Instant History,312,893,3.0,10.0,1961-05-01,ja,TV,UNKNOWN
49941,Gundam UC x Nike SB,1,571,0.8,3.0,2021-09-21,ja,ONA,UNKNOWN
50673,Pokémon: The Arceus Chronicles,4,7607,18.0,10.0,2022-01-21,ja,ONA,"Action, Adventure, Comedy, Fantasy"
28143,Madame Butterfly's Illusion,1,960,12.0,0.0,1940-05-16,ja,Movie,Drama
39294,Study,1,238,2.0,0.0,2008-10-28,ja,Music,UNKNOWN
537,Tekken: The Motion Picture,2,15933,28.0,19.0,1998-01-21,ja,OVA,"Action, Adventure, Sci-Fi"
8247,Bleach the Movie: Hell Verse,1,205290,94.0,435.0,2010-12-04,ja,Movie,"Action, Adventure, Fantasy"
31158,Hetalia: The World Twinkle Specials,3,7639,5.0,7.0,2015-10-28,ja,Special,Comedy
38701,aaH / Hee,1,753,2.0,1.0,2014-01-01,ja,Movie,Avant Garde
2174,Fist of the North Star: Raoh Side Story Fierce Fighting Arc,1,9832,89.0,21.0,2007-04-28,ja,Movie,"Action, Adventure, Romance"
2385,One Piece: Django's Dance Carnival,1,40174,6.0,27.0,2001-03-03,ja,Movie,"Comedy, Fantasy"
52973,The Café Terrace and Its Goddesses,12,67687,23.0,325.0,2023-04-08,ja,TV,"Comedy, Romance, Ecchi"
3744,Crayon Shin-chan Movie 10: Arashi wo Yobu Appare! Sengoku Daikassen,1,5075,95.0,12.0,2002-04-20,ja,Movie,"Award Winning, Drama, Romance"
35581,Oide yo! Mizuryuu Kei Land,2,17487,16.0,174.0,2017-08-25,ja,OVA,Hentai
17987,Keroppi in Robin Hood,1,513,29.0,0.0,1994-01-21,ja,OVA,Fantasy
5868,Spring Song,1,1569,3.0,1.0,1931-01-01,ja,Movie,UNKNOWN
4081,Natsume's Book of Friends,13,519303,24.0,15221.0,2008-07-08,ja,TV,"Drama, Slice of Life, Supernatural"
40959,Jitaku Keibiin 2,8,5967,16.0,4.0,2020-03-27,ja,OVA,Hentai
41445,Sasurai Zou-san,1,356,1.0,0.0,2006-01-01,ja,Movie,Avant Garde
7810,A Feather Stare at the Dark,1,1436,17.0,8.0,2003-01-01,ja,Movie,Avant Garde
4361,Grenadier: Hohoemi no Senshi Specials,6,6364,1.0,1.0,2005-01-28,ja,Special,"Comedy, Ecchi"
1404,Virgin Touch,2,2269,30.0,3.0,2002-05-24,ja,OVA,Hentai
32844,Love Will Find the Way Back Home,1,338,3.0,0.0,2014-09-25,ja,Music,UNKNOWN
5612,TriAngle,2,1093,30.0,0.0,1998-08-14,ja,OVA,Hentai
2259,Dr. Rin ni Kiitemite!,51,4488,24.0,13.0,2001-03-05,ja,TV,"Comedy, Fantasy, Romance"
50840,Pokémon Kids TV: Good Night Rowlet,1,540,2.0,2.0,2022-01-14,ja,ONA,Comedy
2418,Sword of the Stranger,1,322226,103.0,2929.0,2007-09-29,ja,Movie,"Action, Adventure"
10257,Pretty Rhythm: Aurora Dream,51,21414,23.0,176.0,2011-04-09,ja,TV,Sports
41851,The Girl and the Monster,5,965,1.0,0.0,2019-07-26,ja,ONA,"Comedy, Horror"
22255,The Bride Stripped Bare by Her Bachelors,1,959,3.0,0.0,1972-01-01,ja,Movie,Avant Garde
45196,God of Ten Thousand Realms,54,2756,9.0,35.0,2020-12-21,ja,ONA,"Adventure, Fantasy, Romance"
278,Viewtiful Joe,51,11499,20.0,32.0,2004-10-02,ja,TV,"Action, Comedy, Sci-Fi"
1395,Future GPX Cyber Formula Sin,5,2714,30.0,15.0,1998-12-21,ja,OVA,"Drama, Sci-Fi"
2760,The Ideon: A Contact,1,4401,85.0,1.0,1982-07-10,ja,Movie,"Drama, Sci-Fi"
2565,Jungle Taitei: Susume Leo!,26,2713,25.0,11.0,1966-10-05,ja,TV,Adventure
1938,Super Atragon,2,2065,50.0,1.0,1995-12-21,ja,OVA,"Action, Adventure, Fantasy, Sci-Fi"
601,Cat Soup,1,76315,32.0,932.0,2001-02-21,ja,OVA,"Avant Garde, Award Winning, Comedy"
2521,Haja Kyosei G Dangaiou,13,3067,24.0,3.0,2001-04-06,ja,TV,"Action, Sci-Fi"
3913,Ogre Slayer,4,3089,29.0,2.0,1994-09-09,ja,OVA,Action
1629,The Devil Lady,26,23962,24.0,102.0,1998-10-10,ja,TV,"Action, Drama, Horror"
32739,JRA Hokan Keikaku,3,3378,0.2,5.0,2012-06-15,ja,ONA,Action
9391,Ginga Hyouryuu Vifam 13,26,766,24.0,1.0,1998-03-21,ja,TV,"Action, Adventure, Sci-Fi"
40700,Shikijou Kyoudan,2,7460,16.0,46.0,2020-03-06,ja,OVA,Hentai
245,Great Teacher Onizuka,43,788251,25.0,25287.0,1999-06-30,ja,TV,Comedy
51684,Cue! Short Anime,12,759,3.0,1.0,2019-09-07,ja,ONA,Comedy
34544,Kabaneri of the Iron Fortress: The Battle of Unato,1,124653,82.0,245.0,2019-05-10,ja,Movie,"Action, Drama, Fantasy, Horror"
10294,Towanoquon: The Ephemeral Petals,1,77267,48.0,133.0,2011-06-18,ja,Movie,"Action, Sci-Fi, Supernatural"
36775,I'm Joybo,12,7669,21.0,21.0,2017-11-09,ja,ONA,"Drama, Romance, Slice of Life"
50784,Hotaru wa Inakatta,1,252,3.0,1.0,2022-01-09,ja,Music,Slice of Life
10105,Bavi Stock,2,1290,46.0,0.0,1985-12-10,ja,OVA,"Action, Adventure, Fantasy, Sci-Fi"
36783,Girls & Panzer: Dai 63-kai Senshadou Zenkoku Koukousei Taikai Recap,1,5380,122.0,3.0,2017-11-11,ja,ONA,Action
35143,Yoshida no Matsue Beauty Daisakusen Prologue,1,430,2.0,0.0,2017-03-16,ja,ONA,Comedy
50239,Moon Effect,1,507,6.0,2.0,2021-05-26,ja,Music,"Romance, Supernatural"
34618,BLEND-S,12,636259,23.0,2931.0,2017-10-08,ja,TV,Comedy
36010,Heartful Maman The Animation,1,10189,25.0,50.0,2017-10-27,ja,OVA,Hentai
1633,Princess 69,4,6908,31.0,36.0,2002-10-25,ja,OVA,Hentai
38963,Ano Hi Mita Hana no Namae wo Bokutachi wa Mada Shiranai.: Menma e no Tegami,1,24257,12.0,29.0,2012-02-22,ja,Special,"Comedy, Drama"
37973,Maerchen Maedchen,2,6023,23.0,2.0,2019-04-25,ja,Special,Fantasy
4555,Milf Mansion,2,5196,27.0,5.0,2007-12-07,ja,OVA,Hentai
3802,Sex Craft,2,3699,28.0,2.0,2003-10-25,ja,OVA,"Supernatural, Hentai"
48488,Higurashi: When They Cry – SOTSU,15,104539,23.0,722.0,2021-07-01,ja,TV,"Avant Garde, Horror, Mystery, Supernatural, Suspense"
10380,Oni Chichi: Re-birth,1,34946,28.0,129.0,2011-04-28,ja,OVA,Hentai
32015,Ajin OVA,2,44678,21.0,29.0,2016-05-06,ja,OVA,"Action, Horror, Mystery, Supernatural"
38771,WEGO GRAPHICS,2,294,0.3,0.0,2017-10-07,ja,Special,UNKNOWN
2991,Harumi-chan no Oita,1,3205,23.0,4.0,2001-03-16,ja,OVA,Hentai
21073,PUCHIM@S 2,74,8542,2.0,12.0,2014-04-01,ja,ONA,"Comedy, Slice of Life"
4452,Hoshikuzu Paradise,1,1027,41.0,0.0,1991-07-25,ja,OVA,"Comedy, Romance"
31872,Yukidaruma Kazoku,1,261,2.0,0.0,2014-12-01,ja,Music,UNKNOWN
19919,Tesagure! Bukatsumono,12,11899,11.0,55.0,2013-10-06,ja,TV,Slice of Life
32293,Kerorinpasu,1,501,1.0,0.0,2011-02-14,ja,ONA,UNKNOWN
22497,Hello Kitty no Kaguya-hime,1,889,28.0,1.0,1993-09-21,ja,OVA,Fantasy
18295,Valvrave the Liberator 2nd Season,12,91786,24.0,199.0,2013-10-10,ja,TV,"Action, Sci-Fi"
53257,Roshutsu-kei Mahou Joshi Daisei Christhea,1,1725,20.0,3.0,2022-12-23,ja,OVA,Hentai
32212,Ensemble Stars!,24,45959,23.0,650.0,2019-07-07,ja,TV,UNKNOWN
2692,CB Character: Nagai Gou World,3,3448,44.0,20.0,1991-02-21,ja,OVA,"Action, Comedy"
3526,Magic Woman M,2,2328,28.0,4.0,1997-01-21,ja,OVA,"Adventure, Fantasy, Hentai"
23753,Kishin Houkou Demonbane (TV) Specials,2,1274,6.0,0.0,2006-08-25,ja,Special,"Sci-Fi, Supernatural"
38993,Teasing Master Takagi-san 2,12,315942,23.0,2303.0,2019-07-07,ja,TV,Comedy
17086,Little Dino Dooly (1988),7,473,15.0,0.0,1988-05-05,ja,TV,UNKNOWN
10436,Animal Dance,1,1118,5.0,1.0,2009-06-09,ja,Movie,Avant Garde
50905,Tensai Ouji no Akaji Kokka Saisei Jutsu: Short Drama Specials,4,3046,3.0,8.0,2022-03-30,ja,Special,"Comedy, Slice of Life"
37143,Alphard x Taka no Tsume,3,550,3.0,3.0,2018-01-19,ja,ONA,UNKNOWN
53253,Berserk (Music),1,296,3.0,3.0,2015-10-31,ja,Music,UNKNOWN
6509,Kiteretsu Encyclopedia,331,5625,25.0,19.0,1988-03-27,ja,TV,"Comedy, Drama, Slice of Life"
2435,Bondage 101,2,3546,30.0,5.0,2004-02-13,ja,OVA,Hentai
1699,Romeo x Juliet,24,179712,24.0,1174.0,2007-04-05,ja,TV,"Drama, Fantasy, Romance"
41070,Gin no Yuri,1,563,1.0,1.0,2019-11-04,ja,Music,UNKNOWN
39917,Rusted Armors,12,5897,23.0,21.0,2022-01-09,ja,TV,Action
9794,Tono to Issho 1.5,1,772,4.0,0.0,2010-08-23,ja,OVA,Comedy
3036,Soar High! Isami,50,2425,25.0,12.0,1995-04-08,ja,TV,"Action, Adventure, Comedy, Romance"
4068,Shin Megami Tensei Devil Children: Light & Dark,52,2134,24.0,3.0,2002-10-05,ja,TV,"Action, Adventure, Fantasy, Sci-Fi, Supernatural"
51038,Fights Break Sphere: Origin,3,2601,29.0,33.0,2022-07-17,ja,ONA,"Action, Adventure, Fantasy, Romance"
2824,Barbapapa Around the World,50,1274,5.0,3.0,1999-07-05,ja,TV,"Adventure, Comedy"
14253,My Melody no Akazukin,1,613,33.0,0.0,1989-07-22,ja,Movie,Fantasy
1,Cowboy Bebop,26,1771505,24.0,78525.0,1998-04-03,ja,TV,"Action, Award Winning, Sci-Fi"
6463,The Day I Bought a Star,1,7669,16.0,5.0,2006-01-03,ja,Movie,Sci-Fi
19569,Junjou Shoujo Et Cetera,2,6642,21.0,14.0,2013-08-02,ja,OVA,Hentai
30947,Kurayami Santa,13,2840,3.0,5.0,2015-07-05,ja,TV,Supernatural
4513,Panda and the Magic Serpent,1,5578,79.0,7.0,1958-10-22,ja,Movie,"Adventure, Fantasy, Romance"
48606,Fastening Days 4,3,772,4.0,1.0,2019-12-05,ja,ONA,UNKNOWN
16345,Ninkuu: Knife no Bohyou,1,885,34.0,0.0,1994-10-01,ja,Special,"Action, Adventure, Comedy"
52199,One Piece: A Comprehensive Anatomy! The Legend of Kozuki Oden!,1,3481,24.0,1.0,2022-06-26,ja,Special,"Action, Adventure, Fantasy"
2026,Hayate the Combat Butler,52,221273,24.0,1583.0,2007-04-01,ja,TV,"Action, Comedy, Romance"
41099,Re-raise,1,1709,3.0,4.0,2020-01-20,ja,Music,UNKNOWN
3887,Big Windup! The Basics of Basics,1,13003,24.0,9.0,2008-02-27,ja,Special,"Drama, Sports"
21749,Kimama ni Idol,1,831,50.0,0.0,1990-02-25,ja,OVA,UNKNOWN
31978,Crayon Shin-chan: Fast Asleep! The Great Assault on the Dreaming World!,1,3062,96.0,4.0,2016-04-16,ja,Movie,Comedy
6980,Kaidan Restaurant,23,16011,19.0,48.0,2009-10-13,ja,TV,"Horror, Mystery, Supernatural"
24037,selector spread WIXOSS,12,76996,24.0,238.0,2014-10-04,ja,TV,UNKNOWN
36030,Yoiko no Rekishi Anime: Ookina Kabu (Kabu),1,754,8.0,0.0,2016-11-23,ja,Movie,Comedy
3580,Medical Humiliation,2,2526,27.0,6.0,2006-07-14,ja,OVA,Hentai
34494,Sakura Quest,25,145085,23.0,498.0,2017-04-06,ja,TV,"Comedy, Slice of Life"
42395,Burning Kabaddi,12,97288,23.0,743.0,2021-04-03,ja,TV,"Comedy, Sports"
48456,SK∞: Crazy Rock Jam,1,32560,23.0,272.0,2021-03-14,ja,Special,Sports
40960,Drug Store in Another World: The Slow Life of a Cheat Pharmacist,12,130485,23.0,591.0,2021-07-07,ja,TV,"Comedy, Fantasy"
10466,Phantom Yuusha Densetsu,1,890,50.0,0.0,1991-01-24,ja,OVA,"Action, Drama"
9310,Ryoujoku Famiresu Choukyou Menu,2,7407,27.0,26.0,2010-09-24,ja,OVA,Hentai
28881,Initial D Legend 2 Racer,1,28497,61.0,47.0,2015-05-23,ja,Movie,UNKNOWN
10954,Toei Robot Girls,1,2384,1.0,1.0,2011-07-02,ja,ONA,Sci-Fi
38488,Special Nu World,1,373,1.0,0.0,2018-10-16,ja,Music,UNKNOWN
14991,Harem Time The Animation,2,21997,26.0,101.0,2012-10-26,ja,OVA,Hentai
40209,Decent Work,1,325,7.0,0.0,2015-09-28,ja,ONA,Avant Garde
31738,Nanairo Kakumei,3,1487,1.0,2.0,2015-10-06,ja,Special,Comedy
36473,Love Live! Sunshine!! Recap,1,7012,23.0,8.0,2017-09-30,ja,Special,UNKNOWN
10807,My Ordinary Life Specials,25,19488,0.5,25.0,2011-06-24,ja,Special,Comedy
4760,Kanokon Specials,12,32206,2.0,24.0,2008-06-25,ja,Special,Ecchi
580,Scorched Bread,10,6295,4.0,34.0,2001-11-05,ja,TV,"Comedy, Gourmet"
8425,Gosick,24,527483,24.0,8106.0,2011-01-08,ja,TV,"Drama, Mystery, Romance"
34830,Dance with Devils: Fortuna,1,18865,61.0,46.0,2017-11-04,ja,Movie,"Fantasy, Romance"
130,Saiyuki Reload,25,34249,23.0,112.0,2003-10-02,ja,TV,"Action, Adventure, Comedy, Drama, Supernatural"
39116,L.O.R.D: Legend of Ravaging Dynasties,1,641,117.0,6.0,2016-09-30,ja,Movie,"Adventure, Fantasy"
7452,Mini Moni Yaru no da Pyon!,66,532,1.0,1.0,2001-06-04,ja,TV,Comedy
3817,Space Travelers,1,833,59.0,0.0,2000-06-23,ja,OVA,Sci-Fi
39931,Santa Company: Christmas no Himitsu,1,1256,65.0,0.0,2019-11-29,ja,Movie,Fantasy
10648,Mars,2,641,30.0,1.0,1994-06-10,ja,OVA,"Action, Sci-Fi"
4467,Universe,1,2260,4.0,1.0,2007-03-21,ja,Music,Fantasy
38976,Uneasiness and Triangle,1,387,3.0,0.0,2011-07-08,ja,ONA,Avant Garde
15021,Yuki no Taiyou Pilot,1,3090,4.0,0.0,1972-01-01,ja,Special,Drama
9352,Tenshi no Habataki Jun,1,761,30.0,0.0,2001-04-27,ja,OVA,Hentai
53077,Nijiyon Animation,12,10368,3.0,41.0,2023-01-06,ja,TV,Comedy
34642,Shingeki no Bahamut: Genesis - Short Story,2,26758,9.0,11.0,2016-12-28,ja,ONA,"Action, Adventure, Fantasy"
2227,Lady Lady!!,21,6472,23.0,33.0,1987-10-21,ja,TV,Drama
35672,Encouragement of Climb Season 3,13,24719,13.0,67.0,2018-07-03,ja,TV,"Adventure, Comedy, Slice of Life"
2941,Elysium,1,1446,86.0,1.0,2003-08-15,ja,Movie,"Action, Sci-Fi"
41176,Hitchcock,1,1252,3.0,2.0,2018-04-11,ja,Music,UNKNOWN
36214,Kase-san and Morning Glories,1,107594,58.0,1108.0,2018-06-09,ja,OVA,"Girls Love, Romance"
17635,Koitabi: True Tours Nanto,6,16884,7.0,9.0,2013-04-28,ja,Special,Romance
5116,Candy Boy Episode: EX01 - Mirai Yohouzu,1,26351,7.0,9.0,2008-08-13,ja,OVA,"Girls Love, Slice of Life"
975,Yokohama Kaidashi Kikou,2,38166,29.0,346.0,1998-05-21,ja,OVA,"Sci-Fi, Slice of Life"
3109,Mei King,4,2283,31.0,1.0,1999-10-29,ja,OVA,"Adventure, Comedy, Fantasy, Hentai"
19187,Fake Doll,1,1856,3.0,0.0,2012-08-27,ja,Music,UNKNOWN
48605,Fastening Days 3,3,838,3.0,1.0,2017-09-06,ja,ONA,UNKNOWN
41023,Theory of Negativity,1,475,3.0,0.0,2019-12-20,ja,Music,UNKNOWN
52454,UnAlive,1,503,5.0,0.0,2022-03-21,ja,Music,UNKNOWN
24455,Lord Marksman and Vanadis,13,344419,24.0,992.0,2014-10-04,ja,TV,"Adventure, Fantasy, Romance, Ecchi"
8966,Hamtaro: Ham-Ham Games,1,1547,40.0,1.0,2004-12-01,ja,OVA,"Adventure, Comedy"
31387,Aru Hi Inu no Kuni kara Tegami ga Kite,1,3118,11.0,2.0,2015-09-03,ja,OVA,Drama
496,Kamui no Ken,1,6829,132.0,20.0,1985-03-09,ja,Movie,"Adventure, Drama, Fantasy"
49873,Jiu Tian Xuan Di Jue,40,1692,9.0,6.0,2021-08-16,ja,ONA,"Adventure, Fantasy"
704,Kanon Kazahana,1,13615,20.0,3.0,2003-05-03,ja,Special,"Drama, Romance, Supernatural"
36377,Bokunchi no Chabo,1,264,2.0,0.0,1980-12-03,ja,Music,UNKNOWN
2528,Megami Paradise,2,3206,30.0,5.0,1995-06-07,ja,OVA,"Adventure, Fantasy, Ecchi"
4876,Run Melos!,1,6512,110.0,8.0,1992-06-25,ja,Movie,"Action, Adventure"
17249,Pretty Rhythm: Rainbow Live,51,12794,21.0,178.0,2013-04-06,ja,TV,Sports
89,Mobile Suit Victory Gundam,51,26469,24.0,136.0,1993-04-02,ja,TV,"Drama, Sci-Fi"
36963,IDOLiSH7 Vibrato,8,14684,14.0,96.0,2018-02-17,ja,ONA,Drama
38331,Stand My Heroes: Piece of Truth,12,25807,24.0,87.0,2019-10-07,ja,TV,"Mystery, Romance"
36649,Banana Fish,24,810399,22.0,28969.0,2018-07-06,ja,TV,"Action, Adventure, Drama, Suspense"
3315,Kikou Keisatsu Metal Jack,37,1357,22.0,1.0,1991-04-08,ja,TV,"Action, Sci-Fi"
36069,Echolocation,1,320,3.0,0.0,2014-01-28,ja,Music,UNKNOWN
864,Mobile Suit Gundam SEED MSV Astray,2,12423,7.0,9.0,2004-03-01,ja,OVA,Sci-Fi
21775,Shounen Sunday CM: Yugami-kun ni wa Tomodachi ga Inai,2,3272,0.5,7.0,2013-11-26,ja,ONA,"Comedy, Romance"
38290,Tokyo Cosmo,1,348,4.0,0.0,2015-10-27,ja,ONA,"Fantasy, Slice of Life"
42272,Karasu,1,238,4.0,0.0,1992-01-01,ja,Movie,Avant Garde
21295,Sore Ike! Anpanman: Tenohira wo Taiyou ni,1,379,55.0,1.0,1998-07-25,ja,Movie,"Comedy, Fantasy"
18085,Hello Kitty in Swan Princess,1,611,15.0,0.0,2001-09-21,ja,OVA,Fantasy
10521,Wagnaria!!2,13,257904,24.0,454.0,2011-10-01,ja,TV,Comedy
4492,Holy Sleazy School,1,3584,18.0,9.0,2007-06-25,ja,OVA,Hentai
5112,Akikan!,12,121846,23.0,136.0,2009-01-04,ja,TV,"Comedy, Fantasy, Romance, Ecchi"
54209,Minna to Manner wo Manabou,2,321,2.0,0.0,2016-02-09,ja,Movie,Comedy
19287,Reunion (Music),1,3122,5.0,1.0,2013-04-17,ja,Music,UNKNOWN
2030,El Cazador de la Bruja,26,52936,24.0,250.0,2007-04-03,ja,TV,"Adventure, Drama, Mystery"
795,Dear Brother,39,44274,25.0,983.0,1991-07-14,ja,TV,"Drama, Girls Love"
32476,Love Live! The School Idol Movie: Gekijou Manner CM,4,5331,1.0,8.0,2015-06-13,ja,Movie,Comedy
37546,Jirijiri Moyou no Ryuuryuu Tenten,1,366,1.0,0.0,2012-07-07,ja,ONA,Fantasy
26059,Samurai Hormone The Animation,1,3688,23.0,8.0,2014-10-03,ja,OVA,Hentai
18619,Girls & Panzer: This is the Real Anzio Battle!,1,46068,38.0,63.0,2014-07-25,ja,OVA,Sports
3583,Endless Serenade,1,2127,33.0,3.0,2000-04-14,ja,OVA,Hentai
5496,Storm Rider: Clash of the Evils,1,2452,99.0,2.0,2008-07-19,ja,Movie,"Action, Adventure"
43229,Godzilla Singular Point,13,64122,23.0,363.0,2021-04-01,ja,TV,"Action, Award Winning, Mystery, Sci-Fi"
15815,"Yakeato no, Okashi no Ki",1,533,45.0,0.0,2006-08-15,ja,Special,Drama
51955,Pokémon Kids TV: Moncolle Story,8,538,1.0,2.0,2018-03-30,ja,ONA,Comedy
31252,"Korekarasaki, Nando Anata to.",1,1285,4.0,0.0,2015-07-15,ja,Music,Slice of Life
52734,Mou Hasamazu ni wa Irarenai♥: Hoshi ni Onegai shitara Konnani Okkiku Nacchatta! Special,1,579,2.0,0.0,2014-02-28,ja,Special,Hentai
17379,Street Fighter II: Yomigaeru Fujiwara-Kyou - Toki wo Kaketa Fighter-tachi,1,2012,23.0,0.0,1995-03-29,ja,OVA,Action
3027,Fist of the North Star: The Legend of Yuria,1,8699,64.0,8.0,2007-02-23,ja,OVA,"Action, Adventure, Drama"
8783,Nezha Conquers The Dragon King,1,1051,58.0,5.0,1979-05-19,ja,Movie,UNKNOWN
12157,Busou Chuugakusei: Basket Army,5,6506,4.0,4.0,2011-12-22,ja,ONA,Action
1757,Di Gi Charat Christmas Special,1,3858,23.0,3.0,2000-12-17,ja,Special,Comedy
30985,Yamakoshi Mura no Mari to Sanbiki no Koinu,1,448,45.0,1.0,2006-04-26,ja,OVA,Drama
228,Hell Girl,26,347632,25.0,3082.0,2005-10-05,ja,TV,"Horror, Mystery, Supernatural"
10060,Sore Ike! Anpanman: Soratobu Ehon to Glass no Kutsu,1,431,60.0,0.0,1996-07-13,ja,Movie,"Comedy, Fantasy"
32895,Chijoku no Seifuku,2,9073,15.0,24.0,2016-05-20,ja,OVA,Hentai
33908,Yasoukyoku,1,359,3.0,0.0,2011-01-04,ja,Music,UNKNOWN
17012,Koukai Benjo The Animation,2,6853,26.0,29.0,2013-03-22,ja,OVA,"Drama, Hentai"
9963,Detective Conan Movie 15: Quarter of Silence,1,46293,109.0,53.0,2011-04-16,ja,Movie,"Adventure, Comedy, Mystery"
38999,Watashi ni Tenshi ga Maiorita! Special,1,29588,22.0,22.0,2019-05-24,ja,Special,"Comedy, Girls Love"
560,Soukyuu no Fafner: Dead Aggressor - Right of Left,1,15016,51.0,25.0,2005-12-30,ja,Special,"Action, Drama, Sci-Fi"
11483,Redline Pilot,1,10192,5.0,5.0,2009-01-12,ja,Special,UNKNOWN
2126,Yuu☆Yuu☆Hakusho: Eizou Hakusho II,4,12899,23.0,14.0,1995-12-16,ja,OVA,"Action, Adventure, Comedy, Supernatural"
32751,The Guardian Brothers,1,871,109.0,3.0,2016-01-01,ja,Movie,"Comedy, Fantasy"
9028,Edokko Boy: Gatten Tasuke,22,703,25.0,1.0,1990-10-19,ja,TV,"Comedy, Sports"
7488,Karo & Piyobupt: Imagination,1,793,4.0,0.0,1992-01-01,ja,Movie,Fantasy
10735,Planetes Picture Drama,9,2318,3.0,0.0,2009-09-25,ja,Special,"Comedy, Sci-Fi"
38837,Puso Ni Comi,20,1385,3.0,4.0,2019-01-08,ja,ONA,"Action, Comedy, Sci-Fi"
30211,Dancer of Vermicular,1,502,6.0,0.0,2004-01-01,ja,Movie,Avant Garde
31761,Serenade,1,809,4.0,1.0,1985-01-01,ja,Movie,"Avant Garde, Comedy"
18305,15 Sonyeon Uju Pyoryugi,1,568,78.0,1.0,1980-01-01,ja,Movie,"Action, Sci-Fi"
2081,Makeruna! Makendou,1,1561,26.0,2.0,1995-03-25,ja,OVA,Comedy
33220,Summer's Puke is Winter's Delight,1,953,2.0,1.0,2016-04-12,ja,Movie,Avant Garde
15359,Kyousou Giga (2012),5,27139,10.0,32.0,2012-08-31,ja,ONA,"Action, Fantasy"
6637,Eden of The East the Movie II: Paradise Lost,1,142622,92.0,116.0,2010-03-13,ja,Movie,"Mystery, Romance, Sci-Fi, Suspense"
42429,Ascendance of a Bookworm Season 3,10,136070,23.0,844.0,2022-04-12,ja,TV,Fantasy
6823,Omocha Bako Series Dai 3 Wa: Ehon 1936-nen,1,1419,7.0,1.0,1934-04-13,ja,Movie,Fantasy
33272,Nanocore 2016 Xinnian Tebie Ban,1,417,5.0,1.0,2016-02-04,ja,Music,UNKNOWN
21639,Yu-Gi-Oh! Arc-V,148,61892,24.0,485.0,2014-04-06,ja,TV,"Action, Fantasy"
38804,Kiratto Pri☆chan Season 2,51,2740,24.0,29.0,2019-04-07,ja,TV,"Comedy, Slice of Life"
3231,Gunslinger Girl: Il Teatrino,13,59571,25.0,111.0,2008-01-07,ja,TV,"Action, Drama, Sci-Fi"
11355,This Boy Can Fight Aliens,1,26406,28.0,72.0,2011-10-10,ja,OVA,"Action, Boys Love, Fantasy, Supernatural"
51036,Otome Game no Hametsu Flag shika Nai Akuyaku Reijou ni Tensei shiteshimatta... Voice Drama,7,1061,2.0,1.0,2020-04-05,ja,ONA,"Comedy, Fantasy"
41177,Parade,1,733,5.0,0.0,2019-03-11,ja,Music,UNKNOWN
38767,Cinderella Girls Gekijou: Climax Season,13,4463,3.0,3.0,2019-04-02,ja,TV,"Comedy, Slice of Life"
22835,Himegoto,13,120220,4.0,339.0,2014-07-07,ja,TV,"Comedy, Ecchi"
49830,Taishou Roman,1,813,2.0,2.0,2021-09-16,ja,Music,Romance
30859,Memory of Red,1,927,3.0,0.0,2004-01-01,ja,Movie,Avant Garde
21103,Utopia,1,7252,1.0,4.0,2014-02-26,ja,Music,UNKNOWN
9221,Kanzen Shouri Daiteiou,1,818,7.0,0.0,2001-12-22,ja,OVA,"Action, Adventure, Sci-Fi"
37623,Modest Heroes,3,25875,17.0,33.0,2018-08-24,ja,Movie,"Action, Adventure, Award Winning, Drama, Fantasy"
14235,Salad Land,1,431,4.0,0.0,2012-02-09,ja,ONA,Fantasy
22693,Lady Jewelpet,52,10877,25.0,93.0,2014-04-05,ja,TV,"Fantasy, Romance"
2465,Hummingbirds,4,2688,34.0,3.0,1993-09-01,ja,OVA,Comedy
5525,07-Ghost,25,208715,23.0,2087.0,2009-04-07,ja,TV,"Action, Fantasy"
34165,Deliciousness Explodes! One Piece,1,5907,0.2,5.0,2016-09-11,ja,Special,Comedy
37045,Imouto sae Ireba Ii. (ONA),6,13677,2.0,10.0,2017-10-08,ja,ONA,Comedy
1302,Adieu Galaxy Express 999,1,9158,130.0,21.0,1981-01-08,ja,Movie,"Adventure, Drama, Sci-Fi"
37369,Meow Meow Japanese History,32,661,9.0,1.0,2018-04-04,ja,TV,UNKNOWN
36056,Amaryllis,1,335,2.0,0.0,1968-02-07,ja,Music,UNKNOWN
39583,number24,12,58578,23.0,252.0,2020-01-08,ja,TV,Sports
1958,Wish,1,7715,5.0,4.0,1997-12-17,ja,Music,UNKNOWN
30205,Aoharu x Machinegun,12,215590,24.0,1313.0,2015-07-03,ja,TV,Sports
1517,Silent Möbius,26,14319,24.0,40.0,1998-04-07,ja,TV,"Action, Comedy, Drama, Fantasy, Horror, Romance, Sci-Fi"
1231,Saber Marionette J to X,26,14385,25.0,39.0,1998-10-06,ja,TV,"Action, Adventure, Comedy, Sci-Fi"
27441,Show By Rock!!,12,83163,24.0,361.0,2015-04-05,ja,TV,Comedy
12149,AKB0048,13,60635,23.0,663.0,2012-04-29,ja,TV,Sci-Fi
273,Someday's Dreamers,12,26391,24.0,33.0,2003-01-10,ja,TV,Slice of Life
55093,Lee's Detective Agency: A Holiday of Two Hours,1,717,9.0,0.0,2023-04-22,ja,ONA,"Comedy, Mystery"
53849,Naked Peak: Climb the Mountains of Madness,1,2086,4.0,9.0,2023-02-28,ja,Movie,UNKNOWN
53135,Shadowverse Flame Special Episode,1,413,24.0,0.0,2022-09-24,ja,Special,Fantasy
836,Sister Princess,26,24379,23.0,84.0,2001-04-04,ja,TV,"Comedy, Drama, Romance"
6227,Lovedol ~Lovely Idol~,1,2034,28.0,0.0,2007-03-28,ja,OVA,"Comedy, Drama, Ecchi"
16782,The Garden of Words,1,826383,46.0,6827.0,2013-05-31,ja,Movie,"Award Winning, Drama, Romance"
43568,Pokémon: Twilight Wings - The Gathering of Stars,1,6069,6.0,1.0,2020-11-05,ja,ONA,Fantasy
3507,Survival,1,3917,4.0,2.0,1999-05-19,ja,Music,"Avant Garde, Drama, Supernatural"
20431,Hozuki's Coolheadedness,13,127549,24.0,1236.0,2014-01-10,ja,TV,"Comedy, Fantasy"
45618,Dinosaur Biyori,26,2036,1.0,16.0,2021-04-04,ja,TV,Slice of Life
13333,Tari Tari,13,158315,24.0,541.0,2012-07-01,ja,TV,Slice of Life
39808,Non Non Biyori Nonstop,12,116200,24.0,908.0,2021-01-11,ja,TV,Slice of Life
9855,Shujii no Inbou,2,2236,27.0,3.0,2011-02-11,ja,OVA,Hentai
543,Vampire Hunter D: Bloodlust,1,178438,102.0,2108.0,2000-08-25,ja,Movie,"Action, Drama, Fantasy, Horror, Romance, Sci-Fi"
44254,Milabo,1,612,4.0,4.0,2020-07-13,ja,Music,UNKNOWN
54738,Sorcerous Stabber Orphen -Doom of Dragon's Sanctuary-,12,7547,23.0,29.0,2023-04-12,ja,TV,"Action, Adventure, Drama, Fantasy"
25389,Dragon Ball Z: Resurrection 'F',1,171198,107.0,129.0,2015-04-18,ja,Movie,"Action, Adventure, Comedy, Fantasy"
30919,Sora no Method: Aru Shoujo no Kyuujitsu★,1,9994,11.0,12.0,2015-07-24,ja,Special,"Comedy, Fantasy, Slice of Life"
111,Corrector Yui,52,15804,25.0,92.0,1999-04-09,ja,TV,"Adventure, Comedy, Sci-Fi"
23945,Magimoji Rurumo,12,72372,23.0,84.0,2014-07-09,ja,TV,"Comedy, Fantasy, Ecchi"
49052,Aoashi,24,184196,24.0,2800.0,2022-04-09,ja,TV,Sports
34766,Elsword: Ain-ui Gieog Animation,1,3071,4.0,2.0,2016-12-12,ja,ONA,"Action, Fantasy"
2749,Heisei Period Dog Tale Bow,40,1319,25.0,13.0,1993-10-14,ja,TV,"Adventure, Comedy"
22123,Inugami-san to Nekoyama-san,12,76902,3.0,114.0,2014-04-11,ja,TV,"Comedy, Girls Love"
49211,Gundam Breaker: Battlogue,6,4073,8.0,5.0,2021-10-19,ja,ONA,Action
41034,Meru,1,319,3.0,0.0,2015-05-12,ja,Music,UNKNOWN
2286,Little Nemo: Adventures in Slumberland,1,9960,94.0,31.0,1989-07-15,ja,Movie,"Adventure, Fantasy"
40171,The Lost Breakfast,1,470,6.0,2.0,2015-01-13,ja,ONA,Avant Garde
3579,Getter Robo,51,7765,25.0,21.0,1974-04-04,ja,TV,"Action, Sci-Fi"
39586,Cells at Work!!,8,258172,23.0,576.0,2021-01-09,ja,TV,Comedy
27741,Shounen Hollywood: Holly Stage for 50,13,6604,23.0,9.0,2015-01-10,ja,TV,Slice of Life
5278,Charge! Pappara Team,25,970,24.0,1.0,1998-10-03,ja,TV,"Action, Adventure, Comedy, Romance, Sci-Fi"
42776,Re:ZERO -Starting Life in Another World- Memory Snow PV,1,1389,2.0,3.0,2017-09-09,ja,ONA,"Comedy, Fantasy, Suspense"
8861,Yosuga no Sora,12,479861,25.0,2317.0,2010-10-04,ja,TV,"Drama, Romance, Erotica"
53330,The Circle Of Butterflies,1,267,4.0,0.0,2022-09-24,ja,Music,UNKNOWN
23383,D-Frag!*,1,63081,24.0,35.0,2014-09-22,ja,OVA,Comedy
13391,Expelled from Paradise,1,98376,103.0,303.0,2014-11-15,ja,Movie,"Action, Sci-Fi"
51240,Attack on Titan in 15 Minutes,1,1842,15.0,1.0,2020-12-02,ja,ONA,"Action, Drama, Fantasy, Mystery"
8782,Hiyoko Gumo,1,841,2.0,1.0,2009-08-01,ja,Music,Fantasy
10138,Manga Hajimete Omoshiro Juku,110,496,25.0,0.0,1989-02-04,ja,TV,Adventure
2108,MegaMan NT Warrior: Axess,51,17017,24.0,42.0,2003-10-04,ja,TV,"Action, Adventure, Comedy, Sci-Fi"
14529,Raiders of Galaxy,1,543,69.0,0.0,1982-12-18,ja,Movie,"Action, Sci-Fi"
28149,Japan Anima(tor)'s Exhibition,35,39933,8.0,130.0,2014-11-07,ja,ONA,"Action, Avant Garde, Fantasy, Sci-Fi, Supernatural, Ecchi"
50058,Yellow (Music),1,909,3.0,12.0,2018-11-03,ja,Music,UNKNOWN
29767,Minamo,1,417,2.0,0.0,2003-09-17,ja,Movie,UNKNOWN
44071,Carp Reborn 2nd Season,16,2387,19.0,11.0,2021-07-03,ja,ONA,"Action, Adventure, Fantasy"
41884,Ling Jian Zun 4th Season,1,2586,11.0,9.0,2020-09-08,ja,ONA,"Action, Adventure, Fantasy, Romance"
22393,Sora e,1,324,4.0,0.0,2005-02-04,ja,Music,Fantasy
32139,DušaN,1,1645,3.0,2.0,2015-04-25,ja,Music,Avant Garde
55004,Chillin' in My 30s after Getting Fired from the Demon King's Army Mini Anime Episode 0,1,1461,2.0,2.0,2023-01-03,ja,ONA,"Comedy, Fantasy"
6607,Superflat First Love,1,3627,3.0,1.0,2009-04-28,ja,Special,"Adventure, Fantasy"
40858,Psycho-Pass 3: First Inspector,3,89248,46.0,151.0,2020-03-27,ja,ONA,"Action, Mystery, Sci-Fi"
12123,Yurumates 3D,13,8228,3.0,6.0,2012-04-03,ja,TV,"Comedy, Slice of Life"
51614,Blue Orchestra,24,41087,25.0,176.0,2023-04-09,ja,TV,Drama
22763,The Garden of Sinners: Future Gospel - Extra Chorus,1,46978,32.0,38.0,2013-09-28,ja,Special,"Drama, Mystery, Supernatural"
32622,Hello Kitty no Oyayubi-hime,1,477,43.0,0.0,1990-07-21,ja,Movie,"Adventure, Fantasy"
10564,Korogashi Ryouta,3,533,41.0,1.0,1990-11-21,ja,OVA,"Action, Comedy, Hentai"
10213,Majikoi: Oh! Samurai Girls,12,295001,23.0,640.0,2011-10-02,ja,TV,"Comedy, Romance, Ecchi"
46735,Chocomatsu-san: Valentine's Day-hen,3,1425,4.0,5.0,2021-02-13,ja,ONA,Comedy
33904,Suntory Tennensui CMs,17,1251,0.3,0.0,2013-01-01,ja,Special,Slice of Life
13431,Himitsukessha Taka no Tsume NEO,38,602,5.0,1.0,2012-04-06,ja,TV,Comedy
18497,Yozakura Quartet: Hana no Uta,13,122308,23.0,424.0,2013-10-06,ja,TV,"Action, Comedy, Supernatural"
8287,SD Gundam Sangokuden Brave Battle Warriors,51,4711,12.0,3.0,2010-04-03,ja,TV,Action
37426,Sarazanmai,11,128147,22.0,1340.0,2019-04-12,ja,TV,"Action, Fantasy, Supernatural"
49519,Police in a Pod,13,50433,23.0,158.0,2022-01-05,ja,TV,"Comedy, Slice of Life"
18753,My Teen Romantic Comedy SNAFU OVA,1,260962,23.0,472.0,2013-09-19,ja,OVA,"Comedy, Romance"
37392,Amazing Pleasant Goat,1,311,86.0,0.0,2015-01-31,ja,Movie,"Adventure, Comedy"
20847,Seitokai Yakuindomo*,13,247596,23.0,584.0,2014-01-04,ja,TV,Comedy
4178,Dream Hazard,1,1462,27.0,2.0,1998-02-25,ja,OVA,Hentai
24179,Strobe Light,1,1247,5.0,8.0,2011-09-03,ja,Music,UNKNOWN
51234,Eternity Memories,1,793,49.0,2.0,2022-08-28,ja,Special,Fantasy
2804,Hana no Mahoutsukai Mary Bell,50,2976,24.0,11.0,1992-02-03,ja,TV,"Adventure, Fantasy"
47795,Immemorial Love For You 2nd Season,16,1500,14.0,34.0,2021-02-14,ja,ONA,"Action, Fantasy, Romance, Sci-Fi"
16331,Next A-Class,1,8484,6.0,6.0,2012-11-17,ja,ONA,"Action, Sci-Fi"
29645,Time,1,449,7.0,1.0,1963-01-01,ja,Movie,Avant Garde
26443,Triage X,10,158395,23.0,287.0,2015-04-09,ja,TV,"Action, Adventure, Ecchi"
9032,Inazuma Eleven: Saikyou Gundan Ogre Shuurai,1,30575,90.0,55.0,2010-12-23,ja,Movie,Sports
37594,Present,1,325,4.0,0.0,2016-01-01,ja,Music,UNKNOWN
326,Pet Shop of Horrors,4,65244,23.0,415.0,1999-03-02,ja,TV,"Horror, Mystery, Supernatural"
39736,Almanac Master,16,3408,23.0,6.0,2020-05-07,ja,ONA,"Action, Mystery, Supernatural"
318,Hand Maid May,10,29291,23.0,36.0,2000-07-26,ja,TV,"Comedy, Romance, Sci-Fi, Ecchi"
3370,Teacher's Pet,2,2232,27.0,0.0,2000-02-25,ja,OVA,"Romance, Hentai"
349,Magical Kanan,13,5660,24.0,7.0,2005-01-01,ja,TV,"Drama, Fantasy, Supernatural"
2556,Jungle Taitei (1989),52,4753,30.0,10.0,1989-10-12,ja,TV,"Adventure, Drama"
28911,Hidamari Sketch Recap,1,1536,43.0,0.0,2008-06-04,ja,Special,"Comedy, Slice of Life"
31918,Seraph of the Endless: Battle in Nagoya,4,54098,4.0,80.0,2015-12-25,ja,Special,Comedy
19,Monster,74,1013100,24.0,47235.0,2004-04-07,ja,TV,"Drama, Mystery, Suspense"
39212,Daruma-san ga Koronda,1,285,2.0,0.0,1978-08-01,ja,Music,Slice of Life
31587,Personal City,1,490,23.0,1.0,1990-01-01,ja,Movie,Avant Garde
199,Spirited Away,1,1760676,124.0,31139.0,2001-07-20,ja,Movie,"Adventure, Award Winning, Supernatural"
37771,Kiniitta Chitsu ni Ikinari Nakadashi OK na Resort-tou,2,4586,17.0,11.0,2017-09-20,ja,ONA,Hentai
10808,Mobile Suit Gundam AGE,49,31447,24.0,60.0,2011-10-09,ja,TV,"Action, Sci-Fi"
17563,Koutetsu no Vendetta Episode 0,1,652,20.0,0.0,2013-02-22,ja,ONA,"Action, Sci-Fi"
21027,The Fake,1,4544,100.0,13.0,2013-11-21,ja,Movie,"Drama, Suspense"
30450,Dr. Slump: Hoyoyo! Arale no Himitsu Dai Koukai da yo!!,1,1091,24.0,0.0,1999-09-15,ja,Special,"Comedy, Sci-Fi"
11919,Zoku Attacker You! Kin Medal e no Michi,52,1198,23.0,2.0,2008-01-01,ja,TV,"Romance, Sports"
570,Jin-Roh: The Wolf Brigade,1,168546,102.0,1796.0,2000-06-03,ja,Movie,"Award Winning, Drama, Romance"
25033,Chiisana Koi no Monogatari: Chichi to Sally Hatsukoi no Shiki,1,716,70.0,0.0,1984-03-20,ja,Special,"Romance, Slice of Life"
31266,Wall,1,549,7.0,1.0,1987-01-01,ja,Movie,Avant Garde
21487,Shin Dokonjou Gaeru,30,519,25.0,1.0,1981-09-07,ja,TV,"Comedy, Slice of Life"
21339,Psycho-Pass: The Movie,1,262211,113.0,537.0,2015-01-09,ja,Movie,"Action, Sci-Fi"
52527,After-School Emotion,1,258,2.0,0.0,2020-09-02,ja,Music,UNKNOWN
2593,The Garden of Sinners Chapter 1: Overlooking View,1,411636,50.0,2343.0,2007-12-01,ja,Movie,"Action, Mystery, Supernatural, Suspense"
3902,Spotlight,2,1838,30.0,0.0,2002-02-08,ja,OVA,Hentai
50307,TONIKAWA: Over The Moon For You Season 2,12,196220,23.0,2248.0,2023-04-08,ja,TV,"Comedy, Romance"
29701,Ni-hiki no Sanma (1968),1,545,13.0,0.0,1968-01-01,ja,Movie,Comedy
676,Refrain Blue,3,2505,30.0,1.0,2000-06-23,ja,OVA,"Drama, Romance"
33362,STARMYU Season 2,12,16550,24.0,70.0,2017-04-04,ja,TV,Slice of Life
36440,Ku Pao Ying Xiong,26,3668,13.0,6.0,2017-09-02,ja,ONA,"Action, Adventure, Fantasy"
1227,Shuten Doji - The Star Hand Kid,4,3407,50.0,2.0,1989-12-21,ja,OVA,"Horror, Sci-Fi, Supernatural"
30842,Nekota no Koto ga Kininatte Shikatanai. (ONA),4,1801,1.0,2.0,2015-04-07,ja,ONA,UNKNOWN
2999,The Phoenix: Chapter of Yamato,1,2645,48.0,3.0,1987-08-01,ja,OVA,Drama
5742,Space Cobra Pilot,1,2214,23.0,1.0,1981-12-31,ja,Special,"Action, Adventure, Sci-Fi"
39191,Wan Jie Shen Zhu,60,3170,9.0,14.0,2019-02-06,ja,ONA,"Adventure, Fantasy"
36525,Dorei-ku The Animation,12,60946,24.0,74.0,2018-04-13,ja,TV,"Drama, Suspense"
35790,The Rising of the Shield Hero,25,1497962,24.0,25354.0,2019-01-09,ja,TV,"Action, Adventure, Drama, Fantasy"
38034,Tiny Evil,4,17738,17.0,110.0,2018-09-28,ja,OVA,"Supernatural, Hentai"
3668,Telepathy Shoujo Ran,26,8969,24.0,4.0,2008-06-21,ja,TV,Fantasy
35335,Musasi-no,12,9881,3.0,16.0,2022-07-02,ja,TV,Comedy
37547,Onikiri Shoujo,1,476,1.0,0.0,2009-06-15,ja,ONA,Action
52540,New Start de Ready Go!,1,245,2.0,0.0,2022-01-05,ja,Music,UNKNOWN
24197,A Friend Who Was Good at Drawing,1,1092,4.0,3.0,2014-04-09,ja,Music,UNKNOWN
1565,Pokémon: Diamond and Pearl,191,140492,23.0,498.0,2006-09-28,ja,TV,"Action, Adventure, Comedy, Fantasy"
37922,KADO: The Right Answer – Beyond Information,1,2589,120.0,2.0,2018-05-21,ja,ONA,Sci-Fi
2127,Chouja Raideen,38,2393,25.0,8.0,1996-10-02,ja,TV,"Action, Adventure, Sci-Fi"
3755,World's Famous Stories for Children: Thumb Princess,1,1082,64.0,1.0,1978-03-18,ja,Movie,Fantasy
19523,Fuurinkanzan,1,3330,25.0,4.0,2013-08-30,ja,OVA,Hentai
3618,Moyashimon: Kin Gekijou Deluxe,4,6171,5.0,2.0,2007-12-21,ja,Special,Comedy
32747,Fake Style II,1,547,3.0,1.0,2014-08-01,ja,Music,UNKNOWN
28593,"I Couldn't Become a Hero, So I Reluctantly Decided to Get a Job. Specials",5,12891,1.0,9.0,2014-01-31,ja,Special,Comedy
33761,Qui Shui Yi Yun,12,1231,11.0,0.0,2015-07-16,ja,ONA,"Horror, Mystery, Supernatural"
2634,Doraemon: Doraemon Comes Back,1,2983,21.0,5.0,1981-01-03,ja,Special,"Comedy, Fantasy, Sci-Fi"
6303,Perman,54,3810,25.0,13.0,1967-04-02,ja,TV,"Adventure, Comedy"
50051,Abandon: 100 Nuki Shinai to Derarenai Fushigi na Kyoushitsu,1,3158,20.0,6.0,2022-03-11,ja,OVA,Hentai
3825,Dokaben,163,1169,25.0,5.0,1976-10-06,ja,TV,"Action, Sports"
1650,Star Blazers: The Quest for Iscandar,26,27265,25.0,211.0,1974-10-06,ja,TV,"Action, Adventure, Award Winning, Drama, Sci-Fi"
30334,Sleepy,1,452,5.0,0.0,1980-01-01,ja,Movie,Comedy
33082,Kingsglaive: Final Fantasy XV,1,58291,115.0,147.0,2016-07-09,ja,Movie,Action
8598,Yuki: Snow Fairy,1,1646,86.0,1.0,1981-08-09,ja,Movie,"Adventure, Fantasy"
37370,The Perfect World,1,10143,2.0,32.0,2018-02-22,ja,Music,UNKNOWN
38860,Bakumatsu Crisis,12,11990,24.0,14.0,2019-04-05,ja,TV,Action
5193,Shinjuku Shin-chan Patrol: Warui Otona ni Ki wo Tsukete,1,409,20.0,0.0,2008-08-01,ja,ONA,UNKNOWN
918,Gintama,201,1023068,24.0,57678.0,2006-04-04,ja,TV,"Action, Comedy, Sci-Fi"
5611,Ayatsuri Ningyou,2,1288,28.0,1.0,1999-08-22,ja,OVA,Hentai
31973,Mobile Suit Gundam Thunderbolt,4,53086,18.0,381.0,2015-12-25,ja,ONA,"Action, Drama, Sci-Fi"
3776,Go! Go! Itsutsugo Land,50,976,20.0,1.0,2001-04-14,ja,TV,UNKNOWN
2862,Tokineiro,2,4120,28.0,8.0,2004-07-30,ja,OVA,Hentai
2492,Touch 2: Sayonara no Okurimono,1,2241,80.0,1.0,1986-12-13,ja,Movie,"Drama, Romance, Sports"
51084,I Wanna,1,1477,3.0,3.0,2022-02-18,ja,Music,UNKNOWN
12401,The Chohjotai,1,1042,45.0,1.0,1991-06-27,ja,OVA,Action
838,Shadow Star Narutaru,13,35028,24.0,69.0,2003-07-07,ja,TV,"Drama, Suspense"
1867,Mighty Space Miners,2,2097,25.0,1.0,1994-11-11,ja,OVA,"Adventure, Sci-Fi"
6986,Kansen: Inyoku no Rensa,2,8081,28.0,11.0,2009-10-30,ja,OVA,Hentai
2313,Muumindani no Suisei,1,9853,72.0,40.0,1992-08-08,ja,Movie,"Adventure, Comedy, Fantasy"
30324,Dokuro the Ghost,1,1331,11.0,0.0,2015-03-04,ja,ONA,Supernatural
10045,Seishun Fuufu Monogatari: Koiko no Mainichi,2,721,50.0,2.0,1989-09-22,ja,OVA,"Comedy, Drama, Romance, Ecchi"
2802,Candy Candy: Candy's Summer Vacation,1,2709,18.0,3.0,1978-07-22,ja,Movie,"Drama, Slice of Life"
41011,Psychogram,1,734,3.0,4.0,2019-08-09,ja,Music,UNKNOWN
37786,Bloom Into You,13,320828,24.0,5966.0,2018-10-05,ja,TV,"Drama, Girls Love, Romance"
33142,Re:ZERO ~Starting Break Time From Zero~,11,72279,2.0,225.0,2016-04-08,ja,Special,Comedy
40746,Overflow,8,135358,7.0,1254.0,2020-01-06,ja,ONA,"Romance, Hentai"
22377,Wonder Momo,5,6844,7.0,6.0,2014-02-06,ja,ONA,Action
50284,Technoroid: Overmind,12,13138,24.0,77.0,2023-01-05,ja,TV,"Mystery, Sci-Fi"
31988,Sound! Euphonium 2,13,217015,23.0,3402.0,2016-10-06,ja,TV,Drama
5034,Corpse Princess: Kuro,12,75324,24.0,121.0,2009-01-01,ja,TV,"Action, Horror, Supernatural"
36790,Ling Yu 2nd Season,10,2483,14.0,2.0,2016-02-18,ja,ONA,Fantasy
4224,Toradora!,25,2121399,23.0,55666.0,2008-10-02,ja,TV,"Drama, Romance"
2602,Kenkou Zenrakei Suiei-bu Umishou,13,38368,25.0,92.0,2007-07-04,ja,TV,"Comedy, Sports, Ecchi"
22177,Madonna (Movie),1,1375,4.0,3.0,2005-01-01,ja,Movie,Avant Garde
5632,Momotaro the Undefeated,1,1547,11.0,0.0,1928-01-01,ja,Movie,Fantasy
32084,"Watashitachi, Luck Logic-bu!",12,4846,1.0,2.0,2016-01-09,ja,TV,Comedy
15785,Inazuma Eleven Go vs. Danball Senki W Movie,1,13085,90.0,16.0,2012-12-01,ja,Movie,"Action, Sports"
22057,Inari Kon Kon OVA,1,25815,23.0,10.0,2014-06-26,ja,OVA,"Comedy, Romance, Supernatural"
6425,Weiß Survive,16,20867,2.0,7.0,2009-06-06,ja,TV,"Comedy, Ecchi"
37126,Ninja Girl & Samurai Master: Anegawa and Ishiyama Arc,26,8676,3.0,4.0,2018-04-07,ja,TV,Comedy
12875,Victory Kickoff!!,39,26300,25.0,132.0,2012-03-26,ja,TV,Sports
7171,Oni,1,1961,7.0,3.0,1972-01-01,ja,Movie,"Award Winning, Supernatural"
13971,663114,1,3912,7.0,2.0,2011-09-01,ja,Movie,"Award Winning, Fantasy"
42248,Eizou (Kage),1,298,8.0,1.0,1987-01-01,ja,Movie,Avant Garde
426,Legend of the Crystals: Final Fantasy,4,15102,30.0,21.0,1994-03-21,ja,OVA,"Action, Adventure, Comedy, Fantasy"
49860,Umisea,4,3697,4.0,20.0,2021-09-15,ja,ONA,"Adventure, Comedy, Slice of Life"
42194,Katarina to Manabou,9,5722,0.7,3.0,2020-05-10,ja,ONA,Comedy
50240,White Cat Legend Season 2,12,921,27.0,4.0,2022-11-26,ja,ONA,"Action, Comedy, Fantasy, Mystery"
33114,Experiment,1,487,3.0,0.0,1997-01-01,ja,Movie,Avant Garde
38067,Harukana Receive: Web Previews,11,3201,0.3,0.0,2018-07-11,ja,ONA,Sports
35379,The Story of Chinese Gods,1,440,90.0,0.0,1976-02-11,ja,Movie,"Action, Fantasy"
37608,Love Trial,1,753,3.0,1.0,2014-06-10,ja,Music,Romance
2501,Papuwa,26,1746,25.0,10.0,2003-09-30,ja,TV,"Adventure, Comedy"
37722,UzaMaid!,12,115514,23.0,181.0,2018-10-05,ja,TV,"Comedy, Girls Love"
7744,Fight Ippatsu! Juuden-chan!! Specials,6,7198,6.0,3.0,2009-12-18,ja,Special,"Comedy, Sci-Fi, Ecchi"
26,Texhnolyze,22,239423,23.0,4786.0,2003-04-17,ja,TV,"Action, Drama, Sci-Fi"
19051,Imouto Paradise! 2,2,16380,15.0,64.0,2013-08-03,ja,OVA,Hentai
37364,Blood Blockade Battlefront & Beyond OVA,1,26209,25.0,8.0,2018-07-04,ja,OVA,"Action, Comedy, Fantasy"
16347,Usavich V,13,2138,1.0,0.0,2012-12-05,ja,TV,Comedy
1778,Dae Jang Geum: Jang Geum's Dream,26,4319,24.0,34.0,2005-10-29,ja,TV,"Adventure, Comedy, Gourmet"
36191,Boku wa Sonzai Shiteinakatta,1,2624,5.0,3.0,2017-09-20,ja,Music,UNKNOWN
10716,Towanoquon: The Return of the Invincible,1,34657,48.0,15.0,2011-11-05,ja,Movie,"Action, Sci-Fi, Supernatural"
2148,No Money,4,44786,30.0,158.0,2007-02-09,ja,OVA,"Boys Love, Drama, Romance, Erotica"
9895,The Bathroom,1,1655,9.0,0.0,1970-01-01,ja,Movie,"Avant Garde, Comedy"
39184,A3! Season Spring & Summer,12,33392,23.0,260.0,2020-01-14,ja,TV,Drama
39766,Bookmark of Demise,1,371,3.0,0.0,2013-08-09,ja,Music,"Mystery, Supernatural"
52541,Starting Over,1,238,2.0,0.0,2022-03-02,ja,Music,UNKNOWN
31376,Flying Witch,12,259046,23.0,1303.0,2016-04-10,ja,TV,"Slice of Life, Supernatural"
31658,Kuroko's Basketball the Movie: Last Game,1,286669,90.0,1025.0,2017-03-18,ja,Movie,Sports
49550,Remake Our Life! Recap,1,12184,23.0,40.0,2021-08-14,ja,Special,"Drama, Romance, Slice of Life"
2699,Space Pirate Mito,13,2766,24.0,9.0,1999-01-05,ja,TV,"Action, Comedy, Sci-Fi"
39988,Isekai Quartet 2,12,225082,11.0,255.0,2020-01-15,ja,TV,"Comedy, Fantasy"
7807,Mahou Shoujo Lalabel: Umi ga Yobu Natsuyasumi,1,1052,15.0,0.0,1980-07-12,ja,Movie,"Comedy, Slice of Life"
877,Nana,47,619616,23.0,27265.0,2006-04-05,ja,TV,"Drama, Romance"
2376,Shusaku Liberty,2,2511,29.0,1.0,2003-01-24,ja,OVA,Hentai
2325,Angel Blade Punish!,3,6960,27.0,16.0,2004-12-29,ja,OVA,"Adventure, Sci-Fi, Hentai"
1858,Gakuen Utopia Manabi Straight!,12,30514,24.0,150.0,2007-01-08,ja,TV,"Comedy, Slice of Life"
2518,Masuda Kousuke Gekijou Gag Manga Biyori 2,12,3239,5.0,1.0,2006-08-05,ja,TV,Comedy
41185,CP,1,248,4.0,0.0,2020-01-27,ja,Music,UNKNOWN
1178,Detonator Orgun,3,6252,52.0,16.0,1991-08-25,ja,OVA,"Action, Sci-Fi"
36791,Ling Yu 3rd Season,12,2045,14.0,2.0,2016-07-21,ja,ONA,Fantasy
36753,Hunch,1,1710,3.0,8.0,2016-03-28,ja,ONA,Boys Love
514,Le Portrait de Petit Cossette,3,69703,36.0,393.0,2004-04-11,ja,OVA,"Drama, Horror, Romance, Supernatural"
19951,Hunter x Hunter: The Last Mission,1,171222,98.0,268.0,2013-12-27,ja,Movie,"Action, Adventure, Fantasy"
7621,Chuumon no Ooi Ryouriten,1,1202,18.0,0.0,1958-11-01,ja,Movie,"Fantasy, Horror, Supernatural"
38256,Magia Record: Puella Magi Madoka Magica Side Story,13,152739,23.0,799.0,2020-01-05,ja,TV,"Drama, Suspense"
10760,Issunboushi,1,617,1.0,1.0,1918-03-20,ja,Movie,Drama
33271,Nanocore 2nd Season,10,725,23.0,1.0,2016-04-08,ja,ONA,"Action, Sci-Fi"
32295,Ai Sky Tree 21,1,816,0.2,0.0,2012-08-30,ja,ONA,Action
29852,Boku no Yayoi-san,2,6735,21.0,27.0,2015-02-27,ja,OVA,Hentai
29413,Dog Days Recap,1,5480,24.0,4.0,2015-01-11,ja,Special,"Action, Adventure, Fantasy"
3009,Tiger Mask,105,10132,23.0,71.0,1969-10-02,ja,TV,"Drama, Sports"
48450,Toilet no Hanako-san vs Kukkyou Taimashi,4,6273,16.0,31.0,2021-02-26,ja,OVA,Hentai
42976,Biohazard: Infinite Darkness,4,14626,26.0,30.0,2021-07-08,ja,ONA,"Action, Horror, Sci-Fi"
38107,Maken no Hime wa Ero Ero desu,4,4198,25.0,7.0,2018-10-26,ja,OVA,"Fantasy, Hentai"
34851,Notes on Monstropedia,1,491,6.0,0.0,2016-11-01,ja,Movie,Avant Garde
2114,Tenkuu Senki Shurato: Sousei e no Anto,6,2001,30.0,1.0,1991-09-16,ja,OVA,"Action, Fantasy"
2922,Ashita no Joe 2 (Movie),1,4895,112.0,6.0,1981-07-04,ja,Movie,"Drama, Sports"
3469,Maria Watches Over Us: Printemps,6,8560,1.0,4.0,2004-10-22,ja,Special,"Drama, Girls Love"
43609,Kaguya-sama: Love is War OVA,1,217301,24.0,539.0,2021-05-19,ja,OVA,"Comedy, Ecchi"
51432,Chogokin Hello Kitty,1,260,3.0,0.0,2014-06-21,ja,ONA,Sci-Fi
35018,Osomatsu-san: Haru no Zenkoku Dai Senbatsu Jouei-sai - Sentou Quiz 2,1,1522,23.0,2.0,2017-04-06,ja,Movie,Comedy
36726,Yuuna and the Haunted Hot Springs,12,287752,23.0,762.0,2018-07-14,ja,TV,"Comedy, Romance, Supernatural, Ecchi"
14373,World's End,1,20283,30.0,20.0,2012-10-20,ja,OVA,Sci-Fi
29477,Rescue YoYo,1,342,5.0,0.0,2012-04-30,ja,Special,UNKNOWN
34497,Death March to the Parallel World Rhapsody,12,481112,23.0,1755.0,2018-01-11,ja,TV,"Adventure, Fantasy"
3265,Princess Tutu Recaps,3,5796,11.0,7.0,2002-12-27,ja,Special,"Comedy, Romance"
34312,Saimin Class,2,7393,18.0,16.0,2016-12-23,ja,OVA,Hentai
40367,Go! Go! Atom,52,940,11.0,0.0,2019-10-03,ja,TV,"Action, Adventure, Drama, Sci-Fi"
39889,Yume Kyuukou de 15-bu,1,247,2.0,0.0,1983-10-06,ja,Music,UNKNOWN
5609,Emi to Yobanaide,2,1428,28.0,2.0,1997-02-28,ja,OVA,Hentai
18425,Ikeike! Momon-chan Specials,3,620,1.0,0.0,2012-12-12,ja,Special,Comedy
52308,The Reason Why Raeliana Ended up at the Duke's Mansion,12,81474,23.0,701.0,2023-04-10,ja,TV,"Fantasy, Romance"
398,Banner of the Stars III,2,17313,37.0,56.0,2005-08-06,ja,OVA,"Action, Romance, Sci-Fi"
37273,Qiezi Mabo Forever,1,362,4.0,0.0,2017-11-20,ja,Music,UNKNOWN
9091,Ikusa Otome Suvia Special,1,3067,3.0,1.0,2010-02-26,ja,Special,"Fantasy, Hentai"
16335,Muv-Luv Alternative: Total Eclipse Recap - Climax Chokuzen Special,1,8277,24.0,4.0,2012-11-19,ja,Special,"Action, Sci-Fi"
1955,Kimagure Robot,10,2453,2.0,0.0,2004-12-22,ja,TV,"Comedy, Fantasy, Sci-Fi"
7305,Detective Conan Movie 10: Promo Special,1,9921,23.0,7.0,2006-01-01,ja,Special,"Adventure, Comedy, Mystery"
1159,Geobreeders: Breakthrough,4,1988,25.0,3.0,2000-07-26,ja,OVA,"Adventure, Comedy, Sci-Fi"
12005,What's Michael?,1,1308,55.0,3.0,1985-11-25,ja,OVA,Comedy
16397,Photo Kano,13,122350,23.0,157.0,2013-04-05,ja,TV,"Romance, Ecchi"
23083,Happiness Charge Precure! Movie: Ningyou no Kuni no Ballerina,1,3676,71.0,2.0,2014-10-11,ja,Movie,Fantasy
51632,In Another World With My Smartphone 2,12,92652,23.0,940.0,2023-04-03,ja,TV,"Adventure, Comedy, Fantasy, Romance"
7245,The World's Most Famous Tales,26,978,24.0,1.0,1995-04-07,ja,TV,Fantasy
30042,Geori-eui Mubeopja,1,593,50.0,1.0,1992-01-01,ja,Movie,Action
52531,MELtin' 17,1,231,2.0,0.0,2021-03-02,ja,Music,UNKNOWN
34450,Mahou Sensei Negima! Tokubetsu Eizou,4,2015,2.0,0.0,2016-11-17,ja,Music,UNKNOWN
38882,Ryoma! The Prince of Tennis,1,4583,100.0,10.0,2021-09-03,ja,Movie,Sports
21255,Treasure Island: The Movie,1,920,88.0,0.0,1987-05-09,ja,Movie,"Adventure, Drama, Mystery, Supernatural"
29089,Monster List,18,25499,13.0,48.0,2014-12-13,ja,ONA,"Action, Comedy, Fantasy, Romance"
1861,Slam Dunk: Zenkoku Seiha Da! - Sakuragi Hanamichi,1,16258,45.0,11.0,1994-08-20,ja,Movie,Sports
44263,Shallys,1,236,4.0,0.0,2020-06-29,ja,Music,UNKNOWN
41461,Date A Live IV,12,227976,23.0,3290.0,2022-04-08,ja,TV,"Action, Romance, Sci-Fi"
6148,Yurumates,1,6577,37.0,3.0,2009-04-24,ja,OVA,"Comedy, Slice of Life"
54925,Kurae! Telepathy,1,281,4.0,0.0,2023-03-24,ja,Music,Romance
1600,Galaxy Angel Rune,13,5360,24.0,4.0,2006-10-02,ja,TV,"Comedy, Sci-Fi"
25393,Master of Torque 2,1,909,23.0,0.0,2015-03-27,ja,ONA,"Action, Sci-Fi"
6953,Clap Vocalism,1,4199,2.0,2.0,1962-01-01,ja,Movie,Avant Garde
9435,Ane Jiru 2 The Animation: Shirakawa Sanshimai ni Omakase,2,13982,28.0,58.0,2010-11-26,ja,OVA,Hentai
5256,Pokémon Mystery Dungeon: Explorers of Time and Darkness,1,11325,21.0,3.0,2007-09-09,ja,Special,"Adventure, Fantasy"
28963,Nekota no Koto ga Kininatte Shikatanai.,1,1346,1.0,2.0,2015-03-22,ja,Special,UNKNOWN
38831,Yue ni Hitozuma wa Netorareta.,2,4451,20.0,10.0,2019-02-22,ja,OVA,Hentai
10090,Ghost in the Shell: Stand Alone Complex - Solid State Society 3D,1,15563,108.0,16.0,2011-03-26,ja,Movie,"Mystery, Sci-Fi"
37622,Ninja Batman x Poputepipikku Kindan no Collab CM,1,5888,0.2,3.0,2018-03-24,ja,Special,UNKNOWN
37781,Overlord: Ple Ple Pleiades 3,13,29814,1.0,17.0,2018-07-10,ja,ONA,"Action, Comedy, Fantasy"
2283,Red Baron,49,3980,24.0,11.0,1994-04-05,ja,TV,"Action, Sci-Fi, Sports"
13799,Pokémon: Meloetta's Moonlight Serenade,1,9425,20.0,2.0,2012-07-14,ja,Movie,"Adventure, Comedy, Fantasy"
22699,Looking Back at it All: The Dragon Ball Z Year-End Show!,1,16713,5.0,5.0,1993-12-31,ja,Special,"Action, Adventure, Comedy, Fantasy, Slice of Life"
34787,Idol Time PriPara,51,6484,24.0,49.0,2017-04-04,ja,TV,UNKNOWN
11873,Oraa Guzura Dado (1987),44,859,30.0,0.0,1987-10-02,ja,TV,Comedy
37858,Free! Movie 1: Timeless Medley - Kizuna - Character Butai Aisatsu,4,6762,4.0,6.0,2017-04-22,ja,Movie,Comedy
10719,Haganai: I don't have many friends,12,787560,24.0,3757.0,2011-10-07,ja,TV,"Comedy, Romance, Ecchi"
28623,Kabaneri of the Iron Fortress,12,781694,22.0,3470.0,2016-04-08,ja,TV,"Action, Drama, Fantasy, Horror"
27947,Lupin the Third Part 4,24,68448,25.0,433.0,2015-10-02,ja,TV,"Action, Adventure, Comedy, Mystery"
4719,Queen's Blade: The Exiled Virgin,12,96669,24.0,196.0,2009-04-02,ja,TV,"Action, Adventure, Fantasy, Ecchi"
32878,elDLIVE,12,47502,24.0,47.0,2017-01-08,ja,TV,"Action, Sci-Fi"
3366,Persona: Trinity Soul,26,80969,23.0,162.0,2008-01-05,ja,TV,"Action, Sci-Fi"
15533,Yakimochi Caprice,2,1021,1.0,0.0,2011-12-17,ja,Special,Slice of Life
24705,Gonna be the Twin-Tail!!,12,155780,24.0,522.0,2014-10-10,ja,TV,"Action, Comedy, Fantasy, Romance"
33021,Ragnastrike Angels,12,12734,0.5,14.0,2016-04-03,ja,TV,Action
14125,Otogi no Kuni no Birthday,1,393,2.0,0.0,1988-12-01,ja,Music,UNKNOWN
11547,Sengoku☆Paradise Kiwami,26,5454,3.0,1.0,2011-10-04,ja,TV,"Action, Comedy, Drama, Romance"
37505,Record of Grancrest War Reminiscence,1,11596,23.0,7.0,2018-03-24,ja,Special,"Action, Fantasy"
21031,Precure All Stars Movie New Stage 3: Eien no Tomodachi,1,4289,71.0,5.0,2014-03-15,ja,Movie,UNKNOWN
37655,Sword Gai The Animation Part II,12,29081,22.0,24.0,2018-07-30,ja,ONA,"Action, Supernatural"
18989,Koukaku Kidoutai Arise: Another Mission,1,11191,3.0,6.0,2013-06-04,ja,Special,"Action, Sci-Fi"
32271,Dies irae,11,135583,23.0,201.0,2017-10-14,ja,TV,Action
53677,Bonyuu-chan wa Dashitai.,4,3167,16.0,18.0,2023-03-03,ja,OVA,Hentai
33564,Armed Blue Gunvolt,1,8057,21.0,19.0,2017-02-09,ja,OVA,"Action, Sci-Fi"
10552,Akebi no Hana: Maho,1,4963,27.0,11.0,2011-04-15,ja,OVA,Hentai
3063,Professor Pain,2,2291,27.0,2.0,1998-08-25,ja,OVA,Hentai
2709,Bakusou Kyoudai Let's & Go MAX,51,3869,25.0,7.0,1998-01-05,ja,TV,Action
9509,Purple Eyes in the Dark,1,2186,31.0,3.0,1987-01-01,ja,Music,"Horror, Mystery, Supernatural"
31467,Grendizer Giga,1,972,1.0,0.0,2015-04-12,ja,ONA,Action
34754,Rilu Rilu Fairilu: Yousei no Door,59,2626,24.0,9.0,2016-02-06,ja,TV,"Fantasy, Slice of Life"
32092,Juicy Jungle,1,300,5.0,0.0,2006-09-29,ja,Music,Sci-Fi
1889,Higurashi: When They Cry – Kai,24,466173,24.0,7261.0,2007-07-06,ja,TV,"Mystery, Supernatural, Suspense"
2772,Hero Tales,26,26710,24.0,36.0,2007-10-08,ja,TV,"Action, Fantasy"
38145,My Roommate is a Cat,12,186091,23.0,1204.0,2019-01-09,ja,TV,Slice of Life
5143,Special Powered Armor Troop Dorvack,36,1488,24.0,3.0,1983-10-07,ja,TV,"Action, Sci-Fi"
3588,Soul Eater,51,1565227,23.0,26107.0,2008-04-07,ja,TV,"Action, Comedy, Fantasy"
6895,Hakuoki ~Demon of the Fleeting Blossom~,12,164743,23.0,1915.0,2010-04-04,ja,TV,"Action, Drama, Supernatural"
1425,Lupin III: Part II,155,33406,25.0,346.0,1977-10-03,ja,TV,"Action, Adventure, Comedy, Mystery"
54437,One Hundred Thousand Years of Qi Refining,60,571,23.0,7.0,2023-02-18,ja,ONA,"Action, Adventure, Fantasy"
1509,Save Me! Lollipop,13,24745,25.0,115.0,2006-07-02,ja,TV,"Adventure, Comedy, Romance"
20207,Boku no Boukuugou,1,790,45.0,2.0,2005-08-13,ja,Special,Drama
42914,Planetarium Pokemon: Aurora kara no Message,1,1590,27.0,0.0,2020-08-29,ja,Movie,"Action, Adventure, Comedy, Fantasy"
20673,Sonny Boy & Dewdrop Girl,1,24703,18.0,46.0,2013-11-09,ja,Movie,"Adventure, Fantasy, Romance"
17010,The Tender March,1,2042,4.0,6.0,2011-05-05,ja,Movie,UNKNOWN
38961,Takoyaki Story,1,486,1.0,0.0,2018-10-10,ja,Music,Avant Garde
1580,Madara,2,2328,58.0,6.0,1991-03-20,ja,OVA,"Adventure, Supernatural"
5543,Under World,1,688,64.0,1.0,2000-11-18,ja,OVA,Hentai
3135,Dragon's Heaven,1,12044,24.0,36.0,1988-02-25,ja,OVA,"Action, Adventure, Fantasy, Sci-Fi"
36716,Boku wa Mada 7-sai Datta,1,395,3.0,0.0,2016-05-09,ja,Music,UNKNOWN
34959,Gakuen Shinshoku: XX of the Dead,2,5404,29.0,25.0,2017-04-28,ja,OVA,Hentai
7611,Issho ni Ecchi,1,4288,31.0,11.0,2010-02-26,ja,OVA,Hentai
32681,Space Patrol Luluco,13,147576,7.0,1074.0,2016-04-01,ja,TV,"Action, Adventure, Comedy"
3844,Apache Baseball Team,26,1026,25.0,2.0,1971-10-06,ja,TV,"Action, Sports"
37960,King of Prism: Shiny Seven Stars I - Prologue x Yukinojou x Taiga,1,2347,75.0,6.0,2019-03-02,ja,Movie,Sports
48617,Vegeta Super Yasaijin ni Narou-hen,1,727,0.4,0.0,2015-05-26,ja,Special,Action
8358,Crayon Shin-chan Movie 01: Action Kamen vs. Haigure Maou,1,8190,93.0,5.0,1993-07-24,ja,Movie,"Action, Adventure, Comedy"
42791,Sakura Kakumei: Hanasaku Otome-tachi,1,1380,23.0,0.0,2020-09-02,ja,ONA,Action
29976,Dance with Devils,12,123748,23.0,533.0,2015-10-07,ja,TV,"Fantasy, Romance"
50469,Showtime! Uta no Oneesan datte Shitai 2,8,4393,6.0,11.0,2022-12-09,ja,ONA,Hentai
5691,Flame of Recca: Final Burning,1,6901,32.0,6.0,2004-06-10,ja,Special,"Action, Adventure, Sci-Fi"
55289,One Piece: Recapping Fierce Fights! Zoro vs. a Lead Performer!,1,1367,24.0,1.0,2023-05-14,ja,Special,"Action, Adventure, Comedy, Fantasy"
6985,The Rebirth of Buddha,1,6883,115.0,8.0,2009-10-17,ja,Movie,"Romance, Supernatural"
49223,Ouji no Honmei wa Akuyaku Reijou,8,6443,6.0,20.0,2022-01-10,ja,ONA,"Fantasy, Romance, Hentai"
424,Dirty Pair,24,30326,24.0,200.0,1985-07-15,ja,TV,"Adventure, Comedy, Sci-Fi"
33192,Robot Town Sagami 2028,1,910,8.0,0.0,2016-04-12,ja,ONA,Drama
2454,Kimagure Orange Road: I Want to Return to That Day,1,9652,69.0,51.0,1988-10-01,ja,Movie,"Comedy, Drama, Romance"
39313,Come to Deep Blue Town,1,877,9.0,1.0,2017-07-17,ja,Music,UNKNOWN
41206,Digimon Adventure: 20th Memorial Story,5,5806,6.0,1.0,2019-11-22,ja,ONA,"Adventure, Drama"
39499,Den Den Mushi no Danko-san,1,214,2.0,0.0,1974-02-04,ja,Music,UNKNOWN
8115,Welcome to THE SPACE SHOW,1,25849,136.0,45.0,2010-02-18,ja,Movie,"Adventure, Fantasy"
33906,Shangri-La (Music),1,315,4.0,0.0,2011-10-05,ja,Music,UNKNOWN
7216,My Favorite Fairy Tales,10,555,11.0,5.0,1990-06-10,ja,OVA,"Adventure, Fantasy"
2340,Nightmare Campus,5,2030,40.0,7.0,1994-10-21,ja,OVA,"Supernatural, Hentai"
464,One Piece: Baron Omatsuri and the Secret Island,1,98281,91.0,372.0,2005-03-05,ja,Movie,"Action, Adventure, Drama, Fantasy"
1365,Case Closed: The Phantom of Baker Street,1,74723,107.0,250.0,2002-04-20,ja,Movie,"Adventure, Mystery"
33489,Little Witch Academia,25,617928,24.0,7331.0,2017-01-09,ja,TV,"Adventure, Comedy, Fantasy"
23515,The Princess and the Moon,1,517,25.0,0.0,1983-08-01,ja,Movie,Fantasy
3599,Spirit Warrior,2,2309,55.0,1.0,1994-05-20,ja,OVA,"Action, Horror"
2819,Dragon Warrior,43,6323,24.0,22.0,1989-12-02,ja,TV,"Action, Adventure, Fantasy"
1947,Strange Steel Fairy Rouran,28,2211,12.0,2.0,2002-11-15,ja,TV,"Action, Fantasy"
17961,Tetsuwan Atom: Chikyuu Saigo no Hi,1,1039,16.0,0.0,2001-07-20,ja,Movie,Sci-Fi
30123,Snow White with the Red Hair,12,644304,24.0,7280.0,2015-07-07,ja,TV,"Drama, Fantasy, Romance"
587,Looking Up At The Half-Moon,6,98705,24.0,496.0,2006-01-13,ja,TV,"Comedy, Drama, Romance"
10849,Invade! Squid Girl: Won't You Eat Squid Ice Cream?,1,6714,4.0,0.0,2011-07-06,ja,Music,UNKNOWN
9938,Croisée in a Foreign Labyrinth The Animation,12,57615,23.0,170.0,2011-07-04,ja,TV,Slice of Life
43523,Tsukimichi -Moonlit Fantasy-,12,366457,23.0,3601.0,2021-07-07,ja,TV,"Action, Adventure, Comedy, Fantasy"
28639,Futon,1,943,6.0,2.0,2012-01-01,ja,Movie,Avant Garde
3974,Birdy the Mighty: Decode,13,93650,24.0,386.0,2008-07-05,ja,TV,"Action, Comedy, Sci-Fi"
22583,Space Brothers #0,1,7198,95.0,5.0,2014-08-09,ja,Movie,"Comedy, Sci-Fi"
49590,The Tatami Time Machine Blues,6,34887,20.0,216.0,2022-09-14,ja,ONA,"Comedy, Mystery, Romance, Suspense"
40780,Keishichou Tokumubu Tokushu Kyouakuhan Taisakushitsu Dainanaka: Tokunana Recap,1,2258,23.0,2.0,2019-12-01,ja,Special,"Action, Fantasy"
35683,Midnight Crazy Trail,1,5522,23.0,3.0,2018-03-10,ja,Movie,UNKNOWN
32900,The Irregular at Magic High School The Movie - The Girl Who Summons The Stars,1,182159,90.0,440.0,2017-06-17,ja,Movie,"Action, Fantasy, Sci-Fi"
42223,Oujo & Onna Kishi W Do Gehin Roshutsu,2,4372,19.0,14.0,2020-08-28,ja,OVA,"Fantasy, Hentai"
29796,Oshizuka ni,1,303,4.0,0.0,1980-01-01,ja,Movie,UNKNOWN
18389,Heisei Policemen!!,6,420,5.0,1.0,2013-04-11,ja,ONA,Comedy
52999,Ensemble Stars!! Tsuioku Selection Element,6,2220,12.0,31.0,2023-04-06,ja,ONA,UNKNOWN
32936,The Silver Guardian,12,108896,13.0,121.0,2017-04-01,ja,TV,"Adventure, Fantasy"
1240,Sailor Moon SuperS the Movie: Black Dream Hole,1,39998,60.0,52.0,1995-12-23,ja,Movie,Drama
7158,Dr. Slump and Arale-chan: N-cha!! Excited Heart of Summer Vacation,1,1336,20.0,0.0,1994-07-09,ja,Movie,"Comedy, Sci-Fi"
49930,How a Realist Hero Rebuilt the Kingdom Part 2,13,220895,24.0,1341.0,2022-01-09,ja,TV,"Action, Fantasy, Romance"
28859,Shabura Rental: Ecchi na Oneesan to no Eroero Rental Obenkyou The Animation,1,7093,27.0,32.0,2015-02-27,ja,OVA,Hentai
5246,Adesugata Mahou no Sannin Musume,1,1380,29.0,1.0,1986-03-28,ja,OVA,Comedy
33534,Curly,1,382,3.0,0.0,2014-10-10,ja,ONA,Comedy
478,Aquarion,26,75292,24.0,354.0,2005-04-05,ja,TV,"Action, Fantasy, Romance, Sci-Fi"
2054,Carol,1,1738,59.0,2.0,1990-03-21,ja,OVA,Fantasy
32954,Flying Witch Petit,9,16205,2.0,8.0,2016-03-18,ja,ONA,"Slice of Life, Supernatural"
153,The Twelve Kingdoms,45,144333,25.0,2403.0,2002-04-09,ja,TV,"Action, Adventure, Fantasy"
5940,The Sacred Blacksmith,12,180575,23.0,225.0,2009-10-03,ja,TV,"Action, Adventure, Fantasy"
155,X - The Movie,1,36913,97.0,117.0,1996-08-03,ja,Movie,"Action, Drama, Fantasy, Horror, Sci-Fi, Supernatural"
14913,Battle Spirits: Sword Eyes,29,2609,25.0,7.0,2012-09-09,ja,TV,"Adventure, Fantasy"
9253,Steins;Gate,24,2440369,24.0,182964.0,2011-04-06,ja,TV,"Drama, Sci-Fi, Suspense"
1205,A Traveller's Diary,6,25640,3.0,116.0,2003-03-19,ja,ONA,"Adventure, Fantasy"
3380,Hana Dorei,2,2110,29.0,0.0,2001-08-10,ja,OVA,Hentai
35182,Cute High Earth Defense Club LOVE! LOVE! LOVE!,1,8996,56.0,24.0,2017-08-26,ja,OVA,Comedy
29989,Breathing of the Wind: Animation Correspondence,1,546,3.0,0.0,2001-01-01,ja,Movie,Avant Garde
1133,Tenchi Muyou! GXP,26,30470,24.0,133.0,2002-04-02,ja,TV,"Action, Comedy, Sci-Fi"
36302,Candy no Yume,1,276,2.0,0.0,1978-12-02,ja,Music,UNKNOWN
8317,Sayonara Zetsubou Sensei Jo: Zoku Zetsubou Shoujo Senshuu,1,10505,56.0,5.0,2008-08-27,ja,Special,Comedy
40298,Saga of Tanya the Evil: The Movie - Manner Movie,1,18307,2.0,20.0,2019-02-08,ja,Movie,UNKNOWN
37601,Lord of Vermilion: The Crimson King,12,43407,23.0,39.0,2018-07-14,ja,TV,"Action, Fantasy"
3419,Sumomomo Momomo: Chijou Saikyou no Yome Specials,2,12334,23.0,8.0,2007-09-04,ja,Special,"Comedy, Romance, Ecchi"
7724,Shiki,22,580431,22.0,8148.0,2010-07-09,ja,TV,"Horror, Mystery, Supernatural, Suspense"
9515,High School of the Dead: Drifters of the Dead,1,298434,16.0,356.0,2011-04-26,ja,OVA,"Comedy, Supernatural, Ecchi"
29291,Behind a Smile,1,1001,4.0,0.0,2010-06-16,ja,Music,Action
29792,Five Small Stories,1,338,19.0,0.0,1974-01-01,ja,Movie,UNKNOWN
35077,Gooorgeous,1,1453,1.0,1.0,2017-03-12,ja,Music,Ecchi
8949,Hamtaro: Ham-Hams Ahoy!,1,1618,44.0,1.0,2003-03-01,ja,OVA,UNKNOWN
2377,Kisaku,6,3397,28.0,14.0,2002-01-25,ja,OVA,Hentai
41223,Memory of Chang'an,12,7990,16.0,51.0,2020-10-28,ja,ONA,Romance
3916,Magical Witch Academy: Boku to Sensei no Magical Lesson The Animation,2,5720,28.0,14.0,2007-06-22,ja,OVA,Hentai
49979,"I'm the Villainess, So I'm Taming the Final Boss",12,139432,23.0,806.0,2022-10-01,ja,TV,"Comedy, Fantasy, Romance"
3447,Ghost in the Shell: Stand Alone Complex - Solid State Society: Uchikomatic Days,1,12379,4.0,11.0,2007-07-24,ja,Special,"Comedy, Sci-Fi"
1172,Slayers Try,26,53576,23.0,221.0,1997-04-04,ja,TV,"Adventure, Comedy, Fantasy"
48867,The Young Brewmaster's Adventure,20,1142,18.0,9.0,2022-07-27,ja,ONA,"Action, Fantasy"
41456,Combatants Will Be Dispatched!,12,350472,24.0,1969.0,2021-04-04,ja,TV,"Action, Comedy, Fantasy, Sci-Fi"
12191,Glitter Force,48,41499,24.0,375.0,2012-02-05,ja,TV,"Action, Fantasy"
45486,Kuma Kuma Kuma Bear Punch!,12,58525,23.0,355.0,2023-04-03,ja,TV,"Adventure, Comedy, Fantasy"
52745,Liella no Uta 2,12,1656,1.0,7.0,2022-07-17,ja,Music,UNKNOWN
9100,"Umi Monogatari: Marin's ""What Is This?""",4,3000,2.0,1.0,2009-11-22,ja,Special,Comedy
10547,Oretachi ni Tsubasa wa Nai: Hadairo Ritsu Kyuuwari Zou!?,1,13185,24.0,3.0,2011-06-24,ja,OVA,"Drama, Fantasy, Romance, Ecchi"
29988,Commercial War,1,604,4.0,0.0,1971-01-01,ja,Movie,Avant Garde
9015,Obake no... Holly,200,604,10.0,1.0,1991-01-28,ja,TV,"Comedy, Fantasy"
33011,KAIJU GIRLS,12,9550,5.0,15.0,2016-09-27,ja,ONA,"Comedy, Fantasy"
20889,Kuro no Su: Chronus,1,18854,25.0,9.0,2014-03-01,ja,Movie,UNKNOWN
48471,Irina: The Vampire Cosmonaut,12,140342,23.0,689.0,2021-10-04,ja,TV,"Fantasy, Sci-Fi"
32755,Gregorio,1,403,5.0,0.0,2012-10-26,ja,Music,UNKNOWN
17819,Swimming,1,13913,0.5,8.0,2013-03-07,ja,Special,Sports
27737,Battle Spirits: Burning Soul,51,3920,22.0,17.0,2015-04-01,ja,TV,UNKNOWN
21039,Gatchaman Crowds Insight,12,73522,23.0,186.0,2015-07-05,ja,TV,"Action, Sci-Fi"
1828,Catblue Dynamite,1,2059,42.0,1.0,2006-12-22,ja,ONA,"Action, Fantasy"
909,Geneshaft,13,13873,23.0,15.0,2001-04-05,ja,TV,"Adventure, Sci-Fi"
4017,Magical Moe,1,2058,23.0,3.0,2007-08-24,ja,OVA,Hentai
9591,Code Geass: Lelouch of the Rebellion R2 Extra Flash - Baba Theater Redux,9,16503,1.0,15.0,2008-08-22,ja,Special,UNKNOWN
19397,Zettai Bouei Leviathan: Mini Takibi Gekijou,13,2031,4.0,1.0,2013-07-07,ja,Special,"Comedy, Fantasy"
3848,"One Piece: Episode of Chopper Plus - Bloom in the Winter, Miracle Sakura",1,63589,113.0,19.0,2008-03-01,ja,Movie,"Action, Adventure, Fantasy"
7522,Tai Chi Chasers,39,1657,27.0,7.0,2007-04-29,ja,TV,"Action, Adventure, Fantasy"
28157,Sei Brunehilde Gakuen Shoujo Kishidan to Junpaku no Panty The Animation,1,15064,30.0,92.0,2014-12-05,ja,OVA,Hentai
23053,Dialogue Between Two,1,878,7.0,1.0,2004-01-01,ja,Movie,Avant Garde
50427,Dozens of Norths,1,1498,64.0,10.0,2021-11-06,ja,Movie,"Adventure, Award Winning, Fantasy, Suspense"
51638,Doggy God's Street,1,2249,3.0,21.0,2022-04-13,ja,Music,UNKNOWN
10683,Tentacle and Witches,4,17646,27.0,142.0,2011-05-27,ja,OVA,"Supernatural, Hentai"
11113,Bunny Drop Specials,4,69099,5.0,38.0,2011-10-28,ja,Special,Slice of Life
3602,Galaxy Express 999: Eternal Fantasy,1,4627,54.0,4.0,1998-03-07,ja,Movie,"Action, Drama, Sci-Fi"
2732,Baby Grandma,53,949,7.0,0.0,2002-04-08,ja,TV,"Comedy, Drama"
34602,Guomin Laogong Dai Huijia,12,21208,11.0,76.0,2016-10-03,ja,ONA,"Drama, Romance"
8899,Marine Boy,65,842,25.0,2.0,1969-01-13,ja,TV,"Action, Adventure, Sci-Fi"
36754,Kakuriyo: Bed and Breakfast for Spirits,26,157436,23.0,1298.0,2018-04-02,ja,TV,"Drama, Fantasy, Gourmet, Romance"
109,Burst Angel,24,69227,23.0,234.0,2004-04-07,ja,TV,"Adventure, Comedy, Sci-Fi"
7578,Neighborhood Story The Movie,1,3465,30.0,5.0,1996-03-02,ja,Movie,"Comedy, Drama, Romance"
44429,Connected...,1,428,2.0,1.0,2020-12-06,ja,ONA,Sci-Fi
50090,Inko Colors the Animation 2,1,436,7.0,0.0,2021-10-09,ja,ONA,"Adventure, Slice of Life"
32827,B: The Beginning,12,333387,23.0,1379.0,2018-03-02,ja,ONA,"Action, Mystery, Supernatural, Suspense"
2584,Armored Trooper Votoms: Big Battle,1,3545,60.0,4.0,1986-07-05,ja,OVA,"Action, Drama, Sci-Fi"
50505,Kirakira (2021),1,448,2.0,1.0,2021-12-01,ja,Music,UNKNOWN
13423,Fushigi Sekai Atagoul Monogatari,1,439,3.0,1.0,2003-03-01,ja,Movie,Adventure
6843,Baby Kangaroo's Birthday Surprise,1,1120,9.0,3.0,1941-02-01,ja,Movie,Adventure
23393,Shin Don Chuck Monogatari,73,762,25.0,3.0,1976-04-07,ja,TV,"Adventure, Slice of Life"
44267,My Name Is Elite☆,1,313,3.0,0.0,2019-02-26,ja,Music,UNKNOWN
18397,Attack on Titan OAD,3,442327,23.0,897.0,2013-12-09,ja,OVA,"Action, Drama"
599,Phantom Quest Corp.,4,6120,30.0,8.0,1994-08-25,ja,OVA,"Action, Adventure, Comedy, Supernatural"
10039,Chinpui Specials,2,394,10.0,0.0,1989-12-29,ja,Special,Comedy
24637,G-On Riders Special,1,1076,24.0,0.0,2003-03-21,ja,Special,"Comedy, Sci-Fi, Ecchi"
39185,Tatakau Mono-tachi e Ai wo Komete,1,420,5.0,0.0,2018-07-12,ja,Music,Drama
3886,Super Mario Brothers: Great Mission to Rescue Princess Peach,1,5716,60.0,17.0,1986-07-20,ja,Movie,"Adventure, Comedy"
25939,Mahou Shoujo Lyrical Nanoha ViVid,12,25523,25.0,45.0,2015-04-03,ja,TV,"Action, Adventure"
39728,Eden (ONA),4,17408,25.0,35.0,2021-05-27,ja,ONA,"Fantasy, Sci-Fi, Slice of Life"
12885,Dynamic Super Robots Soushingekki,3,1343,2.0,0.0,2000-12-21,ja,Special,"Action, Sci-Fi"
10417,GYO: Tokyo Fish Attack!,1,59221,70.0,57.0,2011-10-29,ja,Movie,Horror
4086,Muka Muka Paradise,51,2730,25.0,4.0,1993-09-04,ja,TV,"Adventure, Comedy"
12789,Yasashii Lion,1,904,27.0,1.0,1970-03-21,ja,Movie,"Award Winning, Fantasy"
42316,If I Could be a Comet,3,245,3.0,0.0,2020-06-18,ja,Music,UNKNOWN
6831,Hatanosuke and the Haunted House,1,1147,1.0,1.0,1935-01-01,ja,Movie,Supernatural
654,Galaxy Angel AA,2,3705,13.0,3.0,2003-11-28,ja,Special,"Comedy, Sci-Fi"
19103,Mesu Saga: Persona,1,6419,23.0,27.0,2013-07-19,ja,OVA,Hentai
28197,Ofuro no Kazoe Uta,1,374,3.0,0.0,1980-01-01,ja,Music,UNKNOWN
11717,Hoshi no Kirby: Pilot,1,2220,4.0,5.0,2000-01-01,ja,Special,"Adventure, Comedy, Fantasy"
19971,The Stingiest Man in Town,1,603,49.0,0.0,1978-12-24,ja,Special,"Drama, Supernatural"
10703,Detective Conan OVA 11: A Secret Order from London,1,12819,25.0,2.0,2011-05-30,ja,OVA,"Adventure, Comedy, Mystery"
866,Slayers Premium,1,19137,33.0,7.0,2001-12-22,ja,Movie,"Adventure, Comedy, Fantasy"
6718,Yamato 2520,3,2009,57.0,0.0,1994-11-21,ja,OVA,"Action, Adventure, Sci-Fi"
40595,Our Last Crusade or the Rise of a New World,12,265612,23.0,1252.0,2020-10-07,ja,TV,"Action, Fantasy, Romance"
28915,Hidamari Sketch x ☆☆☆ Recap,1,1372,67.0,0.0,2012-09-26,ja,Special,"Comedy, Slice of Life"
37990,Gurazeni Season 2,12,4713,23.0,2.0,2018-10-05,ja,TV,Sports
18781,Puchimas!: Petit iDOLM@STER - Takatsuki Gold Densetsu Special!! Haruka-san Matsuri,6,3546,3.0,2.0,2013-03-27,ja,Special,"Comedy, Slice of Life"
5819,Bird's Song,1,5284,34.0,11.0,2007-01-30,ja,OVA,Fantasy
11777,Lupin III: Chi no Kokuin - Eien no Mermaid,1,7242,92.0,5.0,2011-12-02,ja,Special,"Action, Adventure, Comedy"
2800,Candy Candy,115,29660,25.0,426.0,1976-10-01,ja,TV,"Drama, Slice of Life"
29667,Transparent Man,1,430,5.0,0.0,1969-01-01,ja,Movie,Avant Garde
42882,"The iDOLM@STER Cinderella Girls: Starlight Stage - 5th Anniversary! ""Go Just Go!"" PV",1,810,2.0,1.0,2020-09-09,ja,Music,UNKNOWN
15537,Tsugou no Yoi Sexfriend?,4,22903,29.0,183.0,2012-11-30,ja,OVA,Hentai
8074,High School of the Dead,12,1451863,24.0,9928.0,2010-07-05,ja,TV,"Action, Horror, Supernatural, Ecchi"
40254,XL Boss,8,32360,6.0,118.0,2019-10-07,ja,ONA,"Romance, Hentai"
41022,Delusion Sensation Compensation Federation,1,508,4.0,0.0,2016-11-18,ja,Music,UNKNOWN
51367,JoJo's Bizarre Adventure: Stone Ocean Part 2,12,208391,24.0,874.0,2022-09-01,ja,ONA,"Action, Adventure, Supernatural"
41063,Mobile Suit Gundam G40,1,3735,10.0,2.0,2020-01-01,ja,ONA,"Action, Sci-Fi"
19431,Gokujo.: Souda Onsen ni Ikou!!,1,5785,11.0,5.0,2013-06-26,ja,Special,"Comedy, Girls Love, Ecchi"
40397,Sleepy Princess in the Demon Castle,12,197811,23.0,2139.0,2020-10-06,ja,TV,"Comedy, Fantasy"
44202,Fire Emblem Heroes - Book IV Ending Movie,1,245,2.0,0.0,2020-11-26,ja,Special,"Action, Drama, Supernatural, Suspense"
49605,Ganbare Douki-chan,12,101396,5.0,291.0,2021-09-20,ja,ONA,"Comedy, Ecchi"
2525,Kekkou Kamen,4,5700,21.0,9.0,1991-08-01,ja,OVA,"Comedy, Ecchi"
47917,Bocchi the Rock!,12,425470,23.0,20871.0,2022-10-09,ja,TV,Comedy
13231,Beyblade: Shogun Steel,38,14409,12.0,15.0,2012-04-08,ja,TV,"Adventure, Sports"
36513,Yotsuiro Biyori,12,31365,23.0,172.0,2018-04-11,ja,TV,"Gourmet, Slice of Life"
1031,Yonna in the Solitary Fortress,1,2696,33.0,3.0,2006-04-08,ja,Movie,"Adventure, Fantasy"
4061,Grimm's Fairy Tale Classics,23,2614,20.0,3.0,1988-10-02,ja,TV,"Adventure, Comedy, Fantasy"
34941,Queen's Blade: Unlimited,2,11603,26.0,24.0,2018-07-13,ja,OVA,"Action, Adventure, Fantasy, Ecchi"
24905,Go-hiki no Kobuta to Charleston,1,434,2.0,0.0,1964-08-03,ja,Music,UNKNOWN
39035,Lux Straight & Beauty Massugu Ikiru,1,634,1.0,1.0,2016-08-30,ja,ONA,"Sci-Fi, Slice of Life"
2434,Slutty-Princess Diaries,3,2596,26.0,4.0,2004-08-27,ja,OVA,Hentai
9930,Snow Halation,1,21924,6.0,98.0,2010-12-22,ja,Music,UNKNOWN
9120,Beelzebub: Hirotta Akachan wa Daimaou!?,1,37682,30.0,44.0,2010-10-23,ja,Special,"Action, Comedy, Supernatural"
37291,Dawn of the World,20,5175,17.0,12.0,2018-05-20,ja,ONA,"Action, Boys Love, Horror, Supernatural, Suspense"
15633,Code:Breaker OVA,3,32306,27.0,18.0,2012-12-17,ja,OVA,"Action, Comedy, Supernatural, Ecchi"
23311,GARO: THE ANIMATION,24,141725,24.0,448.0,2014-10-04,ja,TV,"Action, Fantasy"
151,Re: Cutey Honey,3,28103,46.0,161.0,2004-07-24,ja,OVA,"Action, Comedy, Girls Love, Sci-Fi, Ecchi"
8068,Kuroshitsuji Picture Drama,1,21918,17.0,48.0,2010-01-31,ja,Special,Supernatural
53355,Kumo wo Kou,1,611,3.0,0.0,2022-10-07,ja,Music,Romance
43020,Yi Guan Xing Shen,1,572,1.0,1.0,2020-06-05,ja,Special,Slice of Life
10504,Gosick: Utsukushiki Kaibutsu wa Konton no Sen wo Shimiru,1,16211,13.0,23.0,2011-03-26,ja,Special,Mystery
40472,Boku to Joi no Shinsatsu Nisshi The Animation,1,7778,23.0,31.0,2019-12-20,ja,OVA,Hentai
10334,Samurai X Recap,1,9013,47.0,26.0,1997-07-01,ja,Special,"Action, Adventure, Comedy, Romance"
42509,Super Dragon Ball Heroes: Decisive Battle! Time Patrol vs. The Dark King,1,606,8.0,2.0,2020-02-23,ja,ONA,"Action, Fantasy"
31096,Sound! Euphonium Specials,7,32459,2.0,20.0,2015-06-17,ja,Special,Comedy
3342,Rin: Daughters of Mnemosyne,6,179497,45.0,1114.0,2008-02-04,ja,TV,"Action, Girls Love, Horror, Sci-Fi, Supernatural"
32297,Tenkou Kotofumi,1,579,1.0,0.0,2011-09-18,ja,ONA,Fantasy
13659,Oreimo 2,13,425658,24.0,1195.0,2013-04-07,ja,TV,"Comedy, Romance"
16936,"Boku no Imouto wa ""Osaka Okan"": Haishin Gentei Osaka Okan.",1,4163,3.0,1.0,2012-12-29,ja,ONA,Comedy
45425,Slow Loop,12,58508,24.0,255.0,2022-01-07,ja,TV,"Gourmet, Slice of Life"
23385,Beyond the Boundary: Daybreak,1,126099,23.0,69.0,2014-07-02,ja,Special,"Action, Fantasy"
50685,KAGI-NADO,12,12199,4.0,57.0,2022-04-13,ja,TV,Comedy
7723,Hipira-kun,10,3309,5.0,1.0,2009-12-21,ja,TV,"Comedy, Fantasy, Supernatural"
15577,Hello Kitty in Alice in Wonderland,1,951,30.0,1.0,1993-11-21,ja,OVA,Fantasy
5191,Trouble Evocation,2,1515,28.0,5.0,1996-03-08,ja,OVA,"Drama, Hentai"
37422,Cinderella Girls Gekijou 3rd Season,13,6594,3.0,3.0,2018-07-03,ja,TV,"Comedy, Slice of Life"
9542,Puttsun Make Love,6,686,25.0,0.0,1987-08-14,ja,OVA,"Comedy, Romance, Ecchi"
6579,The Daichis: Earth's Defence Family - Into the Depths of Marital Hell,1,596,22.0,0.0,2002-11-25,ja,Special,"Action, Drama"
17048,Choujin Locke Special,1,562,10.0,0.0,1979-01-01,ja,Special,"Action, Sci-Fi"
34552,Dream Festival! R,12,5185,23.0,17.0,2017-08-23,ja,ONA,UNKNOWN
1729,Maria Watches Over Us 3rd,5,22034,50.0,89.0,2006-12-29,ja,OVA,"Drama, Girls Love"
667,Girl Meets Girl,12,49381,24.0,172.0,2006-01-12,ja,TV,"Comedy, Drama, Girls Love, Romance"
8554,Run Melos,1,1377,67.0,0.0,1981-02-07,ja,Special,Drama
33369,Metronome,1,603,4.0,1.0,2015-10-07,ja,Music,UNKNOWN
39500,Crystal Sea Ver. 69 (Kay Nakayama Remix),1,248,1.0,0.0,2010-01-01,ja,Music,UNKNOWN
31586,Mochibei,1,4446,1.0,11.0,2005-01-01,ja,Movie,Avant Garde
9531,Tezuka Osamu Monogatari: Boku wa Son Gokuu,1,897,69.0,2.0,1989-08-27,ja,Special,Adventure
11933,The Ambition of Oda Nobuna,12,288764,24.0,1136.0,2012-07-09,ja,TV,"Action, Comedy, Romance"
49275,Elf Academy,10,1565,5.0,16.0,2021-07-10,ja,ONA,Comedy
35343,Menhera Ayuri no Yamanai Onedari: Headphone wa Hazusenai,2,5380,17.0,3.0,2017-06-30,ja,OVA,Hentai
2480,Dragon Knight Gaiden,1,1714,47.0,1.0,1995-02-25,ja,OVA,"Action, Fantasy, Hentai"
322,Paradise Kiss,12,214073,24.0,4138.0,2005-10-14,ja,TV,"Drama, Romance"
42600,Never Giving Up!,1,2081,4.0,5.0,2020-08-01,ja,Music,UNKNOWN
4934,A.F,1,1403,15.0,0.0,2002-09-06,ja,Special,"Action, Sci-Fi"
40793,Bokutachi no Kidzuki-hen,1,468,0.5,1.0,2019-09-11,ja,ONA,Romance
39707,Gekiyaba∞Bokkan!!,1,458,3.0,0.0,2017-02-20,ja,Music,Action
7135,Mahou Sensei Negima! Movie: Anime Final,1,20623,84.0,18.0,2011-08-27,ja,Movie,"Adventure, Supernatural"
1074,Naruto: Finally a Clash!! Jounin vs. Genin!,1,78696,26.0,104.0,2005-12-22,ja,OVA,Action
1852,Hidamari Sketch,12,76692,24.0,1025.0,2007-01-12,ja,TV,"Comedy, Slice of Life"
12683,Dream Dream,1,2131,3.0,3.0,2012-01-12,ja,Music,UNKNOWN
30741,Hyoudou Ibuki: Kanpeki Ibuki Kaichou ga Kousoku Do M!? na Wake,2,7765,30.0,30.0,2015-07-31,ja,OVA,Hentai
12663,Patalliro! Stardust Keikaku,1,1671,48.0,0.0,1983-07-10,ja,Movie,"Adventure, Boys Love, Comedy, Romance"
51811,Fake.Fake.Fake,1,1236,3.0,7.0,2019-04-30,ja,Music,UNKNOWN
7307,Gegege no Kitarou (1985),108,2458,25.0,2.0,1985-10-12,ja,TV,"Comedy, Supernatural"
41514,"BOFURI: I Don't Want to Get Hurt, so I'll Max Out My Defense. Season 2",12,198790,23.0,1238.0,2023-01-11,ja,TV,"Action, Adventure, Comedy, Fantasy"
37082,Uchuu Senkan Yamato Pilot Film,1,1217,9.0,0.0,1990-07-27,ja,Special,Sci-Fi
23037,Samurai Jam -Bakumatsu Rock-,12,29317,23.0,46.0,2014-07-02,ja,TV,"Action, Comedy"
7156,Arei's Mirror ~ Way to the Virgin Space,1,1782,26.0,0.0,1985-03-16,ja,Movie,"Action, Adventure, Sci-Fi"
38653,Dragon Ball Super: Broly - Skytree Super,1,16557,4.0,35.0,2018-11-01,ja,Special,"Action, Comedy"
1804,Here is Greenwood,6,10127,30.0,32.0,1991-11-22,ja,OVA,Slice of Life
15883,Fantasista Doll,12,26647,23.0,22.0,2013-07-07,ja,TV,"Fantasy, Sci-Fi"
2682,Blue Legend Shoot!,1,2743,25.0,4.0,1994-12-04,ja,Movie,"Action, Sports"
49893,Miss Kobayashi's Dragon Maid S: Japanese Hospitality (The Attendant is a Dragon),1,67606,23.0,284.0,2022-01-19,ja,Special,"Fantasy, Slice of Life"
3219,Gakuen Utopia Manabi Straight!: Natsu da! Manabi da! Kyouka Gasshuku da!,1,6817,24.0,2.0,2007-10-10,ja,Special,"Comedy, Sci-Fi, Slice of Life"
9718,Alien Hypnosis,2,3634,30.0,2.0,2011-01-14,ja,OVA,Hentai
6547,Angel Beats!,13,2010342,24.0,47648.0,2010-04-03,ja,TV,"Drama, Supernatural"
842,Ushio and Tora,10,13680,30.0,38.0,1992-09-11,ja,OVA,"Action, Comedy, Horror"
15315,"Problem Children Are Coming from Another World, Aren't They?",10,567959,23.0,3696.0,2013-01-12,ja,TV,"Action, Comedy, Fantasy"
10043,Sailor Fuku Shinryou Tsumaka,2,3442,26.0,2.0,2011-03-11,ja,OVA,Hentai
6271,Strange Tales of Modern Mysterious Events,1,1314,46.0,1.0,2006-08-01,ja,OVA,Horror
1827,Moribito - Guardian of the Spirit,26,211708,25.0,2659.0,2007-04-07,ja,TV,"Action, Adventure, Fantasy"
17159,Peeping Life Specials,2,620,5.0,0.0,2009-01-01,ja,Special,"Comedy, Slice of Life"
35409,"Electrical Telegraphy, Electric Bells and Telephones",1,427,10.0,0.0,1931-01-01,ja,Movie,UNKNOWN
28223,Death Parade,12,1688655,23.0,27492.0,2015-01-10,ja,TV,"Drama, Supernatural, Suspense"
51479,Gunjou,1,555,4.0,2.0,2020-12-01,ja,Music,UNKNOWN
34533,Nanbaka: Idiots with Student Numbers!,1,31241,23.0,47.0,2017-04-29,ja,Special,"Action, Comedy"
38854,Magic-kyun! First Live: Hoshinomori Summer Festa 2017 Encore Animation,1,1166,20.0,0.0,2017-09-20,ja,Special,"Fantasy, Romance"
31789,Oni Chichi: Vacation,1,15567,31.0,33.0,2016-04-28,ja,OVA,Hentai
37474,Honour Student after School,3,9860,20.0,32.0,2018-05-25,ja,OVA,Hentai
10079,A Bridge to the Starry Skies,12,172303,25.0,343.0,2011-04-11,ja,TV,"Comedy, Romance, Ecchi"
33122,Patissier Monster,4,488,1.0,0.0,2016-04-26,ja,ONA,Slice of Life
35446,Residence,3,10059,18.0,74.0,2017-05-12,ja,OVA,Hentai
42990,Dogeza de Tanondemita: Isekai-hen,1,16885,3.0,32.0,2021-01-12,ja,Special,"Comedy, Fantasy, Ecchi"
22511,Kobutori,1,594,23.0,0.0,1918-03-19,ja,Movie,Comedy
40684,Twinkle World feat. Hatsune Miku,1,563,4.0,0.0,2014-08-11,ja,Music,UNKNOWN
41812,Mother of the Goddess' Dormitory,10,180865,25.0,1222.0,2021-07-14,ja,TV,"Comedy, Romance, Ecchi"
35178,Sexual Sacrifice,1,7443,16.0,19.0,2017-04-07,ja,OVA,Hentai
251,Kyou kara Maou!,78,110465,25.0,1337.0,2004-04-03,ja,TV,"Adventure, Comedy, Fantasy"
12505,C³ - CubexCursedxCurious - Outdoor School Confusion,1,27784,29.0,10.0,2012-04-25,ja,Special,"Action, Comedy, Supernatural, Ecchi"
2721,Phantom Hunter Miko,2,2077,29.0,4.0,2000-08-25,ja,OVA,"Comedy, Hentai"
39027,Aru Otoko no Ikikata,1,453,2.0,0.0,2019-01-15,ja,ONA,UNKNOWN
2355,Devilman: The Demon Bird,1,21845,57.0,114.0,1990-02-25,ja,OVA,"Horror, Sci-Fi, Supernatural"
6702,Fairy Tail,175,1681333,24.0,45524.0,2009-10-12,ja,TV,"Action, Adventure, Fantasy"
9656,Kimi ni Todoke: From Me to You Season 2,12,451396,23.0,1592.0,2011-01-12,ja,TV,"Drama, Romance"
8372,Makoto-chan,1,858,84.0,2.0,1980-07-26,ja,Movie,Comedy
37377,Masamune-kun's Revenge OVA,1,106249,23.0,101.0,2018-07-27,ja,OVA,"Comedy, Romance"
9202,The Qwaser of Stigmata: Portrait of the Empress,1,27351,23.0,15.0,2010-10-20,ja,OVA,"Action, Supernatural, Ecchi"
313,Aim for the Ace! (1979),1,4273,90.0,11.0,1979-09-08,ja,Movie,"Drama, Romance, Sports"
22013,Koukaku Kidoutai Nyuumon Arise,26,7606,4.0,8.0,2014-01-07,ja,TV,Comedy
817,Tactical Roar,13,10093,25.0,11.0,2006-01-08,ja,TV,"Comedy, Romance, Sci-Fi"
34492,Nuki Doki! Tenshi to Akuma no Sakusei Battle - Revolution,4,9967,17.0,22.0,2017-02-24,ja,OVA,Hentai
6796,"The Ultimate Esper ""R""",1,1643,73.0,3.0,1991-10-24,ja,OVA,"Comedy, Sci-Fi"
7062,Hidamari Sketch x ☆☆☆,12,26966,24.0,147.0,2010-01-08,ja,TV,"Comedy, Slice of Life"
23665,Renai Fuyou Gakuha The Animation,1,6441,26.0,19.0,2014-06-27,ja,OVA,Hentai
9795,Atashin'chi Movie,1,800,95.0,1.0,2003-12-06,ja,Movie,Comedy
1210,Welcome to the N.H.K.,24,709053,24.0,25495.0,2006-07-10,ja,TV,"Comedy, Drama, Romance"
42012,Kaze wa Fuiteru ka?,1,621,2.0,0.0,2020-05-15,ja,Music,UNKNOWN
6713,Ranma 1/2: Hot Song Contest,2,6900,25.0,2.0,1990-11-07,ja,OVA,Comedy
1742,Legend of the Dragon Kings,12,3156,45.0,8.0,1991-06-25,ja,OVA,"Drama, Mystery, Supernatural"
37736,Fire X Fire,2,4996,6.0,6.0,2018-02-13,ja,ONA,Comedy
18121,Teekyu 2,12,30842,2.0,22.0,2013-07-07,ja,TV,Comedy
6245,Spirit of Wonder: China-san Short Stories,3,2315,13.0,4.0,2001-01-25,ja,Special,"Comedy, Sci-Fi"
36164,Gun Girls,12,1027,14.0,1.0,2017-08-18,ja,ONA,"Action, Comedy, Sci-Fi, Slice of Life"
36704,Free! Dive to the Future,12,173939,23.0,624.0,2018-07-12,ja,TV,Sports
32734,"Satto Anshin, SAT x Peeping Life",3,408,1.0,0.0,2015-09-30,ja,ONA,"Comedy, Slice of Life"
35119,Youkai Shoujo,1,356,2.0,0.0,2010-01-01,ja,Music,UNKNOWN
39810,Kyou Kara Maou! Recap,1,1191,25.0,0.0,2005-12-16,ja,Special,"Adventure, Comedy, Fantasy"
41303,Poka Poka Planet,1,282,4.0,0.0,2019-12-21,ja,Music,UNKNOWN
19231,Jam,1,1032,2.0,1.0,2009-01-01,ja,Music,"Avant Garde, Fantasy"
4260,Five Card,4,1564,28.0,1.0,2000-09-28,ja,OVA,"Comedy, Hentai"
31156,Sky Wizards Academy OVA,1,24126,23.0,17.0,2016-03-09,ja,OVA,"Action, Drama, Fantasy"
7505,Knyacki!,1,1011,5.0,5.0,1995-04-07,ja,TV,"Comedy, Drama, Fantasy"
11633,Blood Lad,10,668222,24.0,2022.0,2013-07-08,ja,TV,"Action, Comedy, Fantasy"
41750,Ghost in the Shell: SAC_2045 Season 2,12,9513,24.0,30.0,2022-05-23,ja,ONA,"Action, Mystery, Sci-Fi"
35135,Anemone: Eureka Seven Hi-Evolution,1,12076,90.0,16.0,2018-11-10,ja,Movie,"Adventure, Drama, Sci-Fi"
11179,"Listen to Me, Girls. I Am Your Father!",12,190065,23.0,618.0,2012-01-11,ja,TV,"Comedy, Romance"
312,Ace wo Nerae! Final Stage,12,2377,24.0,8.0,1989-10-25,ja,OVA,"Drama, Sports"
23897,Lovely Movie: Lovely Muuuuuuuco!,20,1449,2.0,0.0,2013-07-29,ja,TV,Slice of Life
2658,Doraemon the Movie: The Record of Nobita's Parallel Visit to the West,1,4875,90.0,2.0,1988-03-12,ja,Movie,"Adventure, Fantasy, Sci-Fi"
50815,It'll Be Fine!,1,826,3.0,1.0,2022-01-14,ja,Music,UNKNOWN
26189,Ai Tenshi Densetsu Wedding Peach Specials,2,1584,10.0,2.0,1995-11-01,ja,Special,"Adventure, Comedy, Romance"
1161,Maze: The Mega-Burst Space,25,6687,24.0,12.0,1997-04-03,ja,TV,"Adventure, Comedy, Fantasy"
16970,Nyuuin Bokki Monogatari: Odaijini!,2,621,44.0,1.0,1991-12-05,ja,OVA,"Comedy, Ecchi"
37196,Hana (Music),1,285,4.0,0.0,2008-02-01,ja,Music,UNKNOWN
29917,Uriko-hime to Amanojaku,1,325,17.0,0.0,1956-01-01,ja,Movie,UNKNOWN
12993,Beyond the Beyond,1,533,1.0,1.0,2005-03-19,ja,Music,UNKNOWN
8635,Shin Koihime†Musou: Live Revolution,1,5354,22.0,2.0,2010-03-17,ja,OVA,Ecchi
18099,Recorder and Randsell Mi,12,22947,3.0,7.0,2013-07-08,ja,TV,"Comedy, Slice of Life"
36185,Lan Mo's Flower,9,5590,13.0,17.0,2017-07-13,ja,ONA,Romance
40507,Arifureta: From Commonplace to World's Strongest Season 2,12,345009,23.0,4202.0,2022-01-13,ja,TV,"Action, Adventure, Fantasy"
36286,Re:ZERO -Starting Life in Another World- Memory Snow,1,279830,60.0,607.0,2018-10-06,ja,Movie,Fantasy
2547,A Little Princess Sara,46,19801,25.0,115.0,1985-01-06,ja,TV,Drama
2786,Bakegyamon,51,3495,25.0,13.0,2006-04-03,ja,TV,"Action, Fantasy"
5629,Super Bestial Machine God Dancougar: Blazing Epilogue,4,1278,30.0,2.0,1989-12-16,ja,OVA,Sci-Fi
10355,Twinkle Heart: Gingakei made Todokanai,1,1572,44.0,4.0,1986-12-05,ja,OVA,"Adventure, Comedy"
4025,Asobou! Hello Kitty,26,1489,25.0,5.0,1994-04-06,ja,TV,"Adventure, Fantasy"
41918,The Island of Siliang,15,1937,20.0,34.0,2021-06-14,ja,ONA,"Action, Fantasy"
30083,Warenai Tamago,1,286,2.0,0.0,1984-04-06,ja,Music,Comedy
20951,DPR Special Movie,1,1334,6.0,1.0,2013-10-17,ja,Special,Slice of Life
35784,Aozora,1,343,2.0,0.0,2005-06-02,ja,Music,UNKNOWN
40861,Pokémon: Twilight Wings,7,21368,6.0,59.0,2020-01-15,ja,ONA,"Action, Adventure, Comedy, Fantasy"
39864,Petit Clover Advance,15,5608,4.0,14.0,2018-02-23,ja,Special,Comedy
51692,Nights with a Cat,30,11817,2.0,105.0,2022-08-04,ja,TV,Comedy
39991,Promare: Galo-hen,1,26811,10.0,10.0,2019-05-24,ja,ONA,"Action, Sci-Fi"
39890,Anta e,1,433,6.0,0.0,2013-11-06,ja,Music,Drama
29665,Illusion City,1,416,4.0,0.0,1967-01-01,ja,Movie,Avant Garde
35745,40-shuunen da yo!! CoroCoro All-Star Shougakkou,2,799,12.0,2.0,2017-07-15,ja,ONA,Comedy
24591,"Yo-kai Watch the Movie: It's the Secret of Birth, Meow!",1,6110,96.0,11.0,2014-12-20,ja,Movie,"Award Winning, Comedy, Supernatural"
10586,Cafe de Oni,1,829,4.0,2.0,2004-12-22,ja,Music,UNKNOWN
36950,Yuragi-sou no Yuuna-san OVA,4,57698,23.0,74.0,2018-07-04,ja,OVA,"Comedy, Romance, Supernatural, Ecchi"
20463,Little Nemo Pilot,1,968,10.0,2.0,1987-01-01,ja,Special,Adventure
30412,Zombie Brother,41,3119,8.0,6.0,2014-11-24,ja,ONA,"Action, Comedy, Horror"
276,Mahoromatic: Automatic Maiden,12,61752,24.0,196.0,2001-10-06,ja,TV,"Comedy, Romance, Sci-Fi, Ecchi"
30427,Mr. Empty,1,448,1.0,1.0,2004-12-22,ja,Music,UNKNOWN
43608,Kaguya-sama: Love is War - Ultra Romantic,13,820642,23.0,29118.0,2022-04-09,ja,TV,"Comedy, Romance"
1713,Submarine Super 99,13,2077,24.0,1.0,2003-05-08,ja,TV,"Action, Adventure, Sci-Fi"
36345,AOTU Shijie 2,20,591,12.0,3.0,2017-10-31,ja,ONA,"Action, Adventure, Fantasy, Sci-Fi"
12581,See Me After Class,1,54059,29.0,106.0,2012-06-23,ja,OVA,"Comedy, Romance, Ecchi"
7782,Amazing Bowel Familiars,1,14667,11.0,6.0,2009-12-23,ja,Special,Comedy
793,xxxHOLiC The Movie: A Midsummer Night's Dream,1,64411,60.0,119.0,2005-08-20,ja,Movie,"Comedy, Drama, Mystery, Supernatural"
53599,Zen - Grogu and Dust Bunnies,1,3398,3.0,16.0,2022-11-12,ja,ONA,"Action, Adventure, Sci-Fi"
51923,Smile of the Arsnotoria the Animation,12,26471,23.0,49.0,2022-07-06,ja,TV,"Action, Fantasy"
40143,Pokemon Masters: Trainers Great Gathering Special Animation,1,2362,4.0,0.0,2019-06-27,ja,ONA,"Action, Fantasy"
34632,Such a Good Place to Die,1,580,3.0,0.0,2015-03-29,ja,Movie,Avant Garde
41659,Case File nº221: Kabukicho OVA,6,6354,4.0,13.0,2020-08-26,ja,OVA,"Comedy, Drama, Mystery"
31133,InuYasha: Shounen Sunday CM,2,5173,0.5,58.0,1996-11-13,ja,Special,"Action, Fantasy"
4462,Mighty Taro's Reckless Training,1,1540,1.0,1.0,1928-01-01,ja,Movie,Action
2905,Ikkitousen: Dragon Destiny Specials,6,22941,3.0,10.0,2007-06-24,ja,Special,Ecchi
6220,The Cougar Trap,2,5348,27.0,17.0,2009-03-13,ja,OVA,Hentai
5455,Saimin Jutsu The Animation 2nd,2,5417,29.0,9.0,2008-10-25,ja,OVA,Hentai
52304,Reincarnation Apple,1,238,3.0,0.0,2022-06-03,ja,Music,UNKNOWN
7496,Saiyuuki: Son Gokuu Monogatari,1,1299,8.0,2.0,1926-01-01,ja,Movie,Adventure
1132,Digimon Frontier,50,151963,23.0,563.0,2002-04-07,ja,TV,"Action, Adventure, Comedy, Drama, Fantasy"
9861,Anime Tenchou Movie,1,2727,3.0,1.0,2010-11-05,ja,Special,Action
5330,Alice in Cyberland,2,2869,23.0,2.0,1996-12-16,ja,Special,Sci-Fi
31747,Bottom Biting Bug 4,10,589,5.0,1.0,2015-10-05,ja,TV,Comedy
37171,Asobi Asobase - workshop of fun -,12,450287,23.0,6237.0,2018-07-08,ja,TV,Comedy
10189,Hunter x Hunter Pilot,1,27542,25.0,56.0,1998-07-26,ja,OVA,"Action, Adventure"
1088,Macross,36,105035,25.0,1692.0,1982-10-03,ja,TV,"Action, Romance, Sci-Fi"
40295,Another World,3,32097,10.0,54.0,2019-09-13,ja,ONA,Sci-Fi
229,Ninja Nonsense,12,34202,24.0,128.0,2004-07-10,ja,TV,Comedy
17371,Natsuyasumi.,3,12509,14.0,98.0,2013-01-27,ja,ONA,"Boys Love, Hentai"
30399,Thank You and Sorry,1,440,2.0,1.0,2009-01-01,ja,Movie,UNKNOWN
39714,Beam!,1,330,3.0,0.0,2014-05-30,ja,Music,"Action, Drama"
2619,Spider Riders,26,9268,23.0,27.0,2006-04-05,ja,TV,"Action, Adventure"
3538,Slave Nurses,3,4306,24.0,9.0,2003-01-24,ja,OVA,Hentai
307,Adventures On Rainbow Pond,39,1393,24.0,3.0,1973-01-02,ja,TV,"Comedy, Fantasy"
269,Bleach,366,1856976,24.0,68896.0,2004-10-05,ja,TV,"Action, Adventure, Fantasy"
49571,Swallowed Star,104,4513,21.0,96.0,2021-12-29,ja,ONA,"Action, Adventure, Fantasy, Sci-Fi"
1798,Animation Runner Kuromi 2,1,5961,45.0,3.0,2004-01-28,ja,OVA,"Comedy, Drama"
35346,THE IDOLM@STER CINDERELLA GIRLS Theater (Web) 2nd Season,13,5023,1.0,3.0,2017-04-04,ja,ONA,"Comedy, Slice of Life"
34501,Kenka Bancho Otome -Girl Beats Boys-,12,79601,8.0,214.0,2017-04-12,ja,TV,Action
38916,Battle Spirits: Saga Brave,3,1248,24.0,4.0,2019-06-14,ja,ONA,"Adventure, Sci-Fi"
688,Utakata,12,25086,23.0,83.0,2004-10-03,ja,TV,Drama
40714,Yo-kai Watch Jam: Yo-kai Academy Y,63,1691,24.0,7.0,2019-12-27,ja,TV,"Comedy, Supernatural"
3653,Linebarrels of Iron,24,42085,23.0,88.0,2008-10-03,ja,TV,"Action, Sci-Fi"
3889,Junk Boy,1,8849,45.0,24.0,1987-12-16,ja,OVA,"Comedy, Romance, Ecchi"
8460,Mirai Nikki,1,230782,8.0,2393.0,2010-12-09,ja,OVA,"Action, Supernatural"
24833,Assassination Classroom,22,1914784,23.0,28752.0,2015-01-10,ja,TV,"Action, Comedy"
41405,Bakugan: Armored Alliance,52,3577,24.0,2.0,2020-04-03,ja,TV,"Action, Fantasy"
23115,Hamatora The Animation: Saishuukai Chokuzen! Mao ga Okuru,1,8031,26.0,5.0,2014-03-21,ja,Special,"Comedy, Mystery"
5854,Legend of the Condor Hero III,26,2849,20.0,1.0,2008-04-13,ja,TV,"Action, Adventure, Drama, Romance"
51198,Knights on Debris: Spark Reignited,1,372,32.0,2.0,2022-01-01,ja,Special,"Action, Fantasy, Sci-Fi"
44196,Thousand Autumns,16,8762,28.0,162.0,2021-02-08,ja,ONA,"Action, Fantasy"
15823,Shin Takarajima,1,622,52.0,0.0,1965-01-03,ja,Special,Adventure
51390,Forty Millenniums of Cultivation,16,1440,21.0,9.0,2022-10-04,ja,ONA,"Action, Fantasy, Sci-Fi"
2794,Kussetsu,3,1461,28.0,0.0,2002-02-22,ja,OVA,Hentai
52131,Boogiepop Dengeki Bunko CMs,2,360,0.5,0.0,1999-01-01,ja,Special,Suspense
1450,Brigadoon,26,13026,24.0,143.0,2000-07-21,ja,TV,"Adventure, Comedy, Drama, Sci-Fi"
6444,Tegami Bachi: Letter Bee,25,118679,24.0,733.0,2009-10-03,ja,TV,"Adventure, Fantasy"
13373,Flower,1,4784,0.5,0.0,2010-06-01,ja,Special,Slice of Life
31440,Teekyu 6,12,17176,2.0,11.0,2015-10-06,ja,TV,Comedy
8701,Apartment!,1,1429,5.0,0.0,2004-05-01,ja,ONA,"Comedy, Slice of Life"
3923,Kamen Rider Den-O: Imagin Anime,10,1379,4.0,5.0,2008-04-25,ja,OVA,"Action, Adventure, Comedy"
24603,Xiongmao Monogatari TaoTao,1,466,86.0,0.0,1981-12-28,ja,Movie,"Comedy, Fantasy"
31874,2002-nen Halmeoni Ondo,1,521,2.0,0.0,2002-04-04,ja,Music,UNKNOWN
37590,Devilman: Crybaby - Digest Video,1,9704,3.0,19.0,2018-03-24,ja,ONA,"Action, Horror, Supernatural"
18523,Senyuu. 2,13,56147,4.0,107.0,2013-07-03,ja,TV,"Action, Comedy, Fantasy"
10697,Thick and Creamy Milk Pot,2,8451,19.0,43.0,2011-08-05,ja,OVA,Hentai
13917,Star☆Jewel Gaiden: Natsumi Oblivion,1,2641,31.0,3.0,2012-03-22,ja,OVA,"Girls Love, Hentai"
13255,Haru wa Kuru,1,967,4.0,0.0,2012-01-27,ja,ONA,Adventure
1865,Getsumen To Heiki Mina,11,8070,23.0,13.0,2007-01-14,ja,TV,"Action, Comedy, Sci-Fi, Ecchi"
18481,Bishoujo Animerama: Gokkun Doll - Choujigen Pico-chan Toujou!!,1,944,30.0,5.0,1990-05-24,ja,OVA,"Sci-Fi, Hentai"
37606,First Rabbit,1,261,4.0,0.0,2013-05-22,ja,Music,UNKNOWN
9200,Dae Jang Geum: Jang Geum's Dream 2,26,2070,24.0,13.0,2007-03-14,ja,TV,"Adventure, Comedy, Gourmet"
30559,Why,1,469,10.0,1.0,1975-01-01,ja,Movie,Avant Garde
34125,High School Fleet OVA,2,19973,24.0,30.0,2017-03-31,ja,OVA,Action
38071,Tayo the Little Bus Season 2,26,339,11.0,0.0,2011-11-30,ja,TV,UNKNOWN
10379,Natsume's Book of Friends Season 3,13,243509,24.0,1368.0,2011-07-05,ja,TV,"Drama, Slice of Life, Supernatural"
38425,Ikkitousen: Western Wolves,3,14120,27.0,21.0,2019-01-03,ja,OVA,"Action, Ecchi"
34055,Berserk: Season II,12,174636,24.0,453.0,2017-04-07,ja,TV,"Action, Adventure, Drama, Fantasy, Horror"
11101,Honoo no Alpenrose,2,857,76.0,2.0,1986-02-15,ja,OVA,"Drama, Romance"
6993,Koneko no Rakugaki,1,2038,13.0,1.0,1957-05-13,ja,Movie,Comedy
42220,Condom Battler Gorou,4,2210,1.0,11.0,2020-06-11,ja,ONA,Action
2946,Angel Core,2,5525,28.0,10.0,2003-01-25,ja,OVA,"Action, Hentai"
40102,Do You Love Your Mom and Her Two-Hit Multi-Target Attacks? Do You Love Your Mom on the Shore?,1,43691,23.0,97.0,2020-03-25,ja,OVA,"Comedy, Fantasy, Ecchi"
53884,"Wanted, Wasted",1,287,3.0,1.0,2022-12-16,ja,Music,UNKNOWN
50038,Konna Koto Soudou,1,365,5.0,0.0,2019-10-08,ja,Music,Supernatural
1269,Bio Hunter,1,13955,58.0,11.0,1995-12-08,ja,OVA,"Action, Horror"
49498,Ramen Chai-nyan,1,268,5.0,1.0,2001-02-14,ja,OVA,"Action, Comedy"
1325,Violinist of Hamelin,25,6468,24.0,21.0,1996-10-02,ja,TV,"Adventure, Drama, Fantasy"
52200,Gakusen Toshi Asterisk Mini Drama,1,521,5.0,0.0,2022-06-24,ja,ONA,Comedy
39734,LINE Novel,2,1845,2.0,4.0,2019-04-16,ja,ONA,Slice of Life
32861,Tsukiyomi,1,362,5.0,0.0,2013-11-11,ja,Music,UNKNOWN
24675,Future Card Buddyfight Recap,1,831,24.0,0.0,2014-06-14,ja,Special,UNKNOWN
36455,My Cultivator Girlfriend,15,35525,15.0,102.0,2017-09-20,ja,ONA,"Adventure, Fantasy, Romance, Supernatural"
37680,Onihei Pilot,1,723,5.0,0.0,2017-02-22,ja,Special,UNKNOWN
2693,Suddenly Princess,3,3735,30.0,4.0,1997-12-01,ja,OVA,"Comedy, Fantasy"
7616,Michi (Movie),4,1183,13.0,12.0,2002-01-01,ja,Movie,"Drama, Slice of Life"
2036,Cosmic Baton Girl Comet-san☆,43,4389,24.0,39.0,2001-04-01,ja,TV,"Adventure, Comedy, Drama, Sci-Fi"
5277,Sekirei: Pure Engagement,13,235683,24.0,530.0,2010-07-04,ja,TV,"Action, Comedy, Ecchi"
32437,One Piece: Long Ring Long Land Arc,1,10053,75.0,14.0,2015-12-11,ja,Special,"Action, Adventure, Fantasy"
40045,Motto! Majime ni Fumajime Kaiketsu Zorori,25,935,25.0,2.0,2020-04-05,ja,TV,"Adventure, Comedy"
36095,Mirror Mirror (Bombs BiS),1,350,5.0,1.0,2014-05-01,ja,Music,UNKNOWN
27783,Sword Gai The Animation,12,68496,22.0,50.0,2018-03-23,ja,ONA,"Action, Supernatural"
3843,Ali Baba to 40-hiki no Touzoku,1,1682,55.0,1.0,1971-07-18,ja,Movie,"Action, Fantasy"
31018,DD Fist of the North Star 2: Strawberry Flavor Plus,12,3616,23.0,1.0,2015-10-07,ja,TV,Comedy
4730,Hentai Express,1,5532,23.0,56.0,2007-08-31,ja,OVA,Hentai
1094,One Piece TV Special: Adventure in the Ocean's Navel,1,36033,49.0,25.0,2000-12-20,ja,Special,"Action, Adventure, Fantasy"
1363,Case Closed Movie 4: Captured In Her Eyes,1,59845,100.0,95.0,2000-04-22,ja,Movie,"Adventure, Comedy, Mystery"
4808,Hurricane Polymar,26,2414,25.0,5.0,1974-10-04,ja,TV,"Action, Adventure, Sci-Fi"
7518,Boku wa Kuma,1,1498,2.0,1.0,2006-10-02,ja,Music,Slice of Life
17897,Flowers Will Bloom,1,1979,4.0,2.0,2013-03-20,ja,Special,UNKNOWN
2408,Sergeant Frog Movie 2,1,5577,78.0,13.0,2007-03-17,ja,Movie,"Action, Adventure, Comedy, Drama, Sci-Fi"
6999,Prince of Tennis: Another Story - Messages From Past and Future OVA Bonus,2,6277,3.0,3.0,2009-05-26,ja,Special,Comedy
34975,Marvel Future Avengers,26,4574,22.0,8.0,2017-07-22,ja,TV,Action
43919,Study Me,1,1107,4.0,9.0,2020-05-14,ja,Music,UNKNOWN
52963,Readymade,1,488,4.0,2.0,2020-12-24,ja,Music,UNKNOWN
4320,Lupin III: Green vs. Red,1,8550,79.0,9.0,2008-04-02,ja,OVA,"Action, Adventure, Comedy, Mystery"
51842,Seven Count,1,554,3.0,1.0,2022-03-27,ja,Music,UNKNOWN
35680,Time Driver: Bokura ga Kaita Mirai,1,1208,23.0,0.0,2018-03-10,ja,Movie,UNKNOWN
2166,Dojin Work,12,27685,13.0,41.0,2007-07-04,ja,TV,"Comedy, Slice of Life"
5315,Ero Manga Mitai na Koi Shiyo,2,7281,27.0,17.0,2008-06-27,ja,OVA,Hentai
43397,Harmonia feat. Makoto,1,268,3.0,0.0,2017-02-09,ja,Music,Avant Garde
45587,GLOOMY The Naughty Grizzly,12,7557,1.0,40.0,2021-04-12,ja,TV,Comedy
48508,K×Drop!!,1,972,5.0,0.0,2017-03-29,ja,ONA,"Comedy, Suspense"
31551,Yurumates 3D Plus: Natsuyasumi Maison du Wish Report,1,1012,3.0,0.0,2012-08-30,ja,OVA,"Comedy, Slice of Life"
32455,Gekidol,12,14737,23.0,28.0,2021-01-05,ja,TV,"Drama, Sci-Fi"
3277,Kinnikuman: Haresugata! Seigi Choujin,1,830,60.0,1.0,1985-12-21,ja,Movie,"Action, Comedy, Sports"
6787,Goulart Knights: Evoked the Beginning Black,1,11471,22.0,17.0,2010-12-25,ja,OVA,"Action, Drama, Fantasy, Supernatural"
2324,Angel Blade,3,10509,29.0,43.0,2001-12-14,ja,OVA,"Action, Hentai"
32818,Boonie Bears or Bust,104,352,13.0,0.0,2012-07-30,ja,TV,Comedy
37535,Asunal Kanayama,2,365,0.2,0.0,2013-06-03,ja,Special,Slice of Life
35752,Otsukimi Recital,1,4560,3.0,7.0,2013-07-02,ja,Music,UNKNOWN
42145,Hulaing Babies Aratame: Staying Babies,4,824,5.0,0.0,2020-06-10,ja,TV,"Comedy, Slice of Life"
19163,Date A Live II,10,613950,28.0,2172.0,2014-04-12,ja,TV,"Action, Romance, Sci-Fi"
6768,Code Geass: Hangyaku no Lelouch R2 Special Edition - Zero Requiem,1,47518,116.0,82.0,2009-07-24,ja,OVA,Action
8891,Nippon-ichi no Otoko no Tamashii 2,16,804,10.0,0.0,1999-05-04,ja,TV,"Comedy, Romance"
3905,The Little Prince and the Eight-Headed Dragon,1,2705,86.0,7.0,1963-03-24,ja,Movie,"Adventure, Award Winning, Fantasy"
31157,ClassicaLoid,25,25966,24.0,89.0,2016-10-08,ja,TV,Comedy
10638,Ground Control to Psychoelectric Girl Special,1,60264,29.0,45.0,2012-02-08,ja,Special,"Comedy, Sci-Fi"
49164,Make My Day,8,5039,25.0,5.0,2023-02-02,ja,ONA,"Horror, Suspense"
5821,Zenmai Zamurai,215,662,5.0,3.0,2006-04-03,ja,TV,Comedy
10805,The World God Only Knows: Four Girls and an Idol,1,104602,24.0,86.0,2011-09-16,ja,OVA,"Comedy, Supernatural"
3303,My Sex Tutor,4,2866,27.0,9.0,2002-04-25,ja,OVA,Hentai
5553,Love Forever,1,928,31.0,1.0,2001-09-21,ja,OVA,Hentai
3345,Mikan Enikki,30,2998,23.0,26.0,1992-10-16,ja,TV,"Comedy, Romance, Slice of Life"
44,Samurai X: Trust and Betrayal,4,268621,29.0,6137.0,1999-02-20,ja,OVA,"Action, Drama, Romance"
49876,Mahou Shoujo Elena DVD-BOX Special,1,821,3.0,2.0,2015-12-11,ja,Special,"Supernatural, Hentai"
34860,Dance XX,1,324,4.0,0.0,2015-10-07,ja,Music,UNKNOWN
33394,Mahou Shoujo? Naria Girls,12,8585,8.0,14.0,2016-07-07,ja,TV,UNKNOWN
4460,Kikumana,1,8911,6.0,8.0,2001-07-14,ja,ONA,Avant Garde
33203,Anonymous Noise,12,119357,23.0,620.0,2017-04-11,ja,TV,"Drama, Romance"
3101,F-Zero: GP Legend,51,9136,23.0,62.0,2003-10-07,ja,TV,"Action, Adventure, Sci-Fi"
11773,To Heart 2: Dungeon Travelers,2,4582,28.0,5.0,2012-02-22,ja,OVA,"Adventure, Comedy, Fantasy, Ecchi"
6379,Kyou no 5 no 2 (TV): Takarabako,1,8597,28.0,3.0,2009-10-06,ja,OVA,"Comedy, Ecchi"
50462,False Memory,1,1130,18.0,8.0,2020-09-30,ja,ONA,"Action, Mystery"
3736,Parappa the Rapper,30,4147,23.0,39.0,2001-04-14,ja,TV,"Comedy, Fantasy"
9322,HHH Triple Ecchi,4,32554,16.0,284.0,2010-11-26,ja,OVA,Hentai
49345,"Goodbye, Don Glees!",1,17684,95.0,74.0,2022-02-18,ja,Movie,"Adventure, Drama"
8017,Armored Trooper Votoms: Phantom Arc,6,2898,24.0,1.0,2010-03-26,ja,OVA,"Action, Drama, Sci-Fi"
31830,Lilac (Bombs Jun Togawa),1,960,4.0,1.0,2015-09-27,ja,Music,UNKNOWN
50053,Humanoid,1,381,4.0,2.0,2018-11-06,ja,Music,Supernatural
33197,Lostorage incited WIXOSS,12,56292,23.0,106.0,2016-10-08,ja,TV,UNKNOWN
40703,Melody Line,1,346,3.0,0.0,2011-01-16,ja,Music,UNKNOWN
11357,Micro Teukgongdae Diatron 5,1,1028,57.0,3.0,1985-07-20,ja,Movie,Sci-Fi
25375,Moon Pride,1,5503,3.0,10.0,2014-07-19,ja,Music,"Romance, Supernatural"
3456,Candy☆Boy: Side Story For Archive,1,31241,10.0,22.0,2007-11-22,ja,ONA,"Girls Love, Romance"
32377,Azure Nihon Data Center,1,1771,0.9,1.0,2014-02-25,ja,ONA,Action
40606,Captain Tsubasa Special,1,775,3.0,0.0,2019-11-03,ja,Special,Sports
8668,The Qwaser Of Stigmata Picture Drama,16,16854,2.0,10.0,2010-04-21,ja,Special,Ecchi
31297,Tokyo Ghoul: Pinto,1,207801,24.0,375.0,2015-12-25,ja,OVA,"Action, Fantasy, Horror"
34958,The Nation of Fish,1,492,15.0,0.0,1928-01-01,ja,Movie,UNKNOWN
34927,Rilu Rilu Fairilu: Mahou no Kagami,51,1870,23.0,3.0,2017-04-07,ja,TV,"Fantasy, Slice of Life"
782,Gasaraki,25,21822,25.0,51.0,1998-10-04,ja,TV,"Drama, Supernatural"
1385,Black Widow,2,4212,28.0,11.0,2002-05-31,ja,OVA,Hentai
5651,Helter Skelter: Hakudaku no Mura,4,8483,28.0,62.0,2009-01-30,ja,OVA,Hentai
7818,Fairy King,1,1811,60.0,2.0,1988-12-21,ja,OVA,Fantasy
43204,Gundam Reconguista in G III: Legacy from Space,1,2148,104.0,2.0,2021-07-22,ja,Movie,"Action, Sci-Fi"
186,Initial D Second Stage,13,202885,23.0,996.0,1999-10-15,ja,TV,"Action, Drama"
48569,86 Eighty-Six Part 2,12,432081,23.0,12960.0,2021-10-03,ja,TV,"Action, Drama, Sci-Fi"
7580,Ikkitousen: Xtreme Xecutor,12,49408,24.0,39.0,2010-03-26,ja,TV,"Action, Ecchi"
1194,Coyote Ragtime Show,12,20353,24.0,34.0,2006-07-04,ja,TV,"Action, Adventure, Comedy, Sci-Fi"
25861,Inugami-san to Nekoyama-san: Nekoyama-san to Onsen Ryokou,1,15756,4.0,5.0,2014-07-18,ja,Special,"Comedy, Girls Love"
5658,Great Mazinger,56,5675,25.0,15.0,1974-09-08,ja,TV,"Action, Sci-Fi"
38022,Monster Strike the Animation,63,5257,10.0,7.0,2018-07-08,ja,ONA,"Action, Fantasy"
27663,Baby Steps 2nd Season,25,88800,24.0,310.0,2015-04-05,ja,TV,Sports
35480,Karadasagashi,10,4834,3.0,8.0,2017-07-30,ja,ONA,Horror
4177,Xam'd: Lost Memories,26,138433,24.0,1075.0,2008-07-15,ja,ONA,"Action, Adventure, Sci-Fi"
2082,Marriage,2,1731,27.0,2.0,1996-03-23,ja,OVA,"Romance, Slice of Life"
40112,Otome no Inori,1,601,2.0,2.0,2006-01-01,ja,Music,UNKNOWN
25943,Hacka Doll,2,9005,1.0,5.0,2014-08-15,ja,ONA,Fantasy
783,Miami Guns,13,6665,24.0,20.0,2000-02-05,ja,TV,"Comedy, Ecchi"
8333,A Child's Metaphysics,1,1209,5.0,0.0,2007-10-20,ja,ONA,"Award Winning, Fantasy"
1042,Bronze: Zetsuai Since 1989,1,10613,48.0,33.0,1996-12-04,ja,OVA,"Boys Love, Drama, Romance, Sports, Erotica"
39457,Shounen Ashibe: Go! Go! Goma-chan 4,24,686,9.0,0.0,2019-04-02,ja,TV,"Comedy, Slice of Life"
40850,Breakers,16,10324,8.0,8.0,2020-01-07,ja,TV,Sports
31404,And you thought there is never a girl online?,12,519355,24.0,1193.0,2016-04-07,ja,TV,"Comedy, Romance, Ecchi"
33389,Genbanojou,1,1100,24.0,0.0,2017-03-11,ja,Movie,UNKNOWN
32581,Gaza: Changing the World,1,428,2.0,2.0,2015-06-27,ja,ONA,"Drama, Supernatural"
1327,Blue Legend Shoot!,58,14603,24.0,78.0,1993-11-07,ja,TV,"Romance, Sports"
40807,Ore wo Suki nano wa Omae dake ka yo: Ore wa Teinei ni Susumeru,1,28637,23.0,41.0,2019-12-05,ja,Special,"Comedy, Romance"
24439,Blood Blockade Battlefront,12,840932,26.0,7590.0,2015-04-05,ja,TV,"Action, Comedy, Fantasy"
1372,You're Under Arrest (1996),47,32752,24.0,197.0,1996-10-05,ja,TV,"Action, Comedy"
27991,K: Return of Kings,13,322002,24.0,1194.0,2015-10-03,ja,TV,"Action, Fantasy"
5347,Bible Black: Imari Ryoujoku Genba,1,13574,10.0,32.0,2005-07-25,ja,Special,Hentai
12883,tsuritama,12,165566,23.0,2264.0,2012-04-13,ja,TV,"Comedy, Sci-Fi, Slice of Life"
14753,Hori-san to Miyamura-kun,6,113163,23.0,631.0,2012-09-26,ja,OVA,Romance
22099,Herobank,51,2887,23.0,10.0,2014-04-07,ja,TV,UNKNOWN
40964,Back Arrow,24,39098,23.0,104.0,2021-01-09,ja,TV,"Action, Fantasy"
6075,Ai no Wakakusa Yama Monogatari,12,1308,4.0,0.0,1999-08-01,ja,TV,Comedy
4540,Gundam: Mission To The Rise,1,5311,2.0,3.0,1998-08-01,ja,Special,"Action, Sci-Fi"
207,Record of Lodoss War,13,67678,25.0,599.0,1990-06-30,ja,OVA,"Action, Adventure, Fantasy"
32860,Wonderland,2,240,1.0,0.0,2013-10-21,ja,Music,UNKNOWN
10465,Magic Breast Secret Sword Scroll,12,76090,24.0,256.0,2011-07-11,ja,TV,"Action, Comedy, Ecchi"
36028,Golden Kamuy,12,361477,23.0,3956.0,2018-04-09,ja,TV,"Action, Adventure"
1217,Seikimatsu★Darling,1,8082,30.0,8.0,1996-02-16,ja,OVA,"Boys Love, Comedy, Drama, Romance"
26351,The Disappearance of Nagato Yuki-chan,16,133234,24.0,300.0,2015-04-04,ja,TV,"Comedy, Romance"
7266,Binkan Athlete,1,7639,32.0,14.0,2009-12-18,ja,OVA,Hentai
1482,D.Gray-man,103,673585,23.0,13625.0,2006-10-03,ja,TV,"Action, Adventure, Fantasy"
31456,Code:Realize ~Guardian of Rebirth~,12,81066,23.0,264.0,2017-10-07,ja,TV,"Fantasy, Romance"
38673,Katana Maidens: Mini Toji,10,6192,5.0,5.0,2019-01-06,ja,TV,"Action, Comedy, Fantasy"
28993,Hand Soap,1,1016,15.0,1.0,2008-01-01,ja,Movie,Avant Garde
21663,Last Orders,1,1903,1.0,0.0,1997-10-01,ja,Special,"Action, Sci-Fi"
32648,Handa-kun,12,281632,24.0,829.0,2016-07-08,ja,TV,Comedy
1941,Moonlight Mile 1st Season: Lift Off,12,10968,25.0,19.0,2007-03-04,ja,TV,"Adventure, Drama, Sci-Fi"
21439,Uta no Prince Sama Revolutions,13,58706,24.0,220.0,2015-04-05,ja,TV,"Comedy, Romance"
7972,"Chi's Sweet Home: Chi to Kocchi, Deau.",1,7146,13.0,7.0,2010-04-23,ja,OVA,"Comedy, Slice of Life"
18055,Hakkenden -Eight Dogs of the East- Season 2,13,62112,24.0,206.0,2013-07-07,ja,TV,"Action, Fantasy, Mystery"
6062,Duel Masters Movie 2: Lunatic God Saga,1,1121,71.0,0.0,2009-09-19,ja,Movie,"Action, Adventure, Comedy"
40283,Role Playing Soldier,1,320,3.0,0.0,2019-04-26,ja,Music,"Action, Fantasy"
6525,Peeping Life: The Perfect Edition,10,3081,5.0,5.0,2009-05-14,ja,TV,"Comedy, Slice of Life"
5764,The Familiar of Zero: Rondo of the Princesses OVA,1,91975,23.0,120.0,2008-12-25,ja,Special,"Comedy, Fantasy, Ecchi"
30328,Head Spoon,1,511,5.0,0.0,1972-01-01,ja,Movie,Avant Garde
40748,Jujutsu Kaisen,24,2253443,23.0,81174.0,2020-10-03,ja,TV,"Action, Award Winning, Fantasy"
39514,Giniro no Kami no Agito Pilot,1,962,5.0,0.0,2006-06-23,ja,Special,"Adventure, Drama, Fantasy, Sci-Fi"
32446,MONSTER GENERATiON,1,2837,1.0,4.0,2015-07-23,ja,Music,UNKNOWN
2639,Dorami-chan: Hello Kyouryuu Kids!!,1,483,40.0,0.0,1993-03-06,ja,Movie,Fantasy
14583,Lagrange: The Flower of Rin-ne Specials,6,5626,3.0,3.0,2012-03-23,ja,Special,Comedy
25103,Sumiko no Egao,1,294,6.0,0.0,2012-04-25,ja,Music,UNKNOWN
98,My-Hime,26,113210,23.0,1146.0,2004-10-01,ja,TV,"Action, Fantasy, Girls Love"
31513,Aoki Seimei Hoken,1,646,1.0,1.0,2006-01-01,ja,Special,Comedy
41078,Spirit Guardians,12,873,19.0,3.0,2018-06-19,ja,ONA,"Adventure, Fantasy"
33027,Infini-T Force,12,8582,22.0,9.0,2017-10-03,ja,TV,"Action, Sci-Fi"
41930,The Day I Became a God,12,248170,24.0,1537.0,2020-10-11,ja,TV,"Drama, Fantasy"
54123,My Senior Brother Is Too Steady,13,687,20.0,8.0,2023-01-19,ja,ONA,"Action, Adventure, Fantasy"
15879,"Love, Chunibyo & Other Delusions! Depth of Field: Love and Hate Theater",7,83833,3.0,42.0,2012-12-19,ja,Special,Action
4596,Code Geass: Hangyaku no Lelouch Special Edition - Black Rebellion,1,40815,117.0,53.0,2008-02-22,ja,OVA,Action
32696,The Morose Mononokean,13,126451,24.0,580.0,2016-06-28,ja,TV,"Comedy, Supernatural"
32221,Robocar Poli 2,26,424,11.0,1.0,2011-12-26,ja,TV,UNKNOWN
36109,She's a Pervert & She's All Mine Part 2,1,9525,17.0,36.0,2017-09-01,ja,OVA,Hentai
50010,Detective Conan: The Culprit Hanzawa,12,10135,9.0,40.0,2022-10-04,ja,TV,"Comedy, Mystery"
52823,Kaijuu-iro no Shima PV,1,350,2.0,0.0,2021-03-04,ja,ONA,"Girls Love, Slice of Life"
7549,Quiz Magic Academy: The Original Animation 2,1,5332,29.0,2.0,2010-02-11,ja,OVA,"Action, Comedy, Fantasy"
1914,Tales of Saiunkoku,39,39992,25.0,197.0,2007-04-07,ja,TV,"Adventure, Fantasy, Romance"
47,Akira,1,804581,124.0,12961.0,1988-07-16,ja,Movie,"Action, Adventure, Horror, Sci-Fi, Supernatural"
3015,Legend of the Galactic Heroes: Golden Wings,1,14500,59.0,8.0,1992-12-12,ja,Movie,"Action, Drama, Sci-Fi"
11769,Gokujo.: Gokurakuin Joshikou Ryou Monogatari,12,31631,6.0,43.0,2012-01-24,ja,TV,"Comedy, Girls Love, Ecchi"
14993,Afternoon Blush: More than Just Pure Love Mellow,1,9405,25.0,40.0,2012-09-21,ja,OVA,Hentai
27881,Ana no Oku no Ii Tokoro,2,6708,22.0,20.0,2014-12-12,ja,OVA,Hentai
39335,The Lamp Man,1,496,3.0,0.0,2017-12-03,ja,ONA,"Fantasy, Mystery"
12677,Ozma,6,15059,24.0,7.0,2012-03-17,ja,TV,"Action, Adventure, Sci-Fi"
25027,"Little Polar Bear: Shirokuma-kun, Doko e?",1,553,30.0,1.0,1990-04-28,ja,Movie,"Adventure, Fantasy"
2580,Tsukuyomi: Moon Phase Special,1,11684,23.0,3.0,2006-02-22,ja,Special,"Avant Garde, Comedy, Slice of Life"
20785,The Irregular at Magic High School,26,1021614,23.0,10868.0,2014-04-06,ja,TV,"Action, Fantasy, Romance, Sci-Fi"
39080,Ling Jian Zun,30,4531,10.0,15.0,2019-01-15,ja,ONA,"Action, Adventure, Fantasy, Romance"
5344,Time Bokan Series: Itadakiman,20,1023,24.0,1.0,1983-04-09,ja,TV,UNKNOWN
52132,Boogiepop and Others: Promotional Trailer,1,442,1.0,0.0,2018-09-04,ja,ONA,"Action, Supernatural"
29511,Music Girl,1,12652,25.0,10.0,2015-03-22,ja,Movie,Slice of Life
1196,Masuda Kousuke Gekijou Gag Manga Biyori,12,9248,5.0,58.0,2005-02-07,ja,TV,Comedy
13767,Junjou Romantica OVA,2,53772,22.0,74.0,2012-12-20,ja,OVA,"Boys Love, Comedy, Drama, Romance"
39175,Words Bubble Up Like Soda Pop,1,207025,87.0,1516.0,2021-07-22,ja,Movie,Romance
40111,Ne Zha,1,13269,110.0,55.0,2019-07-26,ja,Movie,"Action, Comedy, Drama, Fantasy"
5205,The Garden of Sinners Chapter 7: A Study in Murder - Part 2,1,200492,121.0,2261.0,2009-08-08,ja,Movie,"Action, Mystery, Romance, Supernatural, Suspense"
3909,Bikkuriman,75,867,24.0,1.0,1987-10-11,ja,TV,"Comedy, Fantasy"
40166,Zoids Wild Zero,50,3937,22.0,11.0,2019-10-04,ja,TV,"Action, Adventure, Comedy, Sci-Fi"
21163,"Goblin and ""Yuki Usagi"" (Snow Hare)",1,489,16.0,0.0,1995-01-01,ja,Movie,Fantasy
36836,Toho Cinemas x Pokemon Go,2,2873,0.4,0.0,2017-03-03,ja,Movie,Comedy
3570,House Hunting,1,2901,12.0,0.0,2006-01-03,ja,Special,"Adventure, Fantasy, Slice of Life"
12445,Dusk Maiden of Amnesia,12,389710,23.0,4462.0,2012-04-09,ja,TV,"Horror, Mystery, Romance, Supernatural"
5563,Chounouryoku Shoujo Barabanba,1,1165,28.0,1.0,1985-06-21,ja,OVA,Hentai
9561,Shokupan Mimi,12,1808,0.5,3.0,2010-10-04,ja,TV,"Comedy, Gourmet"
2161,The Skull Man,13,31418,23.0,64.0,2007-04-29,ja,TV,"Action, Mystery"
1572,Kimba the White Lion,52,7765,25.0,23.0,1965-10-06,ja,TV,Adventure
37522,Pet,13,91504,23.0,234.0,2020-01-06,ja,TV,"Mystery, Supernatural"
1400,Macross 7: The Galaxy is Calling Me,1,9206,33.0,8.0,1995-09-30,ja,Movie,"Action, Adventure, Comedy, Drama, Sci-Fi"
30167,Kanashiki Mongoose,1,361,2.0,0.0,1979-12-06,ja,Music,UNKNOWN
10810,Pucca (TV) 2nd Season,13,8023,23.0,3.0,2008-03-07,ja,TV,"Action, Comedy, Romance"
15077,Tabisuru Nuigurumi: Traveling Daru,1,4917,10.0,9.0,2012-04-04,ja,Movie,Slice of Life
40994,Stars Fall,12,1165,18.0,7.0,2019-12-15,ja,ONA,"Mystery, Sci-Fi"
6023,Haruka Nogizaka's Secret: Purezza,12,70374,24.0,90.0,2009-10-06,ja,TV,"Comedy, Romance, Ecchi"
53492,Otogibanashi no Onigokko,1,3200,16.0,26.0,2023-01-27,ja,OVA,"Fantasy, Hentai"
3424,The Orphans of Simitra,52,3050,24.0,5.0,2008-01-06,ja,TV,Drama
38619,Wasteful Days of High School Girls,12,114441,24.0,662.0,2019-07-05,ja,TV,Comedy
4209,Mission-E,12,5835,24.0,5.0,2008-07-08,ja,TV,"Action, Comedy, Sci-Fi"
9924,Shukufuku no Campanella: La Campanella Della Benedizione,1,6023,29.0,1.0,2011-03-30,ja,OVA,"Comedy, Fantasy, Ecchi"
2625,The☆Doraemons: The Mysterious Thief Dorapan The Mysterious Cartel,1,2244,31.0,2.0,1997-03-08,ja,Movie,"Comedy, Fantasy, Sci-Fi"
18,Initial D Fourth Stage,24,173710,27.0,1237.0,2004-04-17,ja,TV,"Action, Drama"
18695,Toriko no Chigiri,2,5016,15.0,11.0,2013-12-06,ja,OVA,Hentai
7445,Karo & Piyobupt: A House,1,788,4.0,1.0,1992-01-01,ja,Movie,Comedy
20053,Wizard Barristers,12,56948,24.0,60.0,2014-01-13,ja,TV,"Action, Fantasy"
4578,Time Bokan: Royal Revival,2,2175,30.0,1.0,1993-11-26,ja,OVA,"Action, Comedy, Sci-Fi"
5267,Adventure of Gamba,26,4082,24.0,34.0,1975-04-07,ja,TV,"Adventure, Suspense"
36250,Baka to Test to Shoukanjuu Mini Anime,1,15355,3.0,11.0,2017-11-29,ja,Special,Comedy
51772,Umayuru,24,2879,3.0,5.0,2022-10-16,ja,ONA,Comedy
49124,A Reflection of One's Mind,1,289,5.0,0.0,2014-04-13,ja,Movie,Drama
9175,Tsuruhime Ja!,49,557,24.0,0.0,1990-01-09,ja,TV,"Comedy, Slice of Life"
3910,Kama Sutra,1,1903,42.0,4.0,1992-04-24,ja,OVA,"Action, Comedy, Romance, Supernatural, Hentai"
51321,Echo,1,2493,3.0,63.0,2022-03-02,ja,Music,Action
2031,Shining Tears X Wind,13,34210,24.0,65.0,2007-04-07,ja,TV,"Action, Adventure, Fantasy"
5158,Noisy Birth,1,5102,2.0,0.0,2000-01-01,ja,Music,Avant Garde
10459,Poo-Neko,11,1104,1.0,1.0,2011-04-13,ja,TV,Comedy
24991,No Game No Life Specials,6,178939,2.0,218.0,2014-06-25,ja,Special,"Comedy, Fantasy, Ecchi"
9796,Atashin'chi 3D Movie: Jounetsu no Chou Chounouryoku Haha Dai Bousou,1,717,40.0,2.0,2010-11-13,ja,Movie,Comedy
1076,Wizardry,1,3100,50.0,2.0,1991-02-20,ja,OVA,"Action, Adventure, Fantasy"
42517,Ookami-san wa Taberaretai,3,22211,6.0,75.0,2020-09-07,ja,ONA,"Romance, Hentai"
32491,She and Her Cat: Everything Flows,4,128521,7.0,653.0,2016-03-04,ja,TV,Slice of Life
42488,Pretending to forget,1,1095,13.0,1.0,2020-06-30,ja,Movie,Slice of Life
49637,Show Time!,8,12506,6.0,97.0,2021-10-04,ja,ONA,Hentai
38783,Ikebukuro PR Anime,1,1740,3.0,1.0,2019-01-17,ja,ONA,Fantasy
