id,title,cast,crew
1535,Death Note,[],[]
16498,Shingeki no Kyojin,[],[]
11757,Sword Art Online,[],[]
5114,Fullmetal Alchemist: Brotherhood,[],[]
6547,Angel Beats!,[],[]
1575,Code Geass: Hangyaku no Lelouch,[],[]
20,Naruto,[],[]
9253,Steins;Gate,[],[]
10620,Mirai Nikki (TV),[],[]
4224,Toradora!,[],[]
269,Bleach,[],[]
226,Elfen Lied,[],[]
22319,Tokyo Ghoul,[],[]
19815,No Game No Life,[],[]
121,Fullmetal Alchemist,[],[]
6702,Fairy Tail,[],[]
9919,Ao no Exorcist,[],[]
3588,Soul Eater,[],[]
2904,Code Geass: Hangyaku no Lelouch R2,[],[]
2167,Clannad,[],[]
2001,Tengen Toppa Gurren Lagann,[],[]
6746,Durarara!!,[],[]
30276,One Punch Man,[],[]
21881,Sword Art Online II,[],[]
8074,Highschool of the Dead,[],[]
11111,Another,[],[]
1735,Naruto: Shippuuden,[],[]
20507,Noragami,[],[]
13601,Psycho-Pass,[],[]
18679,Kill la Kill,[],[]
21,One Piece,[],[]
22199,Akame ga Kill!,[],[]
1,Cowboy Bebop,[],[]
5081,Bakemonogatari,[],[]
199,Sen to Chihiro no Kamikakushi,[],[]
9989,Ano Hi Mita Hana no Namae wo Bokutachi wa Mada Shiranai.,[],[]
9756,Mahou Shoujo Madoka★Magica,[],[]
30,Neon Genesis Evangelion,[],[]
10793,Guilty Crown,[],[]
4181,Clannad: After Story,[],[]
10087,Fate/Zero,[],[]
6880,Deadman Wonderland,[],[]
2025,Darker than Black: Kuro no Keiyakusha,[],[]
849,Suzumiya Haruhi no Yuuutsu,[],[]
11061,Hunter x Hunter (2011),[],[]
22535,Kiseijuu: Sei no Kakuritsu,[],[]
4898,Kuroshitsuji,[],[]
853,Ouran Koukou Host Club,[],[]
23273,Shigatsu wa Kimi no Uso,[],[]
15809,Hataraku Maou-sama!,[],[]
27899,Tokyo Ghoul √A,[],[]
31043,Boku dake ga Inai Machi,[],[]
11617,High School DxD,[],[]
14741,Chuunibyou demo Koi ga Shitai!,[],[]
7054,Kaichou wa Maid-sama!,[],[]
205,Samurai Champloo,[],[]
17265,Log Horizon,[],[]
5680,K-On!,[],[]
28223,Death Parade,[],[]
13759,Sakurasou no Pet na Kanojo,[],[]
813,Dragon Ball Z,[],[]
356,Fate/stay night,[],[]
12189,Hyouka,[],[]
2251,Baccano!,[],[]
934,Higurashi no Naku Koro ni,[],[]
18153,Kyoukai no Kanata,[],[]
31240,Re:Zero kara Hajimeru Isekai Seikatsu,[],[]
14813,Yahari Ore no Seishun Love Comedy wa Machigatteiru.,[],[]
14227,Tonari no Kaibutsu-kun,[],[]
28171,Shokugeki no Souma,[],[]
18897,Nisekoi,[],[]
1195,Zero no Tsukaima,[],[]
23283,Zankyou no Terror,[],[]
11741,Fate/Zero 2nd Season,[],[]
164,Mononoke Hime,[],[]
11771,Kuroko no Basket,[],[]
918,Gintama,[],[]
28121,Dungeon ni Deai wo Motomeru no wa Machigatteiru Darou ka,[],[]
2966,Ookami to Koushinryou,[],[]
1482,D.Gray-man,[],[]
431,Howl no Ugoku Shiro,[],[]
889,Black Lagoon,[],[]
23755,Nanatsu no Taizai,[],[]
14345,Btooom!,[],[]
10719,Boku wa Tomodachi ga Sukunai,[],[]
11759,Accel World,[],[]
1689,Byousoku 5 Centimeter,[],[]
8769,Ore no Imouto ga Konnani Kawaii Wake ga Nai,[],[]
20787,Black Bullet,[],[]
14513,Magi: The Labyrinth of Magic,[],[]
1818,Claymore,[],[]
223,Dragon Ball,[],[]
26243,Owari no Seraph,[],[]
4654,Toaru Majutsu no Index,[],[]
24833,Ansatsu Kyoushitsu (TV),[],[]
28999,Charlotte,[],[]
6045,Kimi ni Todoke,[],[]
270,Hellsing,[],[]
1887,Lucky☆Star,[],[]
227,FLCL,[],[]
15583,Date A Live,[],[]
6347,Baka to Test to Shoukanjuu,[],[]
457,Mushishi,[],[]
30503,Noragami Aragoto,[],[]
2993,Rosario to Vampire,[],[]
16592,Danganronpa: Kibou no Gakuen to Zetsubou no Koukousei The Animation,[],[]
777,Hellsing Ultimate,[],[]
355,Shakugan no Shana,[],[]
14467,K,[],[]
8841,Kore wa Zombie Desu ka?,[],[]
23289,Gekkan Shoujo Nozaki-kun,[],[]
1210,NHK ni Youkoso!,[],[]
2236,Toki wo Kakeru Shoujo,[],[]
13125,Shinsekai yori,[],[]
3457,Vampire Knight,[],[]
20785,Mahouka Koukou no Rettousei,[],[]
8525,Kami nomi zo Shiru Sekai,[],[]
20583,Haikyuu!!,[],[]
11887,Kokoro Connect,[],[]
6,Trigun,[],[]
31964,Boku no Hero Academia,[],[]
249,InuYasha,[],[]
2476,School Days,[],[]
5630,Higashi no Eden,[],[]
17895,Golden Time,[],[]
523,Tonari no Totoro,[],[]
245,Great Teacher Onizuka,[],[]
22297,Fate/stay night: Unlimited Blade Works,[],[]
59,Chobits,[],[]
15451,High School DxD New,[],[]
18507,Free!,[],[]
790,Ergo Proxy,[],[]
11597,Nisemonogatari,[],[]
14075,Zetsuen no Tempest,[],[]
11843,Danshi Koukousei no Nichijou,[],[]
1604,Katekyo Hitman Reborn!,[],[]
16742,Watashi ga Motenai no wa Dou Kangaetemo Omaera ga Warui!,[],[]
71,Full Metal Panic!,[],[]
22043,Fairy Tail (2014),[],[]
9041,IS: Infinite Stratos,[],[]
10165,Nichijou,[],[]
28623,Koutetsujou no Kabaneri,[],[]
7724,Shiki,[],[]
19,Monster,[],[]
7674,Bakuman.,[],[]
7791,K-On!!,[],[]
18115,Magi: The Kingdom of Magic,[],[]
30831,Kono Subarashii Sekai ni Shukufuku wo!,[],[]
28907,"Gate: Jieitai Kanochi nite, Kaku Tatakaeri",[],[]
29803,Overlord,[],[]
22729,Aldnoah.Zero,[],[]
4382,Suzumiya Haruhi no Yuuutsu (2009),[],[]
16894,Kuroko no Basket 2nd Season,[],[]
120,Fruits Basket,[],[]
11633,Blood Lad,[],[]
7311,Suzumiya Haruhi no Shoushitsu,[],[]
237,Eureka Seven,[],[]
3455,To LOVE-Ru,[],[]
1840,Zero no Tsukaima: Futatsuki no Kishi,[],[]
2034,Lovely★Complex,[],[]
6707,Kuroshitsuji II,[],[]
14289,Sukitte Ii na yo.,[],[]
8425,Gosick,[],[]
18277,Strike the Blood,[],[]
6213,Toaru Kagaku no Railgun,[],[]
5530,Pandora Hearts,[],[]
527,Pokemon,[],[]
23281,Psycho-Pass 2,[],[]
30240,Prison School,[],[]
5958,Sora no Otoshimono,[],[]
21995,Ao Haru Ride,[],[]
225,Dragon Ball GT,[],[]
33,Berserk,[],[]
12355,Ookami Kodomo no Ame to Yuki,[],[]
22789,Barakamon,[],[]
16067,Nagi no Asukara,[],[]
5681,Summer Wars,[],[]
43,Ghost in the Shell,[],[]
23847,Yahari Ore no Seishun Love Comedy wa Machigatteiru. Zoku,[],[]
11499,Sankarea,[],[]
6573,Darker than Black: Ryuusei no Gemini,[],[]
24439,Kekkai Sensen,[],[]
45,Rurouni Kenshin: Meiji Kenkaku Romantan,[],[]
28497,Rokka no Yuusha,[],[]
15315,Mondaiji-tachi ga Isekai kara Kuru Sou Desu yo?,[],[]
1889,Higurashi no Naku Koro ni Kai,[],[]
9513,Beelzebub,[],[]
8675,Seitokai Yakuindomo,[],[]
22147,Amagi Brilliant Park,[],[]
25013,Akatsuki no Yona,[],[]
11013,Inu x Boku SS,[],[]
47,Akira,[],[]
339,Serial Experiments Lain,[],[]
23321,Log Horizon 2nd Season,[],[]
32,Neon Genesis Evangelion: The End of Evangelion,[],[]
7593,Kiss x Sis (TV),[],[]
14967,Boku wa Tomodachi ga Sukunai Next,[],[]
27775,Plastic Memories,[],[]
31859,Hai to Gensou no Grimgar,[],[]
3712,Zero no Tsukaima: Princesses no Rondo,[],[]
25183,Gangsta.,[],[]
4081,Natsume Yuujinchou,[],[]
5341,Ookami to Koushinryou II,[],[]
18671,Chuunibyou demo Koi ga Shitai! Ren,[],[]
25157,Trinity Seven,[],[]
150,Blood+,[],[]
6594,Katanagatari,[],[]
28701,Fate/stay night: Unlimited Blade Works 2nd Season,[],[]
17074,Monogatari Series: Second Season,[],[]
1691,Kaze no Stigma,[],[]
4214,Rosario to Vampire Capu2,[],[]
7088,Ichiban Ushiro no Daimaou,[],[]
1519,Black Lagoon: The Second Barrage,[],[]
30015,ReLIFE,[],[]
15225,Hentai Ouji to Warawanai Neko.,[],[]
28297,Ore Monogatari!!,[],[]
32281,Kimi no Na wa.,[],[]
11285,Black★Rock Shooter (TV),[],[]
21603,Mekakucity Actors,[],[]
4752,Vampire Knight Guilty,[],[]
31798,Kiznaiver,[],[]
10408,Hotarubi no Mori e,[],[]
877,Nana,[],[]
392,Yuu☆Yuu☆Hakusho,[],[]
10162,Usagi Drop,[],[]
13659,Ore no Imouto ga Konnani Kawaii Wake ga Nai.,[],[]
857,Air Gear,[],[]
2759,Evangelion: 1.0 You Are (Not) Alone,[],[]
467,Ghost in the Shell: Stand Alone Complex,[],[]
10080,Kami nomi zo Shiru Sekai II,[],[]
29786,Shimoneta to Iu Gainen ga Sonzai Shinai Taikutsu na Sekai,[],[]
32182,Mob Psycho 100,[],[]
28677,Yamada-kun to 7-nin no Majo (TV),[],[]
7817,B Gata H Kei,[],[]
27631,God Eater,[],[]
11577,Steins;Gate Movie: Fuka Ryouiki no Déjà vu,[],[]
10110,Mayo Chiki!,[],[]
24703,High School DxD BorN,[],[]
14719,JoJo no Kimyou na Bouken (TV),[],[]
28927,Owari no Seraph: Nagoya Kessen-hen,[],[]
16782,Kotonoha no Niwa,[],[]
14713,Kamisama Hajimemashita,[],[]
23199,Durarara!!x2 Shou,[],[]
6956,Working!!,[],[]
101,Air,[],[]
30296,Rakudai Kishi no Cavalry,[],[]
31478,Bungou Stray Dogs,[],[]
430,Fullmetal Alchemist: The Conqueror of Shamballa,[],[]
19163,Date A Live II,[],[]
32282,Shokugeki no Souma: Ni no Sara,[],[]
24415,Kuroko no Basket 3rd Season,[],[]
2787,Shakugan no Shana II (Second),[],[]
8937,Toaru Majutsu no Index II,[],[]
8516,Baka to Test to Shoukanjuu Ni!,[],[]
4063,Sekirei,[],[]
3784,Evangelion: 2.0 You Can (Not) Advance,[],[]
552,Digimon Adventure,[],[]
30307,Monster Musume no Iru Nichijou,[],[]
232,Cardcaptor Sakura,[],[]
27787,Nisekoi:,[],[]
10790,Kore wa Zombie Desu ka? of the Dead,[],[]
19221,"Ore no Nounai Sentakushi ga, Gakuen Love Comedy wo Zenryoku de Jama Shiteiru",[],[]
28891,Haikyuu!! Second Season,[],[]
2593,Kara no Kyoukai 1: Fukan Fuukei,[],[]
24,School Rumble,[],[]
17729,Grisaia no Kajitsu,[],[]
30654,Ansatsu Kyoushitsu (TV) 2nd Season,[],[]
578,Hotaru no Haka,[],[]
2605,Sayonara Zetsubou Sensei,[],[]
4975,ChäoS;HEAd,[],[]
11319,Zero no Tsukaima F,[],[]
3470,Special A,[],[]
15689,Nekomonogatari: Kuro,[],[]
8861,"Yosuga no Sora: In Solitude, Where We Are Least Alone.",[],[]
228,Jigoku Shoujo,[],[]
12445,Tasogare Otome x Amnesia,[],[]
23233,Shinmai Maou no Testament,[],[]
8630,Hidan no Aria,[],[]
9656,Kimi ni Todoke 2nd Season,[],[]
202,Wolf&#039;s Rain,[],[]
32542,Sakamoto desu ga?,[],[]
16011,Tokyo Ravens,[],[]
72,Full Metal Panic? Fumoffu,[],[]
66,Azumanga Daioh,[],[]
16524,Suisei no Gargantia,[],[]
25777,Shingeki no Kyojin Season 2,[],[]
11433,Ano Natsu de Matteru,[],[]
12549,"Dakara Boku wa, H ga Dekinai.",[],[]
154,Shaman King,[],[]
25397,Absolute Duo,[],[]
30544,Gakusen Toshi Asterisk,[],[]
31442,Musaigen no Phantom World,[],[]
10161,No.6,[],[]
1726,Devil May Cry,[],[]
136,Hunter x Hunter,[],[]
32729,Orange,[],[]
384,Gantz,[],[]
2104,Seto no Hanayome,[],[]
20853,Hitsugi no Chaika,[],[]
14833,Maoyuu Maou Yuusha,[],[]
1943,Paprika,[],[]
1530,Kanon (2006),[],[]
7647,Arakawa Under the Bridge,[],[]
31580,Ajin,[],[]
4059,"Clannad: Mou Hitotsu no Sekai, Tomoyo-hen",[],[]
21431,Gokukoku no Brynhildr,[],[]
21405,Bokura wa Minna Kawaisou,[],[]
10863,Steins;Gate: Oukoubakko no Poriomania,[],[]
9367,Freezing,[],[]
5682,Phantom: Requiem for the Phantom,[],[]
79,Shuffle!,[],[]
10800,Chihayafuru,[],[]
28825,Himouto! Umaru-chan,[],[]
263,Hajime no Ippo,[],[]
8795,Panty &amp; Stocking with Garterbelt,[],[]
30123,Akagami no Shirayuki-hime,[],[]
8676,Amagami SS,[],[]
1698,Nodame Cantabile,[],[]
10163,C: The Money of Soul and Possibility Control,[],[]
10721,Mawaru Penguindrum,[],[]
189,Love Hina,[],[]
14749,Ore no Kanojo to Osananajimi ga Shuraba Sugiru,[],[]
13161,Hagure Yuusha no Aesthetica,[],[]
23277,Saenai Heroine no Sodatekata,[],[]
73,Full Metal Panic! The Second Raid,[],[]
15051,Love Live! School Idol Project,[],[]
11785,Haiyore! Nyaruko-san,[],[]
20031,D-Frag!,[],[]
31637,"Gate: Jieitai Kanochi nite, Kaku Tatakaeri 2nd Season",[],[]
28249,Arslan Senki (TV),[],[]
512,Majo no Takkyuubin,[],[]
12293,Campione!: Matsurowanu Kamigami to Kamigoroshi no Maou,[],[]
1686,Bleach Movie 1: Memories of Nobody,[],[]
10030,Bakuman. 2nd Season,[],[]
9969,Gintama&#039;,[],[]
2924,ef: A Tale of Memories.,[],[]
513,Tenkuu no Shiro Laputa,[],[]
861,xxxHOLiC,[],[]
22265,Free!: Eternal Summer,[],[]
68,Black Cat,[],[]
9289,Hanasaku Iroha,[],[]
9379,Denpa Onna to Seishun Otoko,[],[]
27655,Aldnoah.Zero 2nd Season,[],[]
57,Beck,[],[]
10495,Yuru Yuri,[],[]
18247,IS: Infinite Stratos 2,[],[]
25835,Shirobako,[],[]
8407,Sora no Otoshimono: Forte,[],[]
6205,Kämpfer,[],[]
12531,Sakamichi no Apollon,[],[]
10396,Ben-To,[],[]
530,Bishoujo Senshi Sailor Moon,[],[]
7769,Ookami-san to Shichinin no Nakama-tachi,[],[]
6500,Seikon no Qwaser,[],[]
31636,Dagashi Kashi,[],[]
23673,Ookami Shoujo to Kuro Ouji,[],[]
4725,Ga-Rei: Zero,[],[]
5060,Hetalia Axis Powers,[],[]
25159,Inou-Battle wa Nichijou-kei no Naka de,[],[]
21843,Shingeki no Bahamut: Genesis,[],[]
572,Kaze no Tani no Nausicaä,[],[]
16706,Kami nomi zo Shiru Sekai: Megami-hen,[],[]
6512,Nyan Koi!,[],[]
60,Chrno Crusade,[],[]
32998,91 Days,[],[]
9515,Highschool of the Dead: Drifters of the Dead,[],[]
2890,Gake no Ue no Ponyo,[],[]
24765,Gakkougurashi!,[],[]
21327,Isshuukan Friends.,[],[]
6114,Rainbow: Nisha Rokubou no Shichinin,[],[]
9062,Angel Beats! Specials,[],[]
317,Final Fantasy VII: Advent Children,[],[]
13655,Little Busters!,[],[]
6351,"Clannad: After Story - Mou Hitotsu no Sekai, Kyou-hen",[],[]
323,Mousou Dairinin,[],[]
5,Cowboy Bebop: Tengoku no Tobira,[],[]
12413,Jormungand,[],[]
16049,Toaru Kagaku no Railgun S,[],[]
31404,Netoge no Yome wa Onnanoko ja Nai to Omotta?,[],[]
17247,Machine-Doll wa Kizutsukanai,[],[]
3731,Itazura na Kiss,[],[]
7338,Darker than Black: Kuro no Keiyakusha Gaiden,[],[]
13663,To LOVE-Ru Darkness,[],[]
11981,Mahou Shoujo Madoka★Magica Movie 3: Hangyaku no Monogatari,[],[]
1292,Afro Samurai,[],[]
16762,Mirai Nikki Redial,[],[]
3785,Evangelion: 3.0 You Can (Not) Redo,[],[]
11703,Code:Breaker,[],[]
9181,Motto To LOVE-Ru,[],[]
10588,Persona 4 the Animation,[],[]
4722,Skip Beat!,[],[]
2889,Bleach Movie 2: The DiamondDust Rebellion - Mou Hitotsu no Hyourinmaru,[],[]
177,Tsubasa Chronicle,[],[]
27989,Hibike! Euphonium,[],[]
15085,Amnesia,[],[]
10067,Angel Beats!: Another Epilogue,[],[]
6682,11eyes,[],[]
12365,Bakuman. 3rd Season,[],[]
20689,Hamatora The Animation,[],[]
17549,Non Non Biyori,[],[]
20541,Mikakunin de Shinkoukei,[],[]
11933,Oda Nobuna no Yabou,[],[]
6773,Shakugan no Shana III (Final),[],[]
27831,Durarara!!x2 Ten,[],[]
481,Yu☆Gi☆Oh! Duel Monsters,[],[]
19369,Outbreak Company,[],[]
8086,Densetsu no Yuusha no Densetsu,[],[]
7059,Black★Rock Shooter (OVA),[],[]
16,Hachimitsu to Clover,[],[]
10568,Kamisama no Memochou,[],[]
2026,Hayate no Gotoku!,[],[]
31163,Dimension W,[],[]
8424,MM!,[],[]
44,Rurouni Kenshin: Meiji Kenkaku Romantan - Tsuioku-hen,[],[]
1559,Shijou Saikyou no Deshi Kenichi,[],[]
32105,Sousei no Onmyouji,[],[]
64,Rozen Maiden,[],[]
16417,Tamako Market,[],[]
12291,Acchi Kocchi (TV),[],[]
19429,Akuma no Riddle,[],[]
61,D.N.Angel,[],[]
4896,Umineko no Naku Koro ni,[],[]
15037,Corpse Party: Tortured Souls - Bougyakusareta Tamashii no Jukyou,[],[]
1571,Ghost Hunt,[],[]
5525,07-Ghost,[],[]
5042,Kiss x Sis,[],[]
2418,Stranger: Mukou Hadan,[],[]
1222,Bokura ga Ita,[],[]
21855,Hanamonogatari,[],[]
22877,Seirei Tsukai no Blade Dance,[],[]
15379,Kotoura-san,[],[]
20057,Space☆Dandy,[],[]
5356,Canaan,[],[]
7592,Nurarihyon no Mago,[],[]
22145,Kuroshitsuji: Book of Circus,[],[]
7785,Yojouhan Shinwa Taikei,[],[]
4835,Bleach Movie 3: Fade to Black - Kimi no Na wo Yobu,[],[]
3503,Kanokon,[],[]
26349,Danna ga Nani wo Itteiru ka Wakaranai Ken,[],[]
16009,Kamisama no Inai Nichiyoubi,[],[]
20021,Sword Art Online: Extra Edition,[],[]
6211,Tokyo Magnitude 8.0,[],[]
2923,Shugo Chara!,[],[]
18397,Shingeki no Kyojin OVA,[],[]
6747,Dance in the Vampire Bund,[],[]
387,Haibane Renmei,[],[]
442,Naruto Movie 1: Dai Katsugeki!! Yuki Hime Shinobu Houjou Dattebayo!,[],[]
2581,Mobile Suit Gundam 00,[],[]
1313,Digimon Adventure 02,[],[]
20899,JoJo no Kimyou na Bouken: Stardust Crusaders,[],[]
6324,Omamori Himari,[],[]
2129,True Tears,[],[]
10490,Blood-C,[],[]
19775,Sidonia no Kishi,[],[]
3092,Junjou Romantica,[],[]
437,Perfect Blue,[],[]
10521,Working&#039;!!,[],[]
13535,Binbougami ga!,[],[]
32438,Mayoiga,[],[]
357,Bokusatsu Tenshi Dokuro-chan,[],[]
6033,Dragon Ball Kai,[],[]
10213,Maji de Watashi ni Koi Shinasai!,[],[]
16918,Gin no Saji,[],[]
376,Elfen Lied Special,[],[]
18677,Yuusha ni Narenakatta Ore wa Shibushibu Shuushoku wo Ketsui Shimashita.,[],[]
27833,Durarara!!x2 Ketsu,[],[]
9617,K-On! Movie,[],[]
2926,Myself; Yourself,[],[]
27991,K: Return of Kings,[],[]
235,Detective Conan,[],[]
24455,Madan no Ou to Vanadis,[],[]
3782,Kara no Kyoukai 2: Satsujin Kousatsu (Zen),[],[]
28977,Gintama°,[],[]
8460,Mirai Nikki,[],[]
5300,Zoku Natsume Yuujinchou,[],[]
801,Ghost in the Shell: Stand Alone Complex 2nd GIG,[],[]
5277,Sekirei: Pure Engagement,[],[]
27,Trinity Blood,[],[]
14199,Oniichan dakedo Ai Sae Areba Kankeinai yo ne!,[],[]
268,Golden Boy,[],[]
29095,Grisaia no Rakuen,[],[]
14349,Little Witch Academia,[],[]
30694,Dragon Ball Super,[],[]
4282,Kara no Kyoukai 5: Mujun Rasen,[],[]
28025,Tsukimonogatari,[],[]
6922,Fate/stay night Movie: Unlimited Blade Works,[],[]
4999,Asu no Yoichi!,[],[]
5909,Seitokai no Ichizon,[],[]
48,.hack//Sign,[],[]
11761,Medaka Box,[],[]
6675,Redline,[],[]
3783,Kara no Kyoukai 3: Tsuukaku Zanryuu,[],[]
21863,Mangaka-san to Assistant-san to The Animation,[],[]
16035,Karneval (TV),[],[]
2472,Naruto: Shippuuden Movie 1,[],[]
4901,Black Lagoon: Roberta&#039;s Blood Trail,[],[]
8129,Kuragehime,[],[]
20047,Sakura Trick,[],[]
17513,Diabolik Lovers,[],[]
31181,Owarimonogatari,[],[]
18229,Gatchaman Crowds,[],[]
3655,Nabari no Ou,[],[]
30911,Tales of Zestiria the X,[],[]
13599,Robotics;Notes,[],[]
16001,Kokoro Connect: Michi Random,[],[]
1827,Seirei no Moribito,[],[]
24405,World Trigger,[],[]
134,Gunslinger Girl,[],[]
12967,Arcana Famiglia,[],[]
27821,Fate/stay night: Unlimited Blade Works - Prologue,[],[]
21085,Witch Craft Works,[],[]
469,Karin,[],[]
10321,Uta no☆Prince-sama♪ Maji Love 1000%,[],[]
2963,Minami-ke,[],[]
210,Ranma ½,[],[]
11737,Ao no Exorcist Movie,[],[]
329,Planetes,[],[]
3702,Detroit Metal City,[],[]
20767,Noragami OVA,[],[]
5030,Maria†Holic,[],[]
1536,Busou Renkin,[],[]
14131,Girls und Panzer,[],[]
240,Genshiken,[],[]
97,Last Exile,[],[]
19769,Mahou Sensou,[],[]
9936,Maken-Ki!,[],[]
6201,Princess Lover!,[],[]
9941,Tiger &amp; Bunny,[],[]
433,"Kumo no Mukou, Yakusoku no Basho",[],[]
239,Gankutsuou,[],[]
4789,ef: A Tale of Melodies.,[],[]
4186,Chrome Shelled Regios,[],[]
4280,Kara no Kyoukai 4: Garan no Dou,[],[]
174,Tenjou Tenge,[],[]
32995,Yuri!!! on Ice,[],[]
8408,Durarara!! Specials,[],[]
31339,Drifters,[],[]
486,Kino no Tabi: The Beautiful World,[],[]
28851,Koe no Katachi,[],[]
31405,Joker Game,[],[]
10379,Natsume Yuujinchou San,[],[]
31,Neon Genesis Evangelion: Death &amp; Rebirth,[],[]
6372,Higashi no Eden Movie I: The King of Eden,[],[]
10020,Ore no Imouto ga Konnani Kawaii Wake ga Nai Specials,[],[]
21939,Mushishi Zoku Shou,[],[]
32093,Tanaka-kun wa Itsumo Kedaruge,[],[]
21561,Ryuugajou Nanana no Maizoukin (TV),[],[]
31737,Gakusen Toshi Asterisk 2nd Season,[],[]
16512,Devil Survivor 2 The Animation,[],[]
9863,SKET Dance,[],[]
21511,Kantai Collection: KanColle,[],[]
10578,C³,[],[]
3901,Baccano! Specials,[],[]
14829,Fate/kaleid liner Prisma☆Illya,[],[]
528,Pokemon: Mewtwo no Gyakushuu,[],[]
12467,Nazo no Kanojo X,[],[]
30187,Sakurako-san no Ashimoto ni wa Shitai ga Umatteiru,[],[]
9260,Kizumonogatari I: Tekketsu-hen,[],[]
195,Onegai☆Teacher,[],[]
1723,Clannad Movie,[],[]
3652,Higurashi no Naku Koro ni Rei,[],[]
22101,Soredemo Sekai wa Utsukushii,[],[]
29758,Taboo Tattoo,[],[]
8277,Hyakka Ryouran: Samurai Girls,[],[]
24133,Taimadou Gakuen 35 Shiken Shoutai,[],[]
6811,InuYasha: Kanketsu-hen,[],[]
3167,Eve no Jikan,[],[]
3002,Gyakkyou Burai Kaiji: Ultimate Survivor,[],[]
16904,K: Missing Kings,[],[]
20847,Seitokai Yakuindomo*,[],[]
11665,Natsume Yuujinchou Shi,[],[]
67,Basilisk: Kouga Ninpou Chou,[],[]
7711,Karigurashi no Arrietty,[],[]
4437,Naruto: Shippuuden Movie 2 - Kizuna,[],[]
10155,Dog Days,[],[]
11179,Papa no Iukoto wo Kikinasai!,[],[]
30205,Aoharu x Kikanjuu,[],[]
22663,Seiken Tsukai no World Break,[],[]
936,Naruto Movie 2: Dai Gekitotsu! Maboroshi no Chiteiiseki Dattebayo!,[],[]
22135,Ping Pong The Animation,[],[]
93,Mobile Suit Gundam Seed,[],[]
16668,Kakumeiki Valvrave,[],[]
50,Aa! Megami-sama! (TV),[],[]
3667,Strike Witches,[],[]
3342,Mnemosyne: Mnemosyne no Musume-tachi,[],[]
22687,Terra Formars,[],[]
31376,Flying Witch,[],[]
26,Texhnolyze,[],[]
267,Gungrave,[],[]
14353,Death Billiards,[],[]
5205,Kara no Kyoukai 7: Satsujin Kousatsu (Kou),[],[]
3572,Macross F,[],[]
32828,Amaama to Inazuma,[],[]
8557,Shinryaku! Ika Musume,[],[]
15039,Ano Hi Mita Hana no Namae wo Bokutachi wa Mada Shiranai. Movie,[],[]
21353,Tokyo ESP,[],[]
6166,Asobi ni Iku yo!,[],[]
9330,Dragon Crisis!,[],[]
31704,One Punch Man: Road to Hero,[],[]
9926,Sekaiichi Hatsukoi,[],[]
7148,Ladies versus Butlers!,[],[]
21339,Psycho-Pass Movie,[],[]
585,Mimi wo Sumaseba,[],[]
30749,Saijaku Muhai no Bahamut,[],[]
874,Digimon Tamers,[],[]
3958,Kannagi,[],[]
145,Kareshi Kanojo no Jijou,[],[]
23079,Glasslip,[],[]
8247,Bleach Movie 4: Jigoku-hen,[],[]
5355,Sengoku Basara,[],[]
5204,Kara no Kyoukai 6: Boukyaku Rokuon,[],[]
26055,JoJo no Kimyou na Bouken: Stardust Crusaders 2nd Season,[],[]
2404,Zombie-Loan,[],[]
32935,Haikyuu!!: Karasuno Koukou VS Shiratorizawa Gakuen Koukou,[],[]
30363,Shinmai Maou no Testament Burst,[],[]
846,School Rumble Ni Gakki,[],[]
7193,Aoi Bungaku Series,[],[]
28617,Punch Line,[],[]
25781,Shingeki no Kyojin: Kuinaki Sentaku,[],[]
597,Neko no Ongaeshi,[],[]
31338,Hundred,[],[]
21507,Soul Eater NOT!,[],[]
13367,"Kono Naka ni Hitori, Imouto ga Iru!",[],[]
1562,Yamato Nadeshiko Shichihenge♥,[],[]
31953,New Game!,[],[]
19111,Love Live! School Idol Project 2nd Season,[],[]
25681,Kamisama Hajimemashita◎,[],[]
12175,Koi to Senkyo to Chocolate,[],[]
1699,Romeo x Juliet,[],[]
2144,Naruto Movie 3: Dai Koufun! Mikazuki Jima no Animaru Panikku Dattebayo!,[],[]
4744,Akaneiro ni Somaru Saka,[],[]
28819,Okusama ga Seitokaichou!,[],[]
12729,High School DxD OVA,[],[]
18179,Yowamushi Pedal,[],[]
8888,Code Geass: Boukoku no Akito 1 - Yokuryuu wa Maiorita,[],[]
18245,White Album 2,[],[]
24231,Hitsugi no Chaika: Avenging Battle,[],[]
63,DearS,[],[]
856,Utawarerumono,[],[]
10456,Kyoukaisenjou no Horizon,[],[]
29854,Ushio to Tora (TV),[],[]
32379,Berserk (2016),[],[]
169,Shingetsutan Tsukihime,[],[]
34134,One Punch Man 2,[],[]
12883,Tsuritama,[],[]
6895,Hakuouki,[],[]
147,Kimi ga Nozomu Eien,[],[]
12477,Sakasama no Patema,[],[]
759,Tokyo Godfathers,[],[]
10357,Jinrui wa Suitai Shimashita,[],[]
550,Yu☆Gi☆Oh!,[],[]
9331,Yumekui Merry,[],[]
5258,Hajime no Ippo: New Challenger,[],[]
5678,Kobato.,[],[]
257,Ikkitousen,[],[]
2246,Mononoke,[],[]
2994,Death Note Rewrite,[],[]
29785,Jitsu wa Watashi wa,[],[]
11977,Mahou Shoujo Madoka★Magica Movie 1: Hajimari no Monogatari,[],[]
9135,Fullmetal Alchemist: The Sacred Star of Milos,[],[]
330,Midori no Hibi,[],[]
23251,Gugure! Kokkuri-san,[],[]
22,Prince of Tennis,[],[]
4814,Junjou Romantica 2,[],[]
4182,Darker than Black: Kuro no Keiyakusha Special,[],[]
13667,Naruto: Shippuuden Movie 6 - Road to Ninja,[],[]
395,Gantz 2nd Stage,[],[]
6637,Higashi no Eden Movie II: Paradise Lost,[],[]
3927,Mobile Suit Gundam 00 Second Season,[],[]
6030,Needless,[],[]
16201,Aku no Hana,[],[]
31764,Nejimaki Seirei Senki: Tenkyou no Alderamin,[],[]
322,Paradise Kiss,[],[]
11701,Another: The Other - Inga,[],[]
10460,Kimi to Boku.,[],[]
14397,Chihayafuru 2,[],[]
90,Mobile Suit Gundam Wing,[],[]
20159,Pokemon: The Origin,[],[]
468,Ghost in the Shell 2: Innocence,[],[]
149,Loveless,[],[]
256,Hoshi no Koe,[],[]
23309,Rail Wars!,[],[]
5177,Denpa-teki na Kanojo,[],[]
11979,Mahou Shoujo Madoka★Magica Movie 2: Eien no Monogatari,[],[]
10079,Hoshizora e Kakaru Hashi,[],[]
4155,One Piece Film: Strong World,[],[]
16870,The Last: Naruto the Movie,[],[]
4472,Lucky☆Star: Original na Visual to Animation,[],[]
8915,Dantalian no Shoka,[],[]
18893,Aoki Hagane no Arpeggio: Ars Nova,[],[]
8246,Naruto: Shippuuden Movie 4 - The Lost Tower,[],[]
10798,UN-GO,[],[]
15699,Haiyore! Nyaruko-san W,[],[]
241,Girls Bravo: First Season,[],[]
6802,So Ra No Wo To,[],[]
31904,Big Order (TV),[],[]
10711,Plastic Neesan,[],[]
14811,GJ-bu,[],[]
21659,Kill la Kill Special,[],[]
19315,Pupa,[],[]
15,Eyeshield 21,[],[]
32867,Bungou Stray Dogs 2nd Season,[],[]
6325,Naruto: Shippuuden Movie 3 - Hi no Ishi wo Tsugu Mono,[],[]
32686,Keijo!!!!!!!!,[],[]
182,Tenkuu no Escaflowne,[],[]
9982,Fairy Tail OVA,[],[]
21105,Love Stage!!,[],[]
32189,Danganronpa 3: The End of Kibougamine Gakuen - Mirai-hen,[],[]
31710,Divine Gate,[],[]
12403,Yuru Yuri♪♪,[],[]
21033,Seikoku no Dragonar,[],[]
5040,One Outs,[],[]
21273,Gochuumon wa Usagi Desu ka?,[],[]
4087,Michiko to Hatchin,[],[]
170,Slam Dunk,[],[]
18139,Tonari no Seki-kun,[],[]
32962,Occultic;Nine,[],[]
4565,Tengen Toppa Gurren Lagann Movie: Lagann-hen,[],[]
11241,Brave 10,[],[]
13331,Jormungand: Perfect Order,[],[]
25283,Kuusen Madoushi Kouhosei no Kyoukan,[],[]
5940,Seiken no Blacksmith,[],[]
1690,Bokurano,[],[]
18689,Diamond no Ace,[],[]
28621,Subete ga F ni Naru: The Perfect Insider,[],[]
10278,The iDOLM@STER,[],[]
31722,Nanatsu no Taizai: Seisen no Shirushi,[],[]
6007,Ookami to Koushinryou II: Ookami to Kohakuiro no Yuuutsu,[],[]
15417,Gintama&#039;: Enchousen,[],[]
18119,Servant x Service,[],[]
22273,Selector Infected WIXOSS,[],[]
13333,Tari Tari,[],[]
31173,Akagami no Shirayuki-hime 2nd Season,[],[]
28805,Bakemono no Ko,[],[]
3467,Nogizaka Haruka no Himitsu,[],[]
25879,Working!!!,[],[]
820,Ginga Eiyuu Densetsu,[],[]
18753,Yahari Ore no Seishun Love Comedy wa Machigatteiru. OVA,[],[]
133,Green Green,[],[]
9074,Arakawa Under the Bridge x Bridge,[],[]
4981,Casshern Sins,[],[]
23333,DRAMAtical Murder,[],[]
5667,To LOVE-Ru OVA,[],[]
1594,Jigoku Shoujo Futakomori,[],[]
31559,Prince of Stride: Alternative,[],[]
16353,Love Lab,[],[]
18001,Freezing Vibration,[],[]
969,Tsubasa Chronicle 2nd Season,[],[]
4177,Bounen no Xamdou,[],[]
7662,Shinrei Tantei Yakumo,[],[]
10418,Deadman Wonderland OVA,[],[]
1117,Pokemon: Maboroshi no Pokemon Lugia Bakutan,[],[]
400,Seihou Bukyou Outlaw Star,[],[]
2596,Shinreigari: Ghost Hound,[],[]
16732,Kiniro Mosaic,[],[]
762,Bleach: Memories in the Rain,[],[]
25099,Ore ga Ojousama Gakkou ni &quot;Shomin Sample&quot; Toshite Gets♥Sareta Ken,[],[]
5507,Senjou no Valkyria,[],[]
12049,Fairy Tail Movie 1: Houou no Miko,[],[]
440,Shoujo Kakumei Utena,[],[]
10397,Mashiro-iro Symphony: The Color of Lovers,[],[]
2952,Final Fantasy VII: Advent Children Complete,[],[]
10218,Berserk: Ougon Jidai-hen I - Haou no Tamago,[],[]
477,Aria The Animation,[],[]
22865,Rokujouma no Shinryakusha!? (TV),[],[]
2164,Dennou Coil,[],[]
98,Mai-HiME,[],[]
9479,Coppelion,[],[]
9760,Hoshi wo Ou Kodomo,[],[]
157,Mahou Sensei Negima!,[],[]
18095,Nourin,[],[]
12859,One Piece Film: Z,[],[]
24701,Mushishi Zoku Shou 2nd Season,[],[]
25731,Cross Ange: Tenshi to Ryuu no Rondo,[],[]
10589,Naruto: Shippuuden Movie 5 - Blood Prison,[],[]
10049,Nurarihyon no Mago: Sennen Makyou,[],[]
7590,Mayoi Neko Overrun!,[],[]
31772,One Punch Man Specials,[],[]
26441,Junketsu no Maria,[],[]
13357,High School DxD Specials,[],[]
16662,Kaze Tachinu,[],[]
166,Samurai 7,[],[]
3091,xxxHOLiC Kei,[],[]
1132,Digimon Frontier,[],[]
4884,Tales of the Abyss,[],[]
28755,Boruto: Naruto the Movie,[],[]
19685,Kanojo ga Flag wo Oraretara,[],[]
482,Yu☆Gi☆Oh!: Duel Monsters GX,[],[]
19365,Samurai Flamenco,[],[]
17777,"Saikin, Imouto no Yousu ga Chotto Okashiinda ga.",[],[]
5112,Akikan!,[],[]
31933,JoJo no Kimyou na Bouken: Diamond wa Kudakenai,[],[]
15605,Brothers Conflict,[],[]
3228,Zoku Sayonara Zetsubou Sensei,[],[]
416,Kurenai no Buta,[],[]
33433,Shuumatsu no Izetta,[],[]
28979,To LOVE-Ru Darkness 2nd,[],[]
23421,Re:␣Hamatora,[],[]
10209,Kore wa Zombie Desu ka? OVA,[],[]
11235,Amagami SS+ Plus,[],[]
9750,Itsuka Tenma no Kuro Usagi,[],[]
132,GetBackers,[],[]
31741,Magi: Sinbad no Bouken (TV),[],[]
534,Slayers,[],[]
740,Bishoujo Senshi Sailor Moon R,[],[]
29067,Danna ga Nani wo Itteiru ka Wakaranai Ken 2 Sure-me,[],[]
1118,Pokemon: Kesshoutou no Teiou Entei,[],[]
834,Bleach: The Sealed Sword Frenzy,[],[]
721,Princess Tutu,[],[]
31229,Servamp,[],[]
9736,Astarotte no Omocha!,[],[]
12431,Uchuu Kyoudai,[],[]
4107,Tengen Toppa Gurren Lagann Movie: Gurren-hen,[],[]
855,Strawberry Panic,[],[]
5079,Kurokami The Animation,[],[]
21647,Tamako Love Story,[],[]
22547,Blade &amp; Soul,[],[]
65,Rozen Maiden: Träumend,[],[]
15335,Gintama Movie: Kanketsu-hen - Yorozuya yo Eien Nare,[],[]
32370,D.Gray-man Hallow,[],[]
28391,Ao no Kanata no Four Rhythm,[],[]
16934,Chuunibyou demo Koi ga Shitai!: Kirameki no... Slapstick Noel,[],[]
5781,Isekai no Seikishi Monogatari,[],[]
10012,Carnival Phantasm,[],[]
16157,Choujigen Game Neptune The Animation,[],[]
18195,Little Busters!: Refrain,[],[]
31716,Rewrite,[],[]
4581,Shikabane Hime: Aka,[],[]
11553,Toradora!: Bentou no Gokui,[],[]
28735,Shouwa Genroku Rakugo Shinjuu,[],[]
8536,Fortune Arterial: Akai Yakusoku,[],[]
1965,Sola,[],[]
34240,Shelter,[],[]
6444,Tegamibachi,[],[]
4477,Nodame Cantabile: Paris-hen,[],[]
6862,K-On!: Live House!,[],[]
2131,Bokusatsu Tenshi Dokuro-chan 2,[],[]
30458,Tokyo Ghoul: &quot;Jack&quot;,[],[]
1254,Saint Seiya,[],[]
18857,Ore no Imouto ga Konnani Kawaii Wake ga Nai. Specials,[],[]
5118,Suzumiya Haruhi-chan no Yuuutsu,[],[]
9790,Sora no Otoshimono: Tokeijikake no Angeloid,[],[]
29093,Grisaia no Meikyuu: Caprice no Mayu 0,[],[]
14751,Bishoujo Senshi Sailor Moon Crystal,[],[]
3230,Druaga no Tou: The Aegis of Uruk,[],[]
32648,Handa-kun,[],[]
17831,Inu to Hasami wa Tsukaiyou,[],[]
11123,Sekaiichi Hatsukoi 2,[],[]
10897,Boku wa Tomodachi ga Sukunai Episode 0,[],[]
31952,Kono Bijutsubu ni wa Mondai ga Aru!,[],[]
135,Hikaru no Go,[],[]
710,Rec,[],[]
13469,Hyouka: Motsubeki Mono wa,[],[]
1498,Black Blood Brothers,[],[]
15117,Kami nomi zo Shiru Sekai: Tenri-hen,[],[]
5342,Asura Cryin&#039;,[],[]
27829,Heavy Object,[],[]
17641,Date A Live: Date to Date,[],[]
543,Vampire Hunter D (2000),[],[]
379,Heppoko Jikken Animation Excel♥Saga,[],[]
4106,Trigun: Badlands Rumble,[],[]
185,Initial D First Stage,[],[]
31845,Masou Gakuen HxH,[],[]
4548,Yozakura Quartet,[],[]
6421,Fullmetal Alchemist: Brotherhood Specials,[],[]
687,Tokyo Mew Mew,[],[]
243,Gravitation,[],[]
20973,Sekai Seifuku: Bouryaku no Zvezda,[],[]
405,Blood: The Last Vampire,[],[]
19703,Kyousou Giga (TV),[],[]
5690,Nodame Cantabile Finale,[],[]
9471,Baka to Test to Shoukanjuu: Matsuri,[],[]
1564,Pokemon Advanced Generation,[],[]
29589,Denpa Kyoushi (TV),[],[]
4192,Hayate no Gotoku!!,[],[]
248,Ichigo 100%,[],[]
20709,Sabagebu!,[],[]
23317,Kuroshitsuji: Book of Murder,[],[]
114,Sakigake!! Cromartie Koukou,[],[]
14921,RDG: Red Data Girl,[],[]
19363,Gin no Saji 2nd Season,[],[]
14527,Medaka Box Abnormal,[],[]
532,Bishoujo Senshi Sailor Moon S,[],[]
24705,"Ore, Twintail ni Narimasu.",[],[]
28619,Ranpo Kitan: Game of Laplace,[],[]
19647,Hajime no Ippo: Rising,[],[]
165,RahXephon,[],[]
12113,Berserk: Ougon Jidai-hen II - Doldrey Kouryaku,[],[]
31318,Comet Lucifer,[],[]
153,Juuni Kokuki,[],[]
3786,Evangelion: 3.0+1.0,[],[]
53,Ai Yori Aoshi,[],[]
14837,Dragon Ball Z Movie 14: Kami to Kami,[],[]
7465,Eve no Jikan (Movie),[],[]
3229,Kimi ga Aruji de Shitsuji ga Ore de,[],[]
8934,Star Driver: Kagayaki no Takuto,[],[]
272,Noir,[],[]
901,"Dragon Ball Z Movie 08: Moetsukiro!! Nessen, Ressen, Chougekisen",[],[]
94,Mobile Suit Gundam Seed Destiny,[],[]
11837,Zetman,[],[]
12115,Berserk: Ougon Jidai-hen III - Kourin,[],[]
25,Sunabouzu,[],[]
33028,Danganronpa 3: The End of Kibougamine Gakuen - Zetsubou-hen,[],[]
20457,"Inari, Konkon, Koi Iroha.",[],[]
24227,Nisekoi OVA,[],[]
587,Hanbun no Tsuki ga Noboru Sora,[],[]
6974,Seikimatsu Occult Gakuin,[],[]
3299,H2O: Footprints in the Sand,[],[]
9981,Phi Brain: Kami no Puzzle,[],[]
7,Witch Hunter Robin,[],[]
17909,Uchouten Kazoku,[],[]
935,Witchblade,[],[]
198,Speed Grapher,[],[]
8479,Hetalia World Series,[],[]
28387,Joukamachi no Dandelion,[],[]
23623,Non Non Biyori Repeat,[],[]
23311,Garo: Honoo no Kokuin,[],[]
10073,Seikon no Qwaser II,[],[]
390,Suzuka,[],[]
102,Aishiteruze Baby★★,[],[]
4551,Hakushaku to Yousei,[],[]
25429,Isuca,[],[]
17741,Kimi no Iru Machi,[],[]
2494,Goshuushou-sama Ninomiya-kun,[],[]
2403,Kodomo no Jikan (TV),[],[]
10119,Seitokai Yakuindomo OVA,[],[]
8142,Colorful (Movie),[],[]
1250,Erementar Gerad,[],[]
1579,Kiniro no Corda: Primo Passo,[],[]
10447,Aquarion Evol,[],[]
26351,Nagato Yuki-chan no Shoushitsu,[],[]
76,Mahou Shoujo Lyrical Nanoha,[],[]
2002,Heroic Age,[],[]
570,Jin-Rou,[],[]
30091,Chaos Dragon: Sekiryuu Seneki,[],[]
8476,Otome Youkai Zakuro,[],[]
16005,Zettai Karen Children: The Unlimited - Hyoubu Kyousuke,[],[]
7858,Sora no Otoshimono: Project Pink,[],[]
1606,Kekkaishi,[],[]
2986,Bamboo Blade,[],[]
123,Fushigi Yuugi,[],[]
12711,Uta no☆Prince-sama♪ Maji Love 2000%,[],[]
1142,Hachimitsu to Clover II,[],[]
31630,"Gyakuten Saiban: Sono &quot;Shinjitsu&quot;, Igi Ari!",[],[]
21563,Kamigami no Asobi,[],[]
24031,Denki-gai no Honya-san,[],[]
13939,Accel World EX,[],[]
190,Love Hina Again,[],[]
15197,Code Geass: Boukoku no Akito 2 - Hikisakareshi Yokuryuu,[],[]
15613,Hakkenden: Touhou Hakken Ibun,[],[]
193,Maburaho,[],[]
30484,Steins;Gate 0,[],[]
31174,Osomatsu-san,[],[]
23327,Space☆Dandy 2nd Season,[],[]
9136,Kuroshitsuji II Specials,[],[]
2961,Digimon Adventure Movie,[],[]
372,Cardcaptor Sakura Movie 2: Fuuin Sareta Card,[],[]
31251,Mobile Suit Gundam: Iron-Blooded Orphans,[],[]
16355,Dansai Bunri no Crime Edge,[],[]
31914,Shoujo-tachi wa Kouya wo Mezasu,[],[]
5262,Shugo Chara!! Doki,[],[]
15687,Chuunibyou demo Koi ga Shitai! Lite,[],[]
479,The Law of Ueki,[],[]
14027,Boku wa Tomodachi ga Sukunai: Relay Shousetsu wa Ketsumatsu ga Hanpanai,[],[]
16890,Makai Ouji: Devils and Realist,[],[]
21185,Baby Steps,[],[]
28675,Kyoukai no Kanata Movie: I&#039;ll Be Here - Mirai-hen,[],[]
21177,Nobunaga the Fool,[],[]
11266,Ao no Exorcist: Kuro no Iede,[],[]
28725,Kokoro ga Sakebitagatterunda.,[],[]
26443,Triage X,[],[]
24873,Juuou Mujin no Fafnir,[],[]
31646,3-gatsu no Lion,[],[]
122,Full Moon wo Sagashite,[],[]
1829,Gedo Senki,[],[]
898,Dragon Ball Z Movie 05: Tobikkiri no Saikyou tai Saikyou,[],[]
25519,Yuuki Yuuna wa Yuusha de Aru,[],[]
196,Onegai☆Twins,[],[]
3358,Kure-nai,[],[]
24991,No Game No Life Specials,[],[]
3713,Jigoku Shoujo Mitsuganae,[],[]
9776,A-Channel,[],[]
1033,Sennen Joyuu,[],[]
1119,Pokemon: Celebi Toki wo Koeta Deai,[],[]
25687,Digimon Adventure tri. 1: Saikai,[],[]
18497,Yozakura Quartet: Hana no Uta,[],[]
2927,Kimikiss Pure Rouge,[],[]
6772,Break Blade 1: Kakusei no Toki,[],[]
251,Kyou kara Maou!,[],[]
30885,Noragami Aragoto OVA,[],[]
529,Saishuu Heiki Kanojo,[],[]
2685,Tsubasa: Tokyo Revelations,[],[]
31414,Nijiiro Days,[],[]
896,Dragon Ball Z Movie 03: Chikyuu Marugoto Choukessen,[],[]
10805,Kami nomi zo Shiru Sekai: 4-nin to Idol,[],[]
24893,Sidonia no Kishi: Daikyuu Wakusei Seneki,[],[]
21743,Donten ni Warau,[],[]
412,Kore ga Watashi no Goshujinsama,[],[]
32899,Watashi ga Motete Dousunda,[],[]
894,Dragon Ball Z Movie 01: Ora no Gohan wo Kaese!!,[],[]
13807,Corpse Party: Missing Footage,[],[]
8876,Koe de Oshigoto! The Animation,[],[]
18295,Kakumeiki Valvrave 2nd Season,[],[]
1639,Boku no Pico,[],[]
30016,Nanbaka,[],[]
13851,To LOVE-Ru Darkness OVA,[],[]
487,Girls Bravo: Second Season,[],[]
138,Hunter x Hunter: Greed Island,[],[]
905,Dragon Ball Z Movie 12: Fukkatsu no Fusion!! Gokuu to Vegeta,[],[]
3701,Kaiba,[],[]
20509,Fate/kaleid liner Prisma☆Illya 2wei!,[],[]
32360,Qualidea Code,[],[]
160,"Ima, Soko ni Iru Boku",[],[]
15751,Senyuu.,[],[]
10794,IS: Infinite Stratos Encore - Koi ni Kogareru Rokujuusou,[],[]
7627,Mitsudomoe,[],[]
12471,Eureka Seven AO,[],[]
3087,Cencoroll,[],[]
246,Groove Adventure Rave,[],[]
371,Cardcaptor Sakura Movie 1,[],[]
584,Noein: Mou Hitori no Kimi e,[],[]
3297,Aria The Origination,[],[]
19151,Walkure Romanze,[],[]
30383,Classroom☆Crisis,[],[]
5671,Saki,[],[]
30901,Utawarerumono: Itsuwari no Kamen,[],[]
2508,Genshiken 2,[],[]
899,Dragon Ball Z Movie 06: Gekitotsu!! 100-oku Power no Senshi-tachi,[],[]
139,Hunter x Hunter: Greed Island Final,[],[]
617,Juubee Ninpuuchou,[],[]
14515,Sasami-san@Ganbaranai,[],[]
15119,Senran Kagura,[],[]
10271,Gyakkyou Burai Kaiji: Hakairoku-hen,[],[]
21681,Hanayamata,[],[]
11021,Muv-Luv Alternative: Total Eclipse,[],[]
3407,Blassreiter,[],[]
6377,Zan Sayonara Zetsubou Sensei,[],[]
11783,Dog Days&#039;,[],[]
9834,Level E,[],[]
1566,Ghost in the Shell: Stand Alone Complex - Solid State Society,[],[]
9314,Fractale,[],[]
1239,Bishoujo Senshi Sailor Moon SuperS,[],[]
7058,Uragiri wa Boku no Namae wo Shitteiru,[],[]
12461,Hiiro no Kakera,[],[]
903,Dragon Ball Z Movie 10: Kiken na Futari! Super Senshi wa Nemurenai,[],[]
11743,Toaru Majutsu no Index: Endymion no Kiseki,[],[]
450,InuYasha: Kagami no Naka no Mugenjo,[],[]
15437,Kore wa Zombie Desu ka? of the Dead OVA,[],[]
5150,Hatsukoi Limited,[],[]
10033,Toriko,[],[]
167,Scrapped Princess,[],[]
6987,Aki-Sora,[],[]
4720,White Album,[],[]
11079,Kill Me Baby,[],[]
12031,Kingdom,[],[]
6127,Toradora!: SOS!,[],[]
32937,Kono Subarashii Sekai ni Shukufuku wo! 2,[],[]
3420,Shigofumi,[],[]
1361,Final Fantasy: The Spirits Within,[],[]
895,Dragon Ball Z Movie 02: Kono Yo de Ichiban Tsuyoi Yatsu,[],[]
6793,Kuroshitsuji Special,[],[]
10611,R-15,[],[]
21557,Omoide no Marnie,[],[]
31821,Arslan Senki (TV): Fuujin Ranbu,[],[]
1004,Kanojo to Kanojo no Neko,[],[]
8426,Hourou Musuko,[],[]
8449,Togainu no Chi,[],[]
19117,Toaru Hikuushi e no Koiuta,[],[]
25537,Fate/stay night Movie: Heaven&#039;s Feel,[],[]
180,Vandread,[],[]
16397,Photokano,[],[]
137,Hunter x Hunter OVA,[],[]
6572,Shakugan no Shana S,[],[]
5941,Cross Game,[],[]
19489,Little Witch Academia: Mahoujikake no Parade,[],[]
74,Gakuen Alice,[],[]
18767,BlazBlue: Alter Memory,[],[]
31374,Shingeki! Kyojin Chuugakkou,[],[]
1722,Nagasarete Airantou,[],[]
168,s.CRY.ed,[],[]
9366,Kaichou wa Maid-sama!: Omake dayo!,[],[]
900,Dragon Ball Z Movie 07: Kyokugen Battle!! Sandai Super Saiyajin,[],[]
9922,Oretachi ni Tsubasa wa Nai: Under the Innocent Sky.,[],[]
27633,Gekkan Shoujo Nozaki-kun Specials,[],[]
996,Bishoujo Senshi Sailor Moon: Sailor Stars,[],[]
14765,Ixion Saga DT,[],[]
15377,Hyakka Ryouran: Samurai Bride,[],[]
22097,Magi: Sinbad no Bouken,[],[]
31297,Tokyo Ghoul: &quot;Pinto&quot;,[],[]
594,Naruto: Takigakure no Shitou - Ore ga Eiyuu Dattebayo!,[],[]
33377,Trickster: Edogawa Ranpo &quot;Shounen Tanteidan&quot; yori,[],[]
5039,Kurozuka,[],[]
13055,Sankarea OVA,[],[]
897,Dragon Ball Z Movie 04: Super Saiyajin da Son Gokuu,[],[]
18393,Fairy Tail x Rave,[],[]
5764,Zero no Tsukaima: Princesses no Rondo - Yuuwaku no Sunahama,[],[]
4672,Ghost in the Shell 2.0,[],[]
949,Top wo Nerae! Gunbuster,[],[]
1015,Full Metal Panic! The Second Raid: Wari to Hima na Sentaichou no Ichinichi,[],[]
9587,Oniichan no Koto nanka Zenzen Suki ja Nai n da kara ne!!,[],[]
30806,Schwarzesmarken,[],[]
13411,Guilty Crown: Lost Christmas,[],[]
80,Mobile Suit Gundam,[],[]
250,Konjiki no Gash Bell!!,[],[]
33253,Ajin 2nd Season,[],[]
452,InuYasha: Toki wo Koeru Omoi,[],[]
7079,Ookamikakushi,[],[]
7472,Gintama Movie: Shinyaku Benizakura-hen,[],[]
4719,Queen&#039;s Blade: Rurou no Senshi,[],[]
6381,Strike Witches 2,[],[]
12679,Joshiraku,[],[]
902,Dragon Ball Z Movie 09: Ginga Girigiri!! Bucchigiri no Sugoi Yatsu,[],[]
451,InuYasha: Tenka Hadou no Ken,[],[]
8768,Hiyokoi,[],[]
4970,Afro Samurai: Resurrection,[],[]
156,X,[],[]
957,Saiunkoku Monogatari,[],[]
31765,Sword Art Online Movie: Ordinal Scale,[],[]
28,Yakitate!! Japan,[],[]
3225,Minami-ke Okawari,[],[]
16528,Hal,[],[]
24277,Yowamushi Pedal: Grande Road,[],[]
10029,Coquelicot-zaka kara,[],[]
906,Dragon Ball Z Movie 13: Ryuuken Bakuhatsu!! Goku ga Yaraneba Dare ga Yaru,[],[]
9734,K-On!!: Keikaku!,[],[]
873,.hack//Roots,[],[]
3594,Tears to Tiara,[],[]
3974,Tetsuwan Birdy Decode,[],[]
15911,Yuyushiki,[],[]
32681,Uchuu Patrol Luluco,[],[]
2216,Shigurui,[],[]
15109,Cuticle Tantei Inaba,[],[]
16099,Sword Art Online: Sword Art Offline,[],[]
449,InuYasha: Guren no Houraijima,[],[]
30895,HaruChika: Haruta to Chika wa Seishun suru,[],[]
904,Dragon Ball Z Movie 11: Super Senshi Gekiha!! Katsu no wa Ore da,[],[]
62,D.C.: Da Capo,[],[]
12893,Danshi Koukousei no Nichijou Specials,[],[]
15565,Maken-Ki! Two,[],[]
9065,Hakuouki Hekketsuroku,[],[]
2159,Ookiku Furikabutte,[],[]
19285,Shingeki no Kyojin: Ano Hi Kara,[],[]
54,Appleseed (Movie),[],[]
325,Peach Girl,[],[]
288,Bakuten Shoot Beyblade,[],[]
401,Rurouni Kenshin: Meiji Kenkaku Romantan - Seisou-hen,[],[]
32595,Seisen Cerberus: Ryuukoku no Fatalités,[],[]
32494,Days (TV),[],[]
21329,Mushishi Special: Hihamukage,[],[]
591,Amaenaide yo!!,[],[]
3366,Persona: Trinity Soul,[],[]
12783,Sora no Otoshimono Final: Eternal My Master,[],[]
18441,Blood Lad: Wagahai wa Neko de wa Nai,[],[]
24655,Date A Live Movie: Mayuri Judgment,[],[]
109,Bakuretsu Tenshi,[],[]
26165,Yuri Kuma Arashi,[],[]
22961,Date A Live: Encore OVA,[],[]
32083,Luck &amp; Logic,[],[]
25867,Rolling☆Girls,[],[]
8917,Mouretsu Pirates,[],[]
1565,Pokemon Diamond &amp; Pearl,[],[]
658,Touhai Densetsu Akagi: Yami ni Maiorita Tensai,[],[]
408,Final Fantasy VII: Last Order,[],[]
2248,Naruto: Dai Katsugeki!! Yuki Hime Shinobu Houjou Dattebayo! Special: Konoha Annual Sports Festival,[],[]
23209,Sora no Method,[],[]
940,Inukami!,[],[]
264,Hajime no Ippo: Champion Road,[],[]
306,Abenobashi Mahou☆Shoutengai,[],[]
31988,Hibike! Euphonium 2,[],[]
298,.hack//Tasogare no Udewa Densetsu,[],[]
10372,Kamisama Dolls,[],[]
845,Kiba,[],[]
28817,Mikagura Gakuen Kumikyoku,[],[]
20431,Hoozuki no Reitetsu,[],[]
11751,"Senki Zesshou Symphogear: Meteoroid-Falling, Burning, and Disappear, Then...",[],[]
28791,Gunslinger Stratos: The Animation,[],[]
761,Naruto: Akaki Yotsuba no Clover wo Sagase,[],[]
21845,Ushinawareta Mirai wo Motomete,[],[]
369,Boogiepop wa Warawanai: Boogiepop Phantom,[],[]
24211,Orenchi no Furo Jijou,[],[]
10156,Sacred Seven,[],[]
3972,Yu☆Gi☆Oh! 5D&#039;s,[],[]
1956,Ikkitousen: Dragon Destiny,[],[]
33255,Saiki Kusuo no Ψ-nan (TV),[],[]
209,R.O.D the TV,[],[]
28423,Kyoukai no Rinne (TV),[],[]
10572,Ro-Kyu-Bu!,[],[]
31147,Concrete Revolutio: Choujin Gensou,[],[]
33486,Boku no Hero Academia 2nd Season,[],[]
1526,Pokemon Advanced Generation: Mew to Hadou no Yuusha Lucario,[],[]
17827,Daitoshokan no Hitsujikai,[],[]
24151,Ao Haru Ride OVA,[],[]
16866,Tonari no Kaibutsu-kun: Tonari no Gokudou-kun,[],[]
32380,Kono Subarashii Sekai ni Shukufuku wo! OVA,[],[]
13403,Inu x Boku SS Special,[],[]
12487,Kyoukaisenjou no Horizon II,[],[]
10491,Higurashi no Naku Koro ni Kira,[],[]
5034,Shikabane Hime: Kuro,[],[]
13391,Rakuen Tsuihou: Expelled from Paradise,[],[]
478,Sousei no Aquarion,[],[]
22433,Break Blade,[],[]
459,One Piece Movie 1,[],[]
2899,Higurashi no Naku Koro ni Special: Nekogoroshi-hen,[],[]
488,Ichigo Mashimaro,[],[]
32245,Kuromukuro,[],[]
986,Dragon Ball Z Special 1: Tatta Hitori no Saishuu Kessen,[],[]
4726,Druaga no Tou: The Sword of Uruk,[],[]
18041,Rozen Maiden (2013),[],[]
24629,Koufuku Graffiti,[],[]
33003,Mahou Shoujo Ikusei Keikaku,[],[]
2154,Tekkon Kinkreet,[],[]
411,Gun x Sword,[],[]
27727,Binan Koukou Chikyuu Bouei-bu LOVE!,[],[]
14283,Vividred Operation,[],[]
567,The Big O,[],[]
186,Initial D Second Stage,[],[]
32013,Oshiete! Galko-chan,[],[]
20555,SoniAni: Super Sonico The Animation,[],[]
6954,Kara no Kyoukai: Shuushou,[],[]
32268,Koyomimonogatari,[],[]
10378,Shinryaku!? Ika Musume,[],[]
14407,Persona 3 the Movie 1: Spring of Birth,[],[]
16664,Kaguya-hime no Monogatari,[],[]
20931,Oneechan ga Kita,[],[]
30385,Valkyrie Drive: Mermaid,[],[]
2795,Dragonaut: The Resonance,[],[]
32526,Love Live! Sunshine!!,[],[]
5162,Minami-ke Okaeri,[],[]
1122,Pokemon Advanced Generation: Rekkuu no Houmonsha Deoxys,[],[]
5365,Tsumiki no Ie,[],[]
1074,Naruto Narutimate Hero 3: Tsuini Gekitotsu! Jounin vs. Genin!! Musabetsu Dairansen taikai Kaisai!!,[],[]
6023,Nogizaka Haruka no Himitsu: Purezza,[],[]
191,Love Hina Christmas Special: Silent Eve,[],[]
33506,Ao no Exorcist: Kyoto Fujouou-hen,[],[]
1140,Giniro no Kami no Agito,[],[]
15199,Code Geass: Boukoku no Akito 3 - Kagayaku Mono Ten yori Otsu,[],[]
32023,Bubuki Buranki,[],[]
8514,Break Blade 2: Ketsubetsu no Michi,[],[]
343,Tsukuyomi: Moon Phase,[],[]
5593,Dogs: Bullets &amp; Carnage,[],[]
2130,Kaibutsu Oujo,[],[]
14293,Nerawareta Gakuen,[],[]
32696,Fukigen na Mononokean,[],[]
953,Jyu Oh Sei,[],[]
12815,Shirokuma Cafe,[],[]
13271,Hunter x Hunter Movie: Phantom Rouge,[],[]
11739,Kimi to Boku. 2,[],[]
3001,Moyashimon,[],[]
16444,Mondaiji-tachi ga Isekai kara Kuru Sou Desu yo?: Onsen Manyuuki,[],[]
1589,Bartender,[],[]
1719,Rozen Maiden: Ouvertüre,[],[]
30279,Yuru Yuri San☆Hai!,[],[]
908,Fullmetal Alchemist: Premium Collection,[],[]
12029,Uchuu Senkan Yamato 2199,[],[]
713,Air Movie,[],[]
1088,Macross,[],[]
389,Karas,[],[]
770,Pale Cocoon,[],[]
522,Metropolis,[],[]
1546,Negima!?,[],[]
21437,Buddy Complex,[],[]
1815,Shakugan no Shana Movie,[],[]
31098,Ushio to Tora (TV) 2nd Season,[],[]
12317,Upotte!!,[],[]
17082,Aiura,[],[]
6676,Asura Cryin&#039; 2,[],[]
985,Dragon Ball Z Special 2: Zetsubou e no Hankou!! Nokosareta Chousenshi - Gohan to Trunks,[],[]
1860,Tokyo Majin Gakuen Kenpucho: Tou,[],[]
10647,Ao no Exorcist: Ura Ex,[],[]
19855,Nobunagun,[],[]
25517,Magic Kaito 1412,[],[]
12565,Fate/Prototype,[],[]
1121,Pokemon Advanced Generation: Nanayo no Negaiboshi Jirachi,[],[]
32902,Mahoutsukai no Yome: Hoshi Matsu Hito,[],[]
4535,Candy Boy: Nonchalant Talk of the Certain Twin Sisters in Daily Life,[],[]
5734,Tayutama: Kiss on My Deity,[],[]
6164,Aoi Hana,[],[]
31804,Kuma Miko,[],[]
21677,Captain Earth,[],[]
1852,Hidamari Sketch,[],[]
143,Kannazuki no Miko,[],[]
24037,Selector Spread WIXOSS,[],[]
1303,The Animatrix,[],[]
6634,Sengoku Basara Two,[],[]
2985,Majin Tantei Nougami Neuro,[],[]
5231,Inazuma Eleven,[],[]
22777,Dragon Ball Kai (2014),[],[]
9252,Break Blade 3: Kyoujin no Ato,[],[]
27525,Fate/kaleid liner Prisma☆Illya 2wei Herz!,[],[]
1120,Pokemon: Mizu no Miyako no Mamorigami Latias to Latios,[],[]
732,Vampire Hunter D,[],[]
23385,Kyoukai no Kanata: Shinonome,[],[]
25015,Kyoukai no Kanata Movie: I&#039;ll Be Here - Kako-hen,[],[]
427,Kaleido Star,[],[]
1569,Otome wa Boku ni Koishiteru,[],[]
10216,"Yondemasu yo, Azazel-san. (TV)",[],[]
30740,Young Black Jack,[],[]
22835,Himegoto,[],[]
6336,Mobile Suit Gundam Unicorn,[],[]
1281,Gakkou no Kaidan,[],[]
880,Aa! Megami-sama!: Sorezore no Tsubasa,[],[]
144,Kanon,[],[]
3359,Amatsuki,[],[]
4015,School Rumble San Gakki,[],[]
16916,Kuroko no Basket: Tip Off,[],[]
146,Kono Minikuku mo Utsukushii Sekai,[],[]
208,R.O.D OVA,[],[]
77,Mahou Shoujo Lyrical Nanoha A&#039;s,[],[]
9465,Break Blade 4: Sanka no Chi,[],[]
18,Initial D Fourth Stage,[],[]
793,xxxHOLiC Movie: Manatsu no Yoru no Yume,[],[]
6774,Kuuchuu Buranko,[],[]
11227,Rinne no Lagrange,[],[]
7082,Shugo Chara! Party!,[],[]
29317,Saenai Heroine no Sodatekata: Ai to Seishun no Service Kai,[],[]
30300,"High School DxD New: Oppai, Tsutsumimasu!",[],[]
28069,Shigatsu wa Kimi no Uso: Moments,[],[]
634,Koi Kaze,[],[]
10298,Kaichou wa Maid-sama!: Goshujinsama to Asonjao♥,[],[]
21039,Gatchaman Crowds Insight,[],[]
10464,Seitokai no Ichizon Lv.2,[],[]
14807,Kara no Kyoukai: Mirai Fukuin,[],[]
627,Major S1,[],[]
25389,Dragon Ball Z Movie 15: Fukkatsu no F,[],[]
859,Digimon Savers,[],[]
6408,&quot;Bungaku Shoujo&quot; Movie,[],[]
13585,Natsuyuki Rendezvous,[],[]
32979,Flip Flappers,[],[]
517,School Rumble Ichi Gakki Hoshuu,[],[]
192,Love Hina Haru Special: Kimi Sakura Chiru Nakare!!,[],[]
7588,Saraiya Goyou,[],[]
565,Steamboy,[],[]
33094,WWW.Working!!,[],[]
974,Dead Leaves,[],[]
8100,Mardock Scramble: The First Compression,[],[]
12079,Black★Rock Shooter,[],[]
265,Hajime no Ippo: Mashiba vs. Kimura,[],[]
58,Blue Gender,[],[]
11077,Hellsing: The Dawn,[],[]
9712,Maria†Holic Alive,[],[]
31771,Amanchu!,[],[]
4938,Tsubasa: Shunraiki,[],[]
23121,Jinsei,[],[]
4918,xxxHOLiC Shunmuki,[],[]
4872,Goku Sayonara Zetsubou Sensei,[],[]
6171,Saint Seiya: The Lost Canvas - Meiou Shinwa,[],[]
514,Cossette no Shouzou,[],[]
967,Hokuto no Ken,[],[]
6574,Hanamaru Youchien,[],[]
9201,Air Gear: Kuro no Hane to Nemuri no Mori - Break on the Sky,[],[]
17505,Mushibugyou,[],[]
9724,Break Blade 5: Shisen no Hate,[],[]
462,One Piece Movie 4: Dead End no Bouken,[],[]
25649,Junjou Romantica 3,[],[]
535,Slayers Next,[],[]
2369,Rental Magica,[],[]
20449,"Watashi ga Motenai no wa Dou Kangaetemo Omaera ga Warui!: Motenaishi, Nazomeite Miru",[],[]
52,Kidou Tenshi Angelic Layer,[],[]
15201,Code Geass: Boukoku no Akito 4 - Nikushimi no Kioku Kara,[],[]
962,Aria The Natural,[],[]
1029,Omoide Poroporo,[],[]
28883,Hidan no Aria AA,[],[]
19367,Galilei Donna,[],[]
1696,Murder Princess,[],[]
187,Initial D Third Stage,[],[]
24075,Persona 4 the Golden Animation,[],[]
31553,Charlotte: Tsuyoi Monotachi,[],[]
27891,Sword Art Online II: Debriefing,[],[]
10092,Break Blade 6: Doukoku no Toride,[],[]
1050,Bobobo-bo Bo-bobo,[],[]
23945,Majimoji Rurumo,[],[]
3613,Toshokan Sensou,[],[]
32983,Natsume Yuujinchou Go,[],[]
16518,Arata Kangatari,[],[]
907,Princess Princess,[],[]
32491,Kanojo to Kanojo no Neko: Everything Flows,[],[]
1002,Top wo Nerae 2! Diebuster,[],[]
18661,Kamisama Hajimemashita OVA,[],[]
6610,Ibara no Ou,[],[]
9938,Ikoku Meiro no Croisée The Animation,[],[]
31500,High School Fleet,[],[]
1462,Memories,[],[]
1709,Pokemon: Mewtwo! Ware wa Koko ni Ari,[],[]
29976,Dance with Devils,[],[]
419,Samurai Deeper Kyou,[],[]
490,Paniponi Dash!,[],[]
30230,Diamond no Ace: Second Season,[],[]
3231,Gunslinger Girl: Il Teatrino,[],[]
5220,Shangri-La,[],[]
696,Tenchi Muyou!,[],[]
104,Ayashi no Ceres,[],[]
11697,Area no Kishi,[],[]
33091,Planetarian: Chiisana Hoshi no Yume,[],[]
23133,M3: Sono Kuroki Hagane,[],[]
2847,Pokemon Diamond &amp; Pearl: Dialga vs. Palkia vs. Darkrai,[],[]
32608,Endride,[],[]
28285,Trinity Seven OVA,[],[]
20053,Wizard Barristers: Benmashi Cecil,[],[]
14189,Tasogare Otome x Amnesia: Taima Otome,[],[]
32188,Steins;Gate: Kyoukaimenjou no Missing Link - Divide By Zero,[],[]
31452,Norn9: Norn+Nonet,[],[]
24997,Love Live! The School Idol Movie,[],[]
29787,Gochuumon wa Usagi Desu ka??,[],[]
31790,Active Raid: Kidou Kyoushuushitsu Dai Hachi Gakari,[],[]
394,Ai Yori Aoshi: Enishi,[],[]
10681,Blood-C: The Last Dark,[],[]
29974,"Diabolik Lovers More,Blood",[],[]
297,Grenadier: Hohoemi no Senshi,[],[]
30127,Danchigai,[],[]
21167,Escha &amp; Logy no Atelier: Tasogare no Sora no Renkinjutsushi,[],[]
464,One Piece Movie 6: Omatsuri Danshaku to Himitsu no Shima,[],[]
460,One Piece Movie 2: Nejimaki-jima no Daibouken,[],[]
12149,AKB0048,[],[]
1023,Wolf&#039;s Rain OVA,[],[]
10083,Shiki Specials,[],[]
19951,Hunter x Hunter Movie: The Last Mission,[],[]
9047,Toaru Kagaku no Railgun: Misaka-san wa Ima Chuumoku no Mato desukara,[],[]
32603,Okusama ga Seitokaichou!+!,[],[]
25859,Re-Kan!,[],[]
30347,Nanatsu no Taizai OVA,[],[]
8577,Aki-Sora: Yume no Naka,[],[]
16774,Inferno Cop,[],[]
4196,Ikkitousen: Great Guardians,[],[]
1894,Yu☆Gi☆Oh!: Hikari no Pyramid,[],[]
100,Shin Shirayuki-hime Densetsu Prétear,[],[]
393,Escaflowne,[],[]
8857,Nichijou: Nichijou no 0-wa,[],[]
31109,Hatsukoi Monster,[],[]
7705,Starry☆Sky,[],[]
12685,Code Geass: Nunnally in Wonderland,[],[]
2397,Digimon Adventure: Bokura no War Game!,[],[]
6288,Mobile Suit Gundam 00 The Movie: A Wakening of the Trailblazer,[],[]
5835,Hanasakeru Seishounen,[],[]
10076,Kämpfer für die Liebe,[],[]
7337,"Hetalia Axis Powers Movie: Paint it, White",[],[]
7661,Giant Killing,[],[]
2158,Terra e... (TV),[],[]
99,Mai-Otome,[],[]
6586,Yume-iro Pâtissière,[],[]
33985,Bloodivores,[],[]
31680,Super Lovers,[],[]
5420,Kemono no Souja Erin,[],[]
276,Mahoromatic: Automatic Maiden,[],[]
2116,Captain Tsubasa,[],[]
16694,Sankarea: Wagahai mo... Zombie de Aru...,[],[]
7017,K-On!: Ura-On!,[],[]
461,One Piece Movie 3: Chinjuu-jima no Chopper Oukoku,[],[]
3656,Monochrome Factor,[],[]
28221,Etotama,[],[]
6864,xxxHOLiC Rou,[],[]
51,Tenshi Kinryouku,[],[]
11113,Usagi Drop Specials,[],[]
33421,Hitori no Shita: The Outcast,[],[]
96,Mobile Fighter G Gundam,[],[]
3841,Chi&#039;s Sweet Home,[],[]
181,Vandread: The Second Stage,[],[]
27663,Baby Steps 2nd Season,[],[]
17821,Stella Jogakuin Koutou-ka C³-bu,[],[]
8311,Tegamibachi Reverse,[],[]
341,Spiral: Suiri no Kizuna,[],[]
26213,Free!: Eternal Summer Special,[],[]
4879,Mouryou no Hako,[],[]
4151,Blade of the Immortal,[],[]
19671,Free!: FrFr - Short Movie,[],[]
22123,Inugami-san to Nekoyama-san,[],[]
9675,Kami nomi zo Shiru Sekai: Flag 0,[],[]
1731,Tales of Symphonia The Animation: Sylvarant-hen,[],[]
2273,Mobile Suit Gundam Wing: Endless Waltz Movie,[],[]
885,Tenshi no Tamago,[],[]
20939,"Ore no Nounai Sentakushi ga, Gakuen Love Comedy wo Zenryoku de Jama Shiteiru OVA",[],[]
6758,Tatakau Shisho: The Book of Bantorra,[],[]
596,Chobits: Chibits,[],[]
1813,Genshiken OVA,[],[]
31588,All Out!!,[],[]
1915,Mahou Shoujo Lyrical Nanoha StrikerS,[],[]
463,One Piece Movie 5: Norowareta Seiken,[],[]
238,Rekka no Honoo,[],[]
10152,Kimi ni Todoke 2nd Season: Kataomoi,[],[]
19759,Ansatsu Kyoushitsu,[],[]
8063,Sekaiichi Hatsukoi OVA,[],[]
15863,Ginga Kikoutai Majestic Prince,[],[]
161,Peace Maker Kurogane,[],[]
33161,Yahari Ore no Seishun Love Comedy wa Machigatteiru. Zoku OVA,[],[]
32607,Gi(a)rlish Number,[],[]
31245,Zutto Mae kara Suki deshita.: Kokuhaku Jikkou Iinkai,[],[]
30782,Bikini Warriors,[],[]
15879,Chuunibyou demo Koi ga Shitai!: Depth of Field - Ai to Nikushimi Gekijou,[],[]
15195,Hetalia: The Beautiful World,[],[]
586,Ayakashi: Japanese Classic Horror,[],[]
6884,Ookami to Koushinryou II Specials,[],[]
850,Gakuen Heaven,[],[]
4415,World Destruction: Sekai Bokumetsu no Rokunin,[],[]
10638,Denpa Onna to Seishun Otoko Special,[],[]
14175,Hanasaku Iroha: Home Sweet Home,[],[]
49,Aa! Megami-sama!,[],[]
16385,Dog Days&#039;&#039;,[],[]
601,Nekojiru-sou,[],[]
27957,Steins;Gate: Soumei Eichi no Cognitive Computing,[],[]
1412,Lupin III,[],[]
31757,Kizumonogatari II: Nekketsu-hen,[],[]
3956,Shakugan no Shana II (Second) Specials,[],[]
6203,Sasameki Koto,[],[]
19021,Takanashi Rikka Kai: Chuunibyou demo Koi ga Shitai! Movie,[],[]
1030,Heisei Tanuki Gassen Ponpoko,[],[]
17535,Fairy Tail Movie 1: Houou no Miko - Hajimari no Asa,[],[]
81,Mobile Suit Gundam: The 08th MS Team,[],[]
553,Yami no Matsuei,[],[]
31430,Terra Formars Revenge,[],[]
435,Magic Knight Rayearth,[],[]
1836,Shuffle! Memories,[],[]
4134,Naruto Shippuuden: Shippuu! &quot;Konoha Gakuen&quot; Den,[],[]
2201,Pokemon Advanced Generation: Pokemon Ranger to Umi no Ouji Manaphy,[],[]
24687,Mushishi Zoku Shou: Odoro no Michi,[],[]
158,Maria-sama ga Miteru,[],[]
8440,Black Lagoon Omake,[],[]
32673,Udon no Kuni no Kiniro Kemari,[],[]
8740,One Piece Film: Strong World Episode 0,[],[]
24627,Yamada-kun to 7-nin no Majo (OVA),[],[]
9107,Pokemon Best Wishes!,[],[]
531,Bishoujo Senshi Sailor Moon R: The Movie,[],[]
15775,Saint☆Oniisan,[],[]
807,Tsubasa Chronicle: Tori Kago no Kuni no Himegimi,[],[]
3791,Air Gear Special,[],[]
886,Amaenaide yo!! Katsu!!,[],[]
10294,Towa no Quon 1: Utakata no Kaben,[],[]
17651,Genei wo Kakeru Taiyou,[],[]
29027,Shinmai Maou no Testament OVA,[],[]
18055,Hakkenden: Touhou Hakken Ibun 2nd Season,[],[]
18411,Gingitsune,[],[]
30709,Kamisama Hajimemashita: Kako-hen,[],[]
16700,Higurashi no Naku Koro ni Kaku: Outbreak,[],[]
1557,Shounen Onmyouji,[],[]
23269,Hello!! Kiniro Mosaic,[],[]
19383,Yami Shibai,[],[]
46,Rurouni Kenshin: Meiji Kenkaku Romantan - Ishinshishi e no Chinkonka,[],[]
4550,Hyakko,[],[]
1454,Kemonozume,[],[]
21809,Kenzen Robo Daimidaler,[],[]
489,Kamichu!,[],[]
23587,The iDOLM@STER Cinderella Girls,[],[]
1013,Le Chevalier D&#039;Eon,[],[]
465,One Piece Movie 7: Karakuri-jou no Mecha Kyohei,[],[]
1953,Code Geass: Hangyaku no Lelouch Picture Drama,[],[]
10604,Hidan no Aria Special,[],[]
5955,Toaru Majutsu no Index-tan,[],[]
3759,School Days: Valentine Days,[],[]
987,Dragon Ball GT: Goku Gaiden! Yuuki no Akashi wa Suushinchuu,[],[]
4618,RideBack,[],[]
990,Kamisama Kazoku,[],[]
875,Mind Game,[],[]
1172,Slayers Try,[],[]
1430,Lupin III: Cagliostro no Shiro,[],[]
417,Ragnarök the Animation,[],[]
326,Petshop of Horrors,[],[]
3089,The Sky Crawlers,[],[]
4026,Pokemon Diamond &amp; Pearl: Giratina to Sora no Hanataba Sheimi,[],[]
12503,Mirai Nikki (TV): Ura Mirai Nikki,[],[]
4246,Eureka Seven: Pocket ga Niji de Ippai,[],[]
6645,Chuu Bra!!,[],[]
31223,Phantasy Star Online 2 The Animation,[],[]
5279,Sekirei: Hajimete no Otsukai,[],[]
789,Shinigami no Ballad.,[],[]
521,Mermaid Melody Pichi Pichi Pitch,[],[]
28957,Mushishi Zoku Shou: Suzu no Shizuku,[],[]
15487,Kuroko no Basket NG-shuu,[],[]
667,Kashimashi: Girl Meets Girl,[],[]
14893,"Dakara Boku wa, H ga Dekinai. OVA",[],[]
338,Rose of Versailles,[],[]
4262,Koihime†Musou,[],[]
10465,Manyuu Hikenchou,[],[]
443,Onegai☆Teacher: Himitsu na Futari,[],[]
6896,Pandora Hearts Specials,[],[]
27441,Show By Rock!!,[],[]
33674,No Game No Life Movie,[],[]
31080,Anne Happy♪,[],[]
23775,Shingeki no Kyojin Movie 1: Guren no Yumiya,[],[]
4163,Seto no Hanayome OVA,[],[]
2398,Digimon Adventure 02: Diablomon no Gyakushuu,[],[]
2107,One Piece Movie 8: Episode of Alabasta - Sabaku no Oujo to Kaizoku-tachi,[],[]
8726,Soredemo Machi wa Mawatteiru,[],[]
2030,El Cazador de la Bruja,[],[]
1218,Tonagura!,[],[]
31715,Working!!!: Lord of the Takanashi,[],[]
24011,Lance N&#039; Masques,[],[]
27601,Chuunibyou demo Koi ga Shitai! Ren: The Rikka Wars,[],[]
17187,Ghost in the Shell: Arise - Border:1 Ghost Pain,[],[]
516,Keroro Gunsou,[],[]
19319,Gundam Build Fighters,[],[]
21797,Chuunibyou demo Koi ga Shitai! Ren Lite,[],[]
731,Interstella5555: The 5tory of The 5ecret 5tar 5ystem,[],[]
14653,Hayate no Gotoku! Can&#039;t Take My Eyes Off You,[],[]
14511,Minami-ke Tadaima,[],[]
1568,Sumomomo Momomo: Chijou Saikyou no Yome,[],[]
368,Bible Black,[],[]
30795,Bakuon!!,[],[]
7902,Fullmetal Alchemist: Brotherhood - 4-Koma Theater,[],[]
6633,Queen&#039;s Blade: Gyokuza wo Tsugu Mono,[],[]
9624,30-sai no Hoken Taiiku,[],[]
17389,Kingdom 2nd Season,[],[]
8634,Koisuru Boukun,[],[]
28625,Shisha no Teikoku,[],[]
129,Gensoumaden Saiyuuki,[],[]
10893,Kyousou Giga,[],[]
142,Kamikaze Kaitou Jeanne,[],[]
9925,Amagami SS: Tachibana Miya-hen - Imouto,[],[]
9117,Amagami SS OVA,[],[]
31848,Ojisan to Marshmallow,[],[]
32485,Prison School OVA,[],[]
916,Tokkou,[],[]
15771,Saint☆Oniisan (Movie),[],[]
23325,Shirogane no Ishi: Argevollen,[],[]
274,Kiddy Grade,[],[]
1808,Kamichama Karin,[],[]
18523,Senyuu. 2,[],[]
1532,Suki na Mono wa Suki Dakara Shou ga Nai!!,[],[]
19291,Pokemon XY,[],[]
558,Major S2,[],[]
32108,Digimon Adventure tri. 2: Ketsui,[],[]
11371,New Prince of Tennis,[],[]
3375,Kirepapa.,[],[]
6046,Tales of Vesperia: The First Strike,[],[]
10389,Momo e no Tegami,[],[]
25161,One Piece 3D2Y: Ace no shi wo Koete! Luffy Nakama Tono Chikai,[],[]
31706,Fate/kaleid liner Prisma☆Illya 3rei!!,[],[]
20033,Miss Monochrome: The Animation,[],[]
10686,Naruto: Honoo no Chuunin Shiken! Naruto vs. Konohamaru!!,[],[]
32175,Shounen Maid,[],[]
30206,Amagi Brilliant Park: Nonbirishiteiru Hima ga Nai!,[],[]
5675,Basquash!,[],[]
33023,Touken Ranbu: Hanamaru,[],[]
28013,Macross Δ,[],[]
15125,Teekyuu,[],[]
502,Dragon Ball Movie 1: Shen Long no Densetsu,[],[]
32947,Battery,[],[]
3653,Kurogane no Linebarrels,[],[]
32094,Reikenzan: Hoshikuzu-tachi no Utage,[],[]
1138,Medarot,[],[]
860,Makai Senki Disgaea,[],[]
5597,Natsu no Arashi!,[],[]
25303,Haikyuu!! OVA,[],[]
12979,Naruto SD: Rock Lee no Seishun Full-Power Ninden,[],[]
1311,Chobits Recap,[],[]
34103,Danganronpa 3: The End of Kibougamine Gakuen - Kibou-hen,[],[]
34136,Orange: Mirai,[],[]
18465,Genshiken Nidaime,[],[]
7870,Baka to Test to Shoukanjuu Specials,[],[]
27387,Under the Dog,[],[]
12753,Phi Brain: Kami no Puzzle - Orpheus Order-hen,[],[]
476,Ginban Kaleidoscope,[],[]
18495,Kitakubu Katsudou Kiroku,[],[]
3848,"One Piece Movie 9: Episode of Chopper Plus - Fuyu ni Saku, Kiseki no Sakura",[],[]
19023,"Wake Up, Girls!",[],[]
6178,Pokemon Diamond &amp; Pearl: Arceus Choukoku no Jikuu e,[],[]
5074,Tetsuwan Birdy Decode:02,[],[]
11491,Recorder to Randoseru Do♪,[],[]
1842,Major S3,[],[]
656,Air in Summer,[],[]
1051,Ao no 6-gou,[],[]
13115,Hakuouki Reimeiroku,[],[]
5391,Pico to Chico,[],[]
33080,Brotherhood: Final Fantasy XV,[],[]
508,Tottoko Hamtarou,[],[]
3654,Macademi Wasshoi!,[],[]
30370,Akatsuki no Yona OVA,[],[]
997,Bishoujo Senshi Sailor Moon S: Kaguya Hime no Koibito,[],[]
28405,Ansatsu Kyoushitsu (TV): Deai no Jikan,[],[]
2951,Gintama: Nanigoto mo Saiyo ga Kanjin nano de Tasho Senobisuru Kurai ga Choudoyoi,[],[]
304,Aa! Megami-sama! Movie,[],[]
32483,Cheer Danshi!!,[],[]
30321,Strike the Blood: Valkyria no Oukoku-hen,[],[]
448,Tenjou Tenge: The Ultimate Fight,[],[]
12231,Dragon Ball: Episode of Bardock,[],[]
20903,Harmonie,[],[]
738,MÄR,[],[]
85,Mobile Suit Zeta Gundam,[],[]
779,Detective Conan Movie 01: The Timed Skyscraper,[],[]
659,Azumanga Daioh: Gekijou Tanpen,[],[]
30346,Doukyuusei (Movie),[],[]
32668,Noblesse: Awakening,[],[]
9000,Toaru Hikuushi e no Tsuioku,[],[]
3328,School Days: Magical Heart Kokoro-chan,[],[]
7768,Tantei Opera Milky Holmes,[],[]
670,Lamune,[],[]
5028,Major S5,[],[]
6098,Sora no Manimani,[],[]
21653,IS: Infinite Stratos 2 - World Purge-hen,[],[]
32948,Fune wo Amu,[],[]
746,Papa to Kiss in the Dark,[],[]
10336,Last Exile: Ginyoku no Fam,[],[]
6948,Bakemonogatari Recap,[],[]
91,Mobile Suit Gundam Wing: Endless Waltz,[],[]
1365,Detective Conan Movie 06: The Phantom of Baker Street,[],[]
207,Lodoss-tou Senki,[],[]
31564,Sansha Sanyou,[],[]
2969,Appleseed Saga Ex Machina,[],[]
106,Hana yori Dango,[],[]
23225,Yuru Yuri Nachuyachumi!,[],[]
31540,Sekkou Boys,[],[]
20651,Natsume Yuujinchou: Itsuka Yuki no Hi ni,[],[]
1816,Sonic X,[],[]
6973,Senkou no Night Raid,[],[]
1810,Kyoushirou to Towa no Sora,[],[]
7580,Ikkitousen: Xtreme Xecutor,[],[]
963,"Love Hina: Motoko no Sentaku, Koi ka Ken... &quot;Naku na&quot;",[],[]
33286,Strike the Blood II,[],[]
6064,Higurashi no Naku Koro ni Kai Specials,[],[]
7739,11eyes: Momoiro Genmutan,[],[]
17121,Dareka no Manazashi,[],[]
10172,Freezing Specials,[],[]
23383,D-Frag! OVA,[],[]
1576,Bakumatsu Kikansetsu Irohanihoheto,[],[]
7805,Baka to Test to Shoukanjuu: Mondai - Christmas ni Tsuite Kotae Nasai,[],[]
2112,Over Drive,[],[]
3226,Major S4,[],[]
21439,Uta no☆Prince-sama♪ Maji Love Revolutions,[],[]
218,Kidou Senkan Nadesico,[],[]
1669,Bakuten Shoot Beyblade 2002,[],[]
320,A Kite,[],[]
1486,Kodomo no Omocha (TV),[],[]
10187,HenSemi (TV),[],[]
16868,Sukitte Ii na yo.: Dareka ga,[],[]
3616,Kamen no Maid Guy,[],[]
763,Zoids,[],[]
3549,Allison to Lillia,[],[]
413,Hametsu no Mars,[],[]
9130,Saint Seiya: The Lost Canvas - Meiou Shinwa 2,[],[]
741,Sensitive Pornograph,[],[]
75,Soukyuu no Fafner: Dead Aggressor,[],[]
31758,Kizumonogatari III: Reiketsu-hen,[],[]
14355,Yama no Susume,[],[]
21473,Persona 3 the Movie 2: Midsummer Knight&#039;s Dream,[],[]
22189,Futsuu no Joshikousei ga [Locodol] Yattemita.,[],[]
4866,Pico x CoCo x Chico,[],[]
21879,Sword Art Online: Sword Art Offline - Extra Edition,[],[]
2148,Okane ga Nai,[],[]
173,Tactics,[],[]
8310,Magic Kaito,[],[]
12367,Shining Hearts: Shiawase no Pan,[],[]
1066,Shakugan no Shana Specials,[],[]
6945,Gintama: Shiroyasha Koutan,[],[]
891,Dragon Ball Movie 2: Majinjou no Nemuri Hime,[],[]
1601,Red Garden,[],[]
10308,Sengoku Otome: Momoiro Paradox,[],[]
2970,Night Wizard,[],[]
20045,IS: Infinite Stratos 2 - Hitonatsu no Omoide,[],[]
10417,Gyo,[],[]
3464,Kemeko Deluxe!,[],[]
23777,Shingeki no Kyojin Movie 2: Jiyuu no Tsubasa,[],[]
2006,Yu☆Gi☆Oh! (1999),[],[]
5772,Akaneiro ni Somaru Saka: Hardcore,[],[]
819,Boku wa Imouto ni Koi wo Suru,[],[]
12119,Natsu-iro Kiseki,[],[]
25241,Akame ga Kill! Theater,[],[]
781,Detective Conan Movie 03: The Last Wizard of the Century,[],[]
19669,Kuroko no Basket: Baka ja Katenai no yo!,[],[]
29101,Grisaia no Kajitsu Specials,[],[]
1379,Kino no Tabi: Nanika wo Suru Tame ni - Life Goes On.,[],[]
9355,Sekirei: Pure Engagement - Kanwa ni Dai,[],[]
15059,Initial D Fifth Stage,[],[]
20517,Little Busters!: EX,[],[]
1072,Sweat Punch,[],[]
33558,Tales of Zestiria the X: Saiyaku no Jidai,[],[]
14645,Hiiro no Kakera Dai Ni Shou,[],[]
5521,Hayate no Gotoku!!: Atsu ga Natsuize - Mizugi-hen!,[],[]
2962,Digimon Adventure 02 Movies,[],[]
14753,Hori-san to Miyamura-kun,[],[]
11763,Sekai de Ichiban Tsuyoku Naritai!,[],[]
13587,Persona 4 the Animation: No One is Alone,[],[]
9510,Mitsudomoe Zouryouchuu!,[],[]
31389,Fate/stay night: Unlimited Blade Works 2nd Season - Sunny Day,[],[]
290,Seikai no Monshou,[],[]
19391,Shingeki no Kyojin Picture Drama,[],[]
26123,Seitokai Yakuindomo* OVA,[],[]
33222,Fudanshi Koukou Seikatsu,[],[]
8023,Toaru Kagaku no Railgun: Motto Marutto Railgun,[],[]
780,Detective Conan Movie 02: The Fourteenth Target,[],[]
966,Crayon Shin-chan,[],[]
16273,Acchi Kocchi (TV): Place=Princess,[],[]
1531,Shakugan no Shana SP: Koi to Onsen no Kougai Gakushuu!,[],[]
13859,Accel World: Acchel World.,[],[]
5041,Guin Saga,[],[]
9332,.hack//Quantum,[],[]
30014,Momokuri,[],[]
893,Dragon Ball Movie 4: Saikyou e no Michi,[],[]
23605,Ninja Slayer From Animation,[],[]
11135,Hybrid Child,[],[]
8465,Ichiban Ushiro no Daimaou Specials,[],[]
252,Madlax,[],[]
539,Tenchi Muyou! Ryououki,[],[]
3298,Hatenkou Yuugi,[],[]
4038,Zettai Karen Children,[],[]
2156,Bakugan Battle Brawlers,[],[]
2602,Kenkou Zenrakei Suieibu Umishou,[],[]
6791,Kanokon: Manatsu no Dai Shanikusai,[],[]
11313,Kimi no Iru Machi: Tasogare Kousaten,[],[]
10232,Tamayura: Hitotose,[],[]
15793,"Senki Zesshou Symphogear G: In the Distance, That Day, When the Star Became Music...",[],[]
892,Dragon Ball Movie 3: Makafushigi Daibouken,[],[]
29163,Sore ga Seiyuu!,[],[]
15133,Aoi Sekai no Chuushin de,[],[]
743,Umi ga Kikoeru,[],[]
1157,Final Fantasy: Unlimited,[],[]
18617,Girls und Panzer der Film,[],[]
31138,Overlord: Ple Ple Pleiades,[],[]
16910,Namiuchigiwa no Muromi-san,[],[]
32214,Koukaku no Pandora,[],[]
17269,Captain Harlock,[],[]
1363,Detective Conan Movie 04: Captured in Her Eyes,[],[]
1067,Kishin Houkou Demonbane (TV),[],[]
1364,Detective Conan Movie 05: Countdown to Heaven,[],[]
6291,Full Metal Panic! The Second Raid Episode 000,[],[]
19211,Suisei no Gargantia Specials,[],[]
385,Gilgamesh,[],[]
12581,Asa made Jugyou Chu!,[],[]
5152,Dragon Ball: Ossu! Kaettekita Son Gokuu to Nakama-tachi!!,[],[]
28211,Harmony,[],[]
2595,D.C.II: Da Capo II,[],[]
10659,Naruto Soyokazeden Movie: Naruto to Mashin to Mitsu no Onegai Dattebayo!!,[],[]
995,Prince of Tennis: The National Tournament,[],[]
21667,Non Non Biyori: Okinawa e Ikukoto ni Natta,[],[]
24135,Nobunaga Concerto,[],[]
23701,Toradora! OVA,[],[]
335,Matantei Loki Ragnarok,[],[]
509,I My Me! Strawberry Eggs,[],[]
5178,First Squad: The Moment of Truth,[],[]
664,Fullmetal Alchemist: Reflections,[],[]
1240,Bishoujo Senshi Sailor Moon SuperS: Sailor 9 Senshi Shuuketsu! Black Dream Hole no Kiseki,[],[]
119,Final Approach,[],[]
6165,White Album 2nd Season,[],[]
19191,Ghost in the Shell: Arise - Border:2 Ghost Whispers,[],[]
9213,Kowarekake no Orgel,[],[]
9539,Cardfight!! Vanguard,[],[]
5702,Sora wo Miageru Shoujo no Hitomi ni Utsuru Sekai,[],[]
20533,Z/X: Ignition,[],[]
7655,Major S6,[],[]
334,Marmalade Boy,[],[]
6624,Kara no Kyoukai Remix: Gate of Seventh Heaven,[],[]
15323,One Piece: Episode of Nami - Koukaishi no Namida to Nakama no Kizuna,[],[]
1555,Tokimeki Memorial: Only Love,[],[]
879,Simoun,[],[]
3352,Tengen Toppa Gurren Lagann: Mitee Mono wa Miteen da!!,[],[]
14237,Busou Shinki,[],[]
7695,Pokemon Diamond &amp; Pearl: Genei no Hasha Zoroark,[],[]
9618,Asobi ni Iku yo!: Asobi ni Oide,[],[]
1681,Brave Story,[],[]
666,JoJo no Kimyou na Bouken,[],[]
31327,Shokugeki no Souma OVA,[],[]
1570,Happiness!,[],[]
11209,Maken-Ki! OVA,[],[]
5717,Kiniro no Corda: Secondo Passo,[],[]
31091,Komori-san wa Kotowarenai!,[],[]
24855,Girlfriend (Kari),[],[]
30415,High☆Speed!: Free! Starting Days,[],[]
299,.hack//Liminality,[],[]
7748,Sono Hanabira ni Kuchizuke wo: Anata to Koibito Tsunagi,[],[]
2594,Piano no Mori,[],[]
1251,Fushigi no Umi no Nadia,[],[]
3210,Ikoku Irokoi Romantan,[],[]
11813,Shijou Saikyou no Deshi Kenichi OVA,[],[]
1212,Oban Star-Racers,[],[]
3615,Neo Angelique Abyss,[],[]
31621,Ooyasan wa Shishunki!,[],[]
16982,Hayate no Gotoku! Cuties,[],[]
125,Futakoi,[],[]
20359,Yamada-kun to 7-nin no Majo,[],[]
17259,Kuroko no Basket: Oshaberi Shiyokka,[],[]
1538,Pumpkin Scissors,[],[]
2386,One Piece: Yume no Soccer Ou!,[],[]
9055,Tamayura,[],[]
345,Eikoku Koi Monogatari Emma,[],[]
10624,Mardock Scramble: The Second Combustion,[],[]
9751,Strike Witches Movie,[],[]
9999,One Piece 3D: Mugiwara Chase,[],[]
5914,Kanamemo,[],[]
33524,Sakamoto desu ga? Special,[],[]
5774,Seitokaichou ni Chuukoku,[],[]
8422,Vampire Knight: Gekiai no Portrait,[],[]
32664,Bananya,[],[]
1257,Saint Seiya: Meiou Hades Juuni Kyuu-hen,[],[]
4028,Slayers Revolution,[],[]
23441,Love Stage!! OVA,[],[]
6893,Oni Chichi,[],[]
30711,Code Geass: Boukoku no Akito Final - Itoshiki Monotachi e,[],[]
194,Macross Zero,[],[]
6489,Zero no Tsukaima: Princesses no Rondo Picture Drama,[],[]
10536,Kimi ni Todoke 2nd Season Specials,[],[]
7559,Fate/stay night TV Reproduction,[],[]
24459,Tales of Zestiria: Doushi no Yoake,[],[]
2031,Shining Tears X Wind,[],[]
33771,Cheating Craft,[],[]
10075,Naruto x UT,[],[]
2175,Kino no Tabi: The Beautiful World - Byouki no Kuni - For You,[],[]
548,Wonderful Days,[],[]
4334,Heroman,[],[]
33489,Little Witch Academia (TV),[],[]
8038,Nodame Cantabile Finale Special,[],[]
32801,Dungeon ni Deai wo Motomeru no wa Machigatteiru Darou ka OVA,[],[]
291,D.C.S.S: Da Capo Second Season,[],[]
11531,UN-GO: Inga-ron,[],[]
4596,Code Geass: Hangyaku no Lelouch Special Edition Black Rebellion,[],[]
287,Grappler Baki (TV),[],[]
9203,K-On!!: Ura-On!!,[],[]
6768,Code Geass: Hangyaku no Lelouch R2 Special Edition Zero Requiem,[],[]
2124,Code Geass: Hangyaku no Lelouch Recaps,[],[]
13767,Junjou Romantica OVA,[],[]
1914,Saiunkoku Monogatari 2nd Season,[],[]
563,DNA²,[],[]
474,Macross Plus,[],[]
3322,Wagaya no Oinari-sama.,[],[]
1367,Detective Conan Movie 08: Magician of the Silver Sky,[],[]
229,Ninin ga Shinobuden,[],[]
20371,Sekaiichi Hatsukoi Movie: Yokozawa Takafumi no Baai,[],[]
155,X/1999,[],[]
22839,Cross Road,[],[]
1293,Urusei Yatsura,[],[]
9063,Toaru Kagaku no Railgun: Entenka no Satsuei Model mo Raku Ja Arimasen wa ne.,[],[]
4903,Kyou no 5 no 2 (TV),[],[]
863,Joshikousei: Girl&#039;s High,[],[]
9958,Hayate no Gotoku! Heaven Is a Place on Earth,[],[]
12187,Carnival Phantasm EX Season,[],[]
5163,Code Geass: Hangyaku no Lelouch R2 Picture Drama,[],[]
31051,Kuroko no Basket: Saikou no Present Desu,[],[]
30727,Saenai Heroine no Sodatekata ♭,[],[]
618,Juubee Ninpuuchou: Ryuuhougyoku-hen,[],[]
1192,Kakurenbo,[],[]
30714,Owari no Seraph: Owaranai Seraph,[],[]
13203,Lupin the Third: Mine Fujiko to Iu Onna,[],[]
30191,Durarara!!x2 Shou: Watashi no Kokoro wa Nabe Moyou,[],[]
30355,Wakaba*Girl,[],[]
1543,Yoake Mae yori Ruriiro na: Crescent Love,[],[]
34437,Code Geass: Fukkatsu no Lelouch,[],[]
8624,Digimon Xros Wars,[],[]
2142,Blue Dragon,[],[]
593,Mugen no Ryvius,[],[]
7044,Zan Sayonara Zetsubou Sensei Bangaichi,[],[]
12929,Saint Seiya Omega,[],[]
576,Magikano,[],[]
28155,Yoru no Yatterman,[],[]
1016,Gunnm,[],[]
538,Shin Tenchi Muyou!,[],[]
524,Onegai☆Twins: Natsu wa Owaranai,[],[]
82,Mobile Suit Gundam 0080: War in the Pocket,[],[]
14669,Aura: Maryuuin Kouga Saigo no Tatakai,[],[]
18851,Fate/kaleid liner Prisma☆Illya: Undoukai de Dance!,[],[]
3269,.hack//G.U. Trilogy,[],[]
32215,High School DxD BorN: Yomigaeranai Fushichou,[],[]
31711,To LOVE-Ru Darkness 2nd Specials,[],[]
10015,Yu☆Gi☆Oh! Zexal,[],[]
230,Air Master,[],[]
837,Kyou no 5 no 2,[],[]
1668,Bakuten Shoot Beyblade G Revolution,[],[]
12673,Papa no Iukoto wo Kikinasai!: Pokkapoka,[],[]
19257,Meganebu!,[],[]
8241,Rio: Rainbow Gate!,[],[]
10884,Saki Achiga-hen: Episode of Side-A,[],[]
4793,Pokemon: Pichu to Pikachu,[],[]
14941,AKB0048: Next Stage,[],[]
579,Battle Programmer Shirase,[],[]
1727,Shinkyoku Soukai Polyphonica,[],[]
30868,Ajin Part 1: Shoudou,[],[]
5984,Ristorante Paradiso,[],[]
441,Shoujo Kakumei Utena: Adolescence Mokushiroku,[],[]
253,Jungle wa Itsumo Hare nochi Guu,[],[]
4705,Tengen Toppa Gurren Lagann: Parallel Works,[],[]
7720,Ookiku Furikabutte: Natsu no Taikai-hen,[],[]
3354,Zombie-Loan Specials,[],[]
1469,Monster Farm: Enbanseki no Himitsu,[],[]
2385,One Piece: Jango no Dance Carnival,[],[]
5978,Kannagi: Moshimo Kannagi ga Attara...,[],[]
33248,K: Seven Stories,[],[]
7367,Naruto: The Cross Roads,[],[]
25839,Bonjour♪Koiaji Pâtisserie,[],[]
1453,Maison Ikkoku,[],[]
8457,Yozakura Quartet: Hoshi no Umi,[],[]
507,Gravitation: Lyrics of Love,[],[]
242,Gokusen,[],[]
564,Puni Puni☆Poemii,[],[]
1581,Gift: Eternal Rainbow,[],[]
2683,Tokyo Majin Gakuen Kenpucho: Tou Dai Ni Maku,[],[]
4021,Seiyou Kottou Yougashiten: Antique,[],[]
32171,Ange Vierge,[],[]
107,Ou Dorobou Jing,[],[]
31763,Accel World: Infinite∞Burst,[],[]
1593,Azumanga Web Daioh,[],[]
33197,Lostorage Incited WIXOSS,[],[]
3247,Love Hina Final Selection,[],[]
29325,Ghost in the Shell: Arise - Alternative Architecture,[],[]
9014,Kuttsukiboshi,[],[]
5460,Detective Conan Movie 13: The Raven Chaser,[],[]
1506,Detective Conan Movie 10: Requiem of the Detectives,[],[]
1366,Detective Conan Movie 07: Crossroad in the Ancient Capital,[],[]
23227,Mikakunin de Shinkoukei: Kamoniku tte Midori-ppoi Aji ga Suru no ne.,[],[]
11859,Queen&#039;s Blade: Rebellion,[],[]
19193,Ghost in the Shell: Arise - Border:3 Ghost Tears,[],[]
15609,"Kono Naka ni Hitori, Imouto ga Iru!: Ani, Imouto, Koibito",[],[]
13709,Afro Samurai Movie,[],[]
881,Green Green OVA,[],[]
22689,Terra Formars: Bugs 2-hen,[],[]
24475,Mangaka-san to Assistant-san to The Animation Specials,[],[]
690,Kyuuketsuhime Miyu (TV),[],[]
5713,Minami-ke Betsubara,[],[]
126,Futakoi Alternative,[],[]
16239,One Piece: Episode of Luffy - Hand Island no Bouken,[],[]
9581,MM! Specials,[],[]
2449,Ghost in the Shell: Stand Alone Complex - The Laughing Man,[],[]
27911,Anime de Wakaru Shinryounaika,[],[]
30991,Himouto! Umaru-chan: Umaru-chan Mou Ikkai!,[],[]
277,Mahoromatic 2,[],[]
12419,Guilty Crown Kiseki: Reassortment,[],[]
5957,Nyoro-n Churuya-san,[],[]
5252,One Piece: Romance Dawn Story,[],[]
1253,Saint Seiya: Meiou Hades Meikai-hen,[],[]
9120,Beelzebub: Hirotta Akachan wa Daimaou!?,[],[]
33051,Mobile Suit Gundam: Iron-Blooded Orphans 2nd Season,[],[]
17157,Nozoki Ana,[],[]
6867,Halo Legends,[],[]
20745,Love Live! School Idol Project OVA,[],[]
2752,Prince of Tennis: The National Tournament Semifinals,[],[]
644,Hachimitsu to Clover Specials,[],[]
16051,Ro-Kyu-Bu! SS,[],[]
1060,Oruchuban Ebichu,[],[]
756,School Days ONA,[],[]
3318,Kimi ga Nozomu Eien: Next Season,[],[]
984,Dragon Ball Z: Saiya-jin Zetsumetsu Keikaku,[],[]
30375,Starmyu,[],[]
30948,Kowabon,[],[]
4053,Prince of Tennis: The National Tournament Finals,[],[]
3673,Nijuu Mensou no Musume,[],[]
21067,Strange+,[],[]
6361,ef: A Tale of Memories. - Prologue,[],[]
32551,Digimon Adventure tri. 3: Kokuhaku,[],[]
719,Ai no Kusabi,[],[]
30736,Shingeki no Bahamut: Virgin Soul,[],[]
8560,"Kyou, Koi wo Hajimemasu",[],[]
10249,Toaru Majutsu no Index-tan II,[],[]
32949,Kuzu no Honkai,[],[]
3577,Kyouran Kazoku Nikki,[],[]
1607,Venus Versus Virus,[],[]
3166,Ayakashi,[],[]
279,Kyougoku Natsuhiko: Kousetsu Hyaku Monogatari,[],[]
1243,Night Head Genesis,[],[]
10582,Astarotte no Omocha! EX,[],[]
33487,Masamune-kun no Revenge,[],[]
20977,Tonari no Seki-kun OVA,[],[]
24695,Gokukoku no Brynhildr Special,[],[]
31483,"Akagami no Shirayuki-hime: Nandemonai Takaramono, Kono Page",[],[]
6112,Shin Koihime†Musou,[],[]
20545,Yuusha ni Narenakatta Ore wa Shibushibu Shuushoku wo Ketsui Shimashita. OVA,[],[]
10928,Nogizaka Haruka no Himitsu: Finale,[],[]
878,Zegapain,[],[]
16241,"Yondemasu yo, Azazel-san. Z",[],[]
5310,Macross F Movie 1: Itsuwari no Utahime,[],[]
2563,Aria The OVA: Arietta,[],[]
24913,Bokura wa Minna Kawaisou: Hajimete no,[],[]
404,Bastard!!: Ankoku no Hakaishin,[],[]
6163,Kuroshitsuji Recap,[],[]
24261,Hitsugi no Chaika OVA,[],[]
6467,Detective Conan Movie 14: The Lost Ship in the Sky,[],[]
11005,Holy Knight,[],[]
3627,D.C.II S.S.: Da Capo II Second Season,[],[]
33352,Violet Evergarden,[],[]
2562,Shion no Ou,[],[]
3389,Bus Gamer,[],[]
13677,Ao no Exorcist Movie Special,[],[]
4713,Heart no Kuni no Alice: Wonderful Wonder World,[],[]
5233,Slayers Evolution-R,[],[]
2166,Doujin Work,[],[]
22673,Kuroko no Basket 2nd Season NG-shuu,[],[]
12053,Mardock Scramble: The Third Exhaust,[],[]
4985,Mahou Shoujo Lyrical Nanoha: The Movie 1st,[],[]
15651,Phi Brain: Kami no Puzzle - Shukuteki! Rätsel-hen,[],[]
1078,Cardcaptor Sakura: Leave It to Kero-chan,[],[]
22125,Kuroko no Basket: Mou Ikkai Yarimasen ka,[],[]
9441,Yume-iro Pâtissière SP Professional,[],[]
3121,Kodomo no Jikan OVA,[],[]
5306,Tales of Symphonia The Animation: Tethe&#039;alla-hen,[],[]
1505,Detective Conan Movie 09: Strategy Above the Depths,[],[]
23237,Chuunibyou demo Koi ga Shitai! Ren Specials,[],[]
665,JoJo no Kimyou na Bouken: Adventure,[],[]
31812,Kuroshitsuji Movie: Book of the Atlantic,[],[]
10779,Eroge! H mo Game mo Kaihatsu Zanmai,[],[]
3456,Candy☆Boy: Side Story For Archive,[],[]
5973,Fight Ippatsu! Juuden-chan!!,[],[]
6904,Hellsing I: Digest for Freaks,[],[]
1913,Shonan Junai Gumi!,[],[]
4195,Kodomo no Jikan: Ni Gakki,[],[]
84,Mobile Suit Gundam 0083: Stardust Memory,[],[]
3446,Biohazard: Degeneration,[],[]
12069,Hajime no Ippo: Boxer no Kobushi,[],[]
23319,"Suisei no Gargantia: Meguru Kouro, Haruka",[],[]
10713,Towa no Quon 2: Konton no Ranbu,[],[]
1017,Majutsushi Orphen,[],[]
568,Bubblegum Crisis Tokyo 2040,[],[]
17919,Houkago no Pleiades (TV),[],[]
178,Ultra Maniac,[],[]
6927,Higashi no Eden Soushuuhen: Air Communication,[],[]
95,Turn A Gundam,[],[]
2490,One Piece: Mezase! Kaizoku Yakyuu Ou,[],[]
6979,Shukufuku no Campanella,[],[]
20543,Bayonetta: Bloody Fate,[],[]
8532,Katekyo Hitman Reborn! Special,[],[]
31439,Wagamama High Spec,[],[]
2964,Blue Drop: Tenshi-tachi no Gikyoku,[],[]
19653,Neppuu Kairiku Bushi Road,[],[]
1470,City Hunter,[],[]
5526,Pokemon: Pikachu no Natsuyasumi,[],[]
24543,Persona 3 the Movie 3: Falling Down,[],[]
382,Futari Ecchi,[],[]
10191,Katte ni Kaizou,[],[]
17875,Papa no Iukoto wo Kikinasai! OVA,[],[]
27411,Ghost in the Shell (2015),[],[]
569,Musekinin Kanchou Tylor,[],[]
33581,Trinity Seven Movie: Eternity Library to Alchemic Girl,[],[]
23447,"Ano Natsu de Matteru: Bokutachi wa Koukou Saigo no Natsu wo Sugoshinagara, Ano Natsu de Matteiru.",[],[]
6280,Cat Shit One,[],[]
26085,Military!,[],[]
10834,Baka to Test to Shoukanjuu: Spinout! Sore ga Bokura no Nichijou,[],[]
1614,Captain Tsubasa: Road to 2002,[],[]
1230,Innocent Venus,[],[]
22507,Initial D Final Stage,[],[]
28063,Sword Art Online II: Sword Art Offline II,[],[]
10739,Panty &amp; Stocking in Sanitarybox,[],[]
1094,One Piece: Umi no Heso no Daibouken-hen,[],[]
26023,Haiyore! Nyaruko-san F,[],[]
14093,Pokemon Best Wishes! Season 2,[],[]
28299,Ookami Shoujo to Kuro Ouji OVA,[],[]
30485,ChäoS;Child,[],[]
30902,Yuru Yuri Nachuyachumi!+,[],[]
3965,Nodame Cantabile Special,[],[]
4037,Cowboy Bebop: Yose Atsume Blues,[],[]
19195,Ghost in the Shell: Arise - Border:4 Ghost Stands Alone,[],[]
933,Dai Mahou Touge,[],[]
32866,Brave Witches,[],[]
22071,Mikakunin de Shinkoukei: Mite. Are ga Watashitachi no Tomatteiru Ryokan yo.,[],[]
4080,Kyou kara Maou! 3rd Series,[],[]
981,Ichigo 100% OVA,[],[]
30721,Hacka Doll The Animation,[],[]
694,Canvas 2: Niji-iro no Sketch,[],[]
3221,Shakugan no Shana Movie Special,[],[]
32930,Fairy Tail OVA (2016),[],[]
12281,Rinne no Lagrange Season 2,[],[]
10470,God Eater Prologue,[],[]
15729,Hagure Yuusha no Aesthetica: Hajirai Ippai,[],[]
21241,Kyoukai no Kanata: Idol Saiban! Mayoi Nagara mo Kimi wo Sabaku Tami,[],[]
30705,Makura no Danshi,[],[]
13263,Fate/Zero: Onegai! Einzbern Soudanshitsu,[],[]
33263,Kubikiri Cycle: Aoiro Savant to Zaregototsukai,[],[]
1858,Gakuen Utopia Manabi Straight!,[],[]
1110,Mermaid Melody Pichi Pichi Pitch Pure,[],[]
4447,Detective Conan Movie 12: Full Score of Fear,[],[]
12255,Carnival Phantasm: Illya-jou,[],[]
87,Mobile Suit Gundam: Char&#039;s Counterattack,[],[]
1003,Aa! Megami-sama! (TV) Specials,[],[]
30365,Shinmai Maou no Testament Burst OVA,[],[]
22225,Momo Kyun Sword,[],[]
1089,Macross: Do You Remember Love?,[],[]
497,Yami to Boushi to Hon no Tabibito,[],[]
4760,Kanokon Specials,[],[]
30524,Kagewani,[],[]
350,Ojamajo Doremi,[],[]
5947,Tengen Toppa Gurren Lagann Movie: Lagann-hen Special - Viral no Amai Yume,[],[]
1710,Rockman.EXE,[],[]
3466,Kino no Tabi: The Beautiful World - Tou no Kuni,[],[]
1563,Magic Knight Rayearth II,[],[]
3604,Hidamari Sketch x 365,[],[]
10197,Nyanpire The Animation,[],[]
24751,Akuma no Riddle: Shousha wa Dare? Nukiuchi Test,[],[]
204,Yumeria,[],[]
92,After War Gundam X,[],[]
10714,Towa no Quon 3: Mugen no Renza,[],[]
403,Hanaukyou Maid-tai,[],[]
3515,Saint Seiya: Meiou Hades Elysion-hen,[],[]
8101,HenSemi,[],[]
14045,Mangirl!,[],[]
16123,Saki Zenkoku-hen,[],[]
6548,Tengen Toppa Gurren Lagann: Kirameki★Yoko Box - Pieces of Sweet Stars,[],[]
3086,Strait Jacket,[],[]
10431,Baka to Test to Shoukanjuu: Matsuri - Sentaku ni Yotte Tenkai ga Kawaru &quot;LIPS Eizou&quot;,[],[]
30437,Wakako-zake,[],[]
21635,GJ-bu@,[],[]
12695,Tight-rope,[],[]
2171,Detective Conan Movie 11: Jolly Roger in the Deep Azure,[],[]
15883,Fantasista Doll,[],[]
6151,Final Fantasy VII: On the Way to a Smile - Episode: Denzel,[],[]
13863,Arve Rezzle: Kikaijikake no Yousei-tachi,[],[]
20423,Kamisama no Inai Nichiyoubi: Kioku,[],[]
4039,Golgo 13 (TV),[],[]
9347,Fortune Arterial: Akai Yakusoku - Tadoritsuita Basho,[],[]
23037,Bakumatsu Rock,[],[]
18745,Chihayafuru 2: Waga Mi Yo ni Furu Nagame Seshi Ma ni,[],[]
6951,Yu☆Gi☆Oh!: Chou Yuugou! Toki wo Koeta Kizuna,[],[]
31490,One Piece Film: Gold,[],[]
10717,Towa no Quon 6: Towa no Quon,[],[]
3508,Genius Party,[],[]
2424,Cardcaptor Sakura Specials,[],[]
396,Seikai no Senki,[],[]
31380,To LOVE-Ru Darkness 2nd OVA,[],[]
10715,Towa no Quon 4: Guren no Shoushin,[],[]
8986,Supernatural The Animation,[],[]
8302,Ladies versus Butlers! Specials,[],[]
31143,Onsen Yousei Hakone-chan,[],[]
10507,Inazuma Eleven Go,[],[]
1034,Ouritsu Uchuugun: Honneamise no Tsubasa,[],[]
12505,C³ Special,[],[]
3090,Aa! Megami-sama!: Tatakau Tsubasa,[],[]
2367,Moetan,[],[]
8728,Code Geass: Hangyaku no Lelouch - Kiseki no Birthday Picture Drama,[],[]
31498,Pan de Peace!,[],[]
1817,DearS: Kin no Tama desu no?,[],[]
7762,"Yondemasu yo, Azazel-san.",[],[]
7596,Haiyoru! Nyaruani,[],[]
32561,Hai to Gensou no Grimgar Special,[],[]
24781,Imawa no Kuni no Alice (OVA),[],[]
2020,One Piece: Nenmatsu Tokubetsu Kikaku! Mugiwara no Luffy Oyabun Torimonochou,[],[]
9874,Touhou Niji Sousaku Doujin Anime: Musou Kakyou,[],[]
17725,Magical☆Star Kanon 100%,[],[]
31326,High School DxD BorN: Ishibumi Ichiei Kanzen Kanshuu! Mousou Bakuyou Kaijo Original Video,[],[]
9745,Sengoku Basara Movie: The Last Party,[],[]
358,"Iriya no Sora, UFO no Natsu",[],[]
1862,Strike Witches OVA,[],[]
17681,Zettai Bouei Leviathan,[],[]
7375,Shakugan no Shana S Specials,[],[]
1335,Ghost in the Shell: Stand Alone Complex - Tachikoma na Hibi,[],[]
25045,Barakamon: Mijikamon,[],[]
19841,Super Seisyun Brothers,[],[]
10716,Towa no Quon 5: Souzetsu no Raifuku,[],[]
10808,Mobile Suit Gundam AGE,[],[]
838,Narutaru: Mukuro Naru Hoshi Tama Taru Ko,[],[]
8481,&quot;Bungaku Shoujo&quot; Memoire,[],[]
13171,Wasurenagumo,[],[]
3392,Kiniro no Corda: Primo Passo - Hitonatsu no Encore,[],[]
13093,Nazo no Kanojo X: Nazo no Natsu Matsuri,[],[]
6287,Akikan!: Kan Ippatsu!? Onsen Panic,[],[]
24625,Gundam Build Fighters Try,[],[]
152,Solty Rei,[],[]
1133,Tenchi Muyou! GXP,[],[]
5784,Ai no Kusabi (2012),[],[]
9598,Haiyoru! Nyaruani: Remember My Love(craft-sensei),[],[]
175,Tokyo Underground,[],[]
318,Hand Maid May,[],[]
3574,Switch,[],[]
7222,Macross F Movie 2: Sayonara no Tsubasa,[],[]
31378,Owari no Seraph: Kyuuketsuki Shahar,[],[]
15633,Code:Breaker OVA,[],[]
651,Green Green Thirteen: Erolutions,[],[]
455,Fantastic Children,[],[]
31665,Hibike! Euphonium: Kakedasu Monaka,[],[]
11161,Hoshizora e Kakaru Hashi: Kakaru ka? Gakuensai ni Koi no Hashi,[],[]
12669,Amagami SS+ Plus Specials,[],[]
33142,Re:Zero kara Hajimeru Break Time,[],[]
17409,Sukitte Ii na yo.: Mei and Marshmallow,[],[]
603,Futari wa Precure,[],[]
6187,Nodame Cantabile OVA,[],[]
383,Galaxy Angel,[],[]
15359,Kyousou Giga (2012),[],[]
5307,Sora wo Kakeru Shoujo,[],[]
21639,Yu☆Gi☆Oh! Arc-V,[],[]
10196,Baby Princess 3D Paradise 0 [Love],[],[]
573,Saber Marionette J,[],[]
366,AIKa,[],[]
812,Chikyuu Shoujo Arjuna,[],[]
86,Mobile Suit Gundam ZZ,[],[]
28537,Garo: Guren no Tsuki,[],[]
33046,B-Project: Kodou＊Ambitious,[],[]
21573,Senki Zesshou Symphogear GX: Believe in Justice and Hold a Determination to Fist.,[],[]
483,Kurau Phantom Memory,[],[]
33338,One Piece: Heart of Gold,[],[]
8918,Princess Lover! OVA,[],[]
5454,Yokuwakaru Gendaimahou,[],[]
6875,Iron Man,[],[]
33929,Boku no Hero Academia: Jump Festa 2016 Special,[],[]
22537,Yami Shibai 2nd Season,[],[]
6553,Junjou Romantica Special,[],[]
5902,Hyakujitsu no Bara,[],[]
2942,Sketchbook: Full Color&#039;s,[],[]
13377,Recorder to Randoseru Re♪,[],[]
811,I&#039;&#039;s Pure,[],[]
941,Renkin San-kyuu Magical? Pokaan,[],[]
1347,Bubblegum Crisis,[],[]
19123,One Piece: Episode of Merry - Mou Hitori no Nakama no Monogatari,[],[]
466,One Piece: Taose! Kaizoku Ganzack,[],[]
30137,Big Order,[],[]
8190,Nodame Cantabile OVA 2,[],[]
10622,Tengen Toppa Gurren Lagann: Ore no Gurren wa Pikka-Pika!!,[],[]
17643,Little Busters!: Sekai no Saitou wa Ore ga Mamoru!,[],[]
1237,One Piece: Oounabara ni Hirake! Dekkai Dekkai Chichi no Yume!,[],[]
11359,Dragon Ball Kai: Mirai ni Heiwa wo! Goku no Tamashii yo Eien ni,[],[]
9963,Detective Conan Movie 15: Quarter of Silence,[],[]
2680,One Piece: Straw Hat Theater,[],[]
590,Kage kara Mamoru!,[],[]
9917,Pokemon Best Wishes!: Victini to Kuroki Eiyuu Zekrom,[],[]
30514,Nisekoimonogatari,[],[]
2604,Sky Girls,[],[]
260,Happy☆Lesson (TV),[],[]
25907,Glass no Hana to Kowasu Sekai,[],[]
11769,Gokujo.: Gokurakuin Joshikou Ryou Monogatari,[],[]
31234,Himouto! Umaru-chanS,[],[]
1974,Glass no Kamen (2005),[],[]
32553,Nisekoi: OVA,[],[]
15061,Aikatsu!,[],[]
2198,Aa! Megami-sama!: Sorezore no Tsubasa Specials,[],[]
32366,Gintama°: Aizome Kaori-hen,[],[]
28149,Nihon Animator Mihonichi,[],[]
27947,Lupin III (2015),[],[]
13429,Sakasama no Patema: Beginning of the Day,[],[]
1588,Mamoru-kun ni Megami no Shukufuku wo!,[],[]
1554,Asatte no Houkou.,[],[]
19109,Fate/kaleid liner Prisma☆Illya Specials,[],[]
32365,Boruto: Naruto the Movie - Naruto ga Hokage ni Natta Hi,[],[]
16169,Choboraunyopomi Gekijou Ai Mai Mii,[],[]
1007,Ranma ½ OVA,[],[]
32961,Regalia: The Three Sacred Stars,[],[]
519,Mahoraba: Heartful days,[],[]
472,To Heart,[],[]
30344,The iDOLM@STER Cinderella Girls 2nd Season,[],[]
5504,Shinkyoku Soukai Polyphonica Crimson S,[],[]
800,NieA Under 7,[],[]
8475,Asura,[],[]
688,Uta Kata,[],[]
21415,Machine-Doll wa Kizutsukanai Specials,[],[]
197,Rizelmine,[],[]
6024,Chi&#039;s Sweet Home: Atarashii Ouchi,[],[]
34213,Getsuyoubi no Tawawa,[],[]
1847,Rec: Yurusarezarumono,[],[]
31324,Grisaia no Meikyuu Special,[],[]
1143,.hack//Intermezzo,[],[]
15881,Oniichan dakedo Ai Sae Areba Kankeinai yo ne! Specials,[],[]
2448,Ghost in the Shell: Stand Alone Complex 2nd GIG - Individual Eleven,[],[]
1688,Nanatsu-iro★Drops,[],[]
1807,Prism Ark,[],[]
407,Tantei Gakuen Q,[],[]
872,Mahou Shoujo-tai Arusu,[],[]
937,Appleseed,[],[]
23259,Gundam: G no Reconguista,[],[]
31733,Bishoujo Senshi Sailor Moon Crystal Season III,[],[]
4473,Shoujo Sect,[],[]
2772,Juushin Enbu: Hero Tales,[],[]
1238,One Piece: Mamore! Saigo no Dai Butai,[],[]
8197,So Ra No Wo To Specials,[],[]
1642,Sugar Sugar Rune,[],[]
1824,Hadashi no Gen,[],[]
391,Tales of Phantasia The Animation,[],[]
30778,Fairy Tail Movie 2,[],[]
415,Tonari no Yamada-kun,[],[]
14073,Ebiten: Kouritsu Ebisugawa Koukou Tenmonbu,[],[]
1838,Mitsu x Mitsu Drops,[],[]
1487,.hack//Unison,[],[]
5116,Candy Boy Episode: EX01 - Mirai Yohouzu,[],[]
764,Zoids Shinseiki/Zero,[],[]
4886,InuYasha: Kuroi Tessaiga,[],[]
2161,Skull Man,[],[]
3363,RD Sennou Chousashitsu,[],[]
130,Saiyuuki Reload,[],[]
206,Lodoss-tou Senki: Eiyuu Kishi Den,[],[]
12611,Sengoku Collection,[],[]
13409,Moyashimon Returns,[],[]
14827,D.C.III: Da Capo III,[],[]
31552,Durarara!!x2 Ten: Onoroke Chakapoko,[],[]
18619,Girls und Panzer: Kore ga Hontou no Anzio-sen Desu!,[],[]
324,Mobile Police Patlabor: On Television,[],[]
32313,Concrete Revolutio: Choujin Gensou - The Last Song,[],[]
1025,Kachou Ouji,[],[]
1241,Mobile Suit Gundam Seed Destiny Final Plus: The Chosen Future,[],[]
5065,Detroit Metal City: Birth of the Metal Devil,[],[]
10109,Softenni,[],[]
20479,Choujigen Game Neptune The Animation OVA,[],[]
162,Pita Ten,[],[]
536,Slayers: The Motion Picture,[],[]
1087,Kimagure Orange☆Road,[],[]
34161,Overlord Movie,[],[]
4094,Batman: Gotham Knight,[],[]
2235,Mizu no Kotoba,[],[]
20655,Amnesia OVA,[],[]
9693,Moshidora,[],[]
303,Aa! Megami-sama!: Chichaitte Koto wa Benri da ne,[],[]
2432,Discipline,[],[]
18121,Teekyuu 2,[],[]
5719,Sex Pistols,[],[]
28607,Hetalia: The World Twinkle,[],[]
540,Tenchi Muyou! Ryououki 2nd Season,[],[]
3323,Kite Liberator,[],[]
31658,Kuroko no Basket: Last Game,[],[]
1048,The SoulTaker: Tamashii-gari,[],[]
4765,Gunslinger Girl: Il Teatrino OVA,[],[]
2905,Ikkitousen: Dragon Destiny Specials,[],[]
788,Eiken: Eikenbu yori Ai wo Komete,[],[]
21821,Fuuun Ishin Dai☆Shogun,[],[]
7062,Hidamari Sketch x ☆☆☆,[],[]
20971,Kiniro no Corda: Blue♪Sky,[],[]
4130,Petit Eva: Evangelion@School,[],[]
760,Tenjou Tenge: The Past Chapter,[],[]
20909,Kyoukai no Kanata: Mini Theater,[],[]
300,3x3 Eyes,[],[]
13349,Chouyaku Hyakuninisshu: Uta Koi.,[],[]
6919,X-Men,[],[]
554,Koutetsu Tenshi Kurumi,[],[]
31592,Pokemon XY&amp;Z,[],[]
4188,Mahou Sensei Negima! Shiroki Tsubasa Ala Alba,[],[]
32015,Ajin OVA,[],[]
21541,Hentai Ouji to Warawanai Neko.: Henneko BBS,[],[]
1205,Aru Tabibito no Nikki,[],[]
302,Mirai Shounen Conan,[],[]
2213,Black Jack (TV),[],[]
910,Himawari!,[],[]
31610,Kyoukai no Rinne (TV) 2nd Season,[],[]
33082,Kingsglaive: Final Fantasy XV,[],[]
113,Uchuu no Stellvia,[],[]
30455,Kantai Collection: KanColle Zoku-hen,[],[]
2363,Pokemon Housoukyoku,[],[]
9362,Hyakka Ryouran: Samurai Girls Specials,[],[]
2402,Ashita no Joe,[],[]
18045,Koi to Senkyo to Chocolate Special,[],[]
1177,Alien 9,[],[]
3088,Tokyo Marble Chocolate,[],[]
1362,Street Fighter II: The Movie,[],[]
10937,Mobile Suit Gundam: The Origin,[],[]
1397,Macross 7,[],[]
2928,.hack//G.U. Returner,[],[]
454,.hack//Gift,[],[]
32555,Stella no Mahou,[],[]
10740,Pokemon Best Wishes!: Victini to Shiroki Eiyuu Reshiram,[],[]
32606,Onigiri,[],[]
822,Initial D Extra Stage,[],[]
1694,iDOLM@STER Xenoglossia,[],[]
2589,Black Cat Special,[],[]
17397,Cyclops Shoujo Saipuu,[],[]
24699,Ai Tenchi Muyou!,[],[]
10017,Dragon Ball: Super Saiya-jin Zetsumetsu Keikaku,[],[]
747,Haru wo Daite Ita,[],[]
22359,Sanzoku no Musume Ronja,[],[]
610,Popotan,[],[]
15811,Girls und Panzer Specials,[],[]
6115,Lupin III vs. Detective Conan,[],[]
1215,Mobile Suit Gundam Seed C.E.73: Stargazer,[],[]
998,Blue Seed,[],[]
9488,Cencoroll 2,[],[]
650,Gunsmith Cats,[],[]
273,Mahoutsukai ni Taisetsu na Koto,[],[]
1278,Bishoujo Senshi Sailor Moon SuperS Gaiden: Ami-chan no Hatsukoi,[],[]
275,Love♥Love?,[],[]
15933,Vassalord.,[],[]
7728,Hellsing: Psalm of Darkness,[],[]
1888,Ichigo Mashimaro OVA,[],[]
6479,Candy Boy Episode: EX02 - Shiawase Kyouyuu Riron,[],[]
200,Tenshi na Konamaiki,[],[]
2559,Romeo no Aoi Sora,[],[]
3014,Ginga Eiyuu Densetsu: Waga Yuku wa Hoshi no Taikai,[],[]
31368,Grisaia no Rakuen Specials,[],[]
14575,Minami-ke Omatase,[],[]
10671,Morita-san wa Mukuchi.,[],[]
15005,Kyou no Asuka Show,[],[]
105,Boys Be...,[],[]
33372,Overlord: Ple Ple Pleiades (OVA),[],[]
31519,Anitore! EX,[],[]
6918,Wolverine,[],[]
444,Maria-sama ga Miteru: Haru,[],[]
831,Chicchana Yukitsukai Sugar,[],[]
12117,Detective Conan Movie 16: The Eleventh Striker,[],[]
30915,Kekkai Sensen: Soresaemo Saitei de Saikou na Hibi,[],[]
1516,Kirarin☆Revolution,[],[]
1079,Armitage III,[],[]
10380,Oni Chichi: Re-birth,[],[]
1602,Soukou no Strain,[],[]
10108,Ore no Imouto ga Konnani Kawaii Wake ga Nai: SD Chara ni Yoru Character Commentary,[],[]
4483,Mahoutsukai ni Taisetsu na Koto: Natsu no Sora,[],[]
33513,Ansatsu Kyoushitsu: 365-nichi no Jikan,[],[]
15927,Carnival Phantasm: HibiChika Special,[],[]
22763,Kara no Kyoukai: Mirai Fukuin - Extra Chorus,[],[]
1000,Uchuu Kaizoku Captain Harlock,[],[]
1678,Cyborg 009: The Cyborg Soldier,[],[]
380,Fushigi Yuugi OVA,[],[]
2971,Kyou kara Maou! R,[],[]
19697,Toaru Kagaku no Railgun S: Motto Marutto Railgun,[],[]
30925,Gatchaman Crowds Insight: Inbound,[],[]
1095,Mobile Police Patlabor: The Movie,[],[]
15439,"Kono Danshi, Ningyo Hiroimashita.",[],[]
888,Megami Kouhosei,[],[]
2746,Vexille: 2077 Nihon Sakoku,[],[]
10643,Gintama: Dai Hanseikai,[],[]
10350,Hakuouki Sekkaroku,[],[]
34009,To Be Hero,[],[]
836,Sister Princess,[],[]
18849,Natsume Yuujinchou: Nyanko-sensei to Hajimete no Otsukai,[],[]
6129,Umi Monogatari: Anata ga Ite Kureta Koto,[],[]
5337,Bakugan Battle Brawlers: New Vestroia,[],[]
221,Mezzo Forte,[],[]
854,Soul Link,[],[]
18713,Haiyore! Nyaruko-san: Yasashii Teki no Shitome-kata,[],[]
1609,Mai-Otome Zwei,[],[]
9202,Seikon no Qwaser: Jotei no Shouzou,[],[]
23619,Haiyore! Nyaruko-san W OVA,[],[]
127,Gate Keepers,[],[]
2520,Dragon Ball Specials,[],[]
23201,Sengoku Basara: Judge End,[],[]
21679,"Saikin, Imouto no Yousu ga Chotto Okashiinda ga. OVA",[],[]
3085,Koharu Biyori,[],[]
247,Harukanaru Toki no Naka de: Hachiyou Shou,[],[]
30056,Amagi Brilliant Park: Wakuwaku Mini Theater - Rakugaki Backstage,[],[]
12671,Pokemon Best Wishes! Season 2: Kyurem vs. Seikenshi,[],[]
9888,Shinryaku! Ika Musume Specials,[],[]
972,Bible Black Gaiden,[],[]
33031,Shakunetsu no Takkyuu Musume,[],[]
21189,"Wake Up, Girls! Shichinin no Idol",[],[]
31973,Mobile Suit Gundam Thunderbolt,[],[]
1520,Black Jack,[],[]
31598,Luger Code 1951,[],[]
25285,Seirei Tsukai no Blade Dance Specials,[],[]
18039,Rescue Me!,[],[]
1219,Chocotto Sister,[],[]
26057,Fate/kaleid liner Prisma☆Illya 2wei! OVA,[],[]
7669,&quot;Bungaku Shoujo&quot; Kyou no Oyatsu: Hatsukoi,[],[]
10497,Hetalia World Series Specials,[],[]
11879,Oni Chichi: Re-born,[],[]
1006,Tenchi Muyou! in Love,[],[]
33569,Re:Petit kara Hajimeru Isekai Seikatsu,[],[]
944,The Third: Aoi Hitomi no Shoujo,[],[]
1721,Hitohira,[],[]
28981,Ame-iro Cocoa,[],[]
30585,Taifuu no Noruda,[],[]
815,"Prince of Tennis: The Two Samurai, The First Game",[],[]
1640,Angel&#039;s Feather,[],[]
31756,Owari no Seraph: The Beginning of the End,[],[]
24365,Tonari no Seki-kun Specials,[],[]
3485,Ghost in the Shell: Stand Alone Complex 2nd GIG - Tachikoma na Hibi,[],[]
2471,Doraemon (1979),[],[]
296,Dragon Drive,[],[]
33075,Musaigen no Phantom World Special,[],[]
24469,Buddy Complex: Kanketsu-hen - Ano Sora ni Kaeru Mirai de,[],[]
7411,Kanojo x Kanojo x Kanojo: Sanshimai to no DokiDoki Kyoudou Seikatsu,[],[]
34451,Kekkai Sensen &amp; Beyond,[],[]
6920,Blade,[],[]
1401,Bible Black: New Testament,[],[]
12879,Dantalian no Shoka: Ibarahime,[],[]
2798,Hatsu Inu The Animation,[],[]
620,Mermaid Forest,[],[]
649,Hanaukyou Maid-tai: La Verite,[],[]
3033,Digimon Tamers: Bousou Digimon Tokkyuu,[],[]
8995,Tales of Symphonia The Animation: Sekai Tougou-hen,[],[]
33852,Mekakucity Reload,[],[]
470,Okusama wa Joshikousei (TV),[],[]
876,Street Fighter II V,[],[]
9735,Gintama: Shinyaku Benizakura-hen,[],[]
31754,Aoharu x Kikanjuu: Kemono-tachi no Senjou da na!,[],[]
281,Akane Maniax,[],[]
2768,CLAMP in Wonderland 2,[],[]
201,Video Girl Ai,[],[]
841,Colorful,[],[]
340,Mutsu Enmei Ryuu Gaiden: Shura no Toki,[],[]
6505,There She Is!!,[],[]
1525,Pokemon Crystal: Raikou Ikazuchi no Densetsu,[],[]
1674,Captain Tsubasa J,[],[]
2105,Touka Gettan,[],[]
1747,Freedom,[],[]
882,Yuu☆Yuu☆Hakusho (Movie),[],[]
19251,Uta no☆Prince-sama♪ Maji Love 2000%: Shining Star Xmas,[],[]
645,Hikaru no Go: Journey to the North Star Cup,[],[]
2237,Rozen Maiden: Meitantei Kunkun - Duell Walzer,[],[]
5962,Metal Fight Beyblade,[],[]
7103,Miracle☆Train: Oedo-sen e Youkoso,[],[]
397,Seikai no Senki II,[],[]
785,Otaku no Video,[],[]
32900,Mahouka Koukou no Rettousei Movie: Hoshi wo Yobu Shoujo,[],[]
471,To Heart 2,[],[]
566,Tetsuwan Birdy,[],[]
1171,Slayers Excellent,[],[]
12021,Poyopoyo Kansatsu Nikki,[],[]
8187,Fumiko no Kokuhaku,[],[]
184,Xenosaga The Animation,[],[]
1055,Blame!,[],[]
31121,Monster Musume no Iru Nichijou: Hobo Mainichi ◯◯! Namappoi Douga,[],[]
11441,Rurouni Kenshin: Meiji Kenkaku Romantan - Shin Kyoto-hen,[],[]
18499,Yozakura Quartet: Tsuki ni Naku,[],[]
883,Yuu☆Yuu☆Hakusho: Meikai Shitou-hen - Honoo no Kizuna,[],[]
25313,Gintama: Jump Festa 2014 Special,[],[]
6401,ef: A Tale of Melodies. - Prologue,[],[]
1946,Ashita no Nadja,[],[]
3593,Utawarerumono OVA,[],[]
22117,Witch Craft Works OVA,[],[]
12015,Tiger &amp; Bunny Movie 1: The Beginning,[],[]
724,Enzai,[],[]
4792,Pokemon: Pikachu Tankentai,[],[]
12449,Maken-Ki! Specials,[],[]
1592,Hataraki Man,[],[]
1198,Tsuyokiss,[],[]
11339,A-Channel+smile,[],[]
1047,On Your Mark,[],[]
33511,Koro-sensei Q!,[],[]
31793,Mahou Shoujo Nante Mou Ii Desukara.,[],[]
14373,Arata naru Sekai: World&#039;s/Start/Load/End,[],[]
17115,Pokemon Best Wishes! Season 2: Episode N,[],[]
27417,Diabolik Lovers OVA,[],[]
821,Initial D Battle Stage,[],[]
1221,Demashita! Powerpuff Girls Z,[],[]
9911,Houkago no Pleiades,[],[]
31980,Okusama ga Seitokaichou! OVA,[],[]
6425,Weiß Survive,[],[]
551,Grappler Baki: Saidai Tournament-hen,[],[]
4189,Winter Sonata,[],[]
1045,Elf wo Karu Mono-tachi,[],[]
12017,Tiger &amp; Bunny Movie 2: The Rising,[],[]
1619,Negima!? Haru Special!?,[],[]
641,Ichigo 100% Special 2,[],[]
24175,Nozo x Kimi,[],[]
381,Fushigi Yuugi OVA 2,[],[]
12823,Shakugan no Shana III (Final) Specials,[],[]
25011,Fate/kaleid liner Prisma☆Illya 2wei! Specials,[],[]
1107,Youjuu Toshi,[],[]
17,Hungry Heart: Wild Striker,[],[]
34055,Berserk (2017),[],[]
88,Mobile Suit Gundam F91,[],[]
13267,Shinryaku!! Ika Musume,[],[]
20815,Sekaiichi Hatsukoi: Valentine-hen,[],[]
12321,Thermae Romae,[],[]
642,Ichigo 100%: Koi ga Hajimaru?! Satsuei Gasshuku - Yureru Kokoro ga Higashi e Nishi e,[],[]
13335,Fuse: Teppou Musume no Torimonochou,[],[]
11917,Major: World Series,[],[]
10934,Itsuka Tenma no Kuro Usagi OVA,[],[]
34096,Gintama (2017),[],[]
3349,Kiddy GiRL-AND,[],[]
4066,Tytania,[],[]
8348,Tengen Toppa Gurren Lagann: Parallel Works 2,[],[]
31149,Persona 3 the Movie 4: Winter of Rebirth,[],[]
31417,Binan Koukou Chikyuu Bouei-bu LOVE! LOVE!,[],[]
2163,AIKa R-16: Virgin Mission,[],[]
11889,The iDOLM@STER: 765 Pro to Iu Monogatari,[],[]
3165,Hidamari Sketch Specials,[],[]
10153,Mahou Shoujo Lyrical Nanoha: The Movie 2nd A&#039;s,[],[]
28283,Sengoku Musou,[],[]
10519,Mahou Shoujo Sonico★Magica,[],[]
1086,Kenran Butou Sai: The Mars Daybreak,[],[]
420,Spriggan,[],[]
32698,Monster Musume no Iru Nichijou OVA,[],[]
22859,Takanashi Rikka Kai: Chuunibyou demo Koi ga Shitai! Movie Lite,[],[]
884,Shin Angyo Onshi,[],[]
20473,Teekyuu 3,[],[]
15895,Hiyokoi (2012),[],[]
32915,Durarara!!x2 Ketsu: Dufufufu!!,[],[]
22759,Toaru Kagaku no Railgun S: Daiji na Koto wa Zenbu Sentou ni Osowatta,[],[]
2132,Inukami! The Movie: Tokumei Reiteki Sousakan Karina Shirou!,[],[]
29755,Haikyuu!! Movie 1: Owari to Hajimari,[],[]
8057,Shin Koihime†Musou: Otome Tairan,[],[]
418,Ranma ½: Chuugoku Nekonron Daikessen! Okite Yaburi no Gekitou-hen!!,[],[]
23341,Mahouka Koukou no Rettousei: Yoku Wakaru Mahouka!,[],[]
13561,Guilty Crown: 4-koma Gekijou,[],[]
1527,Pokemon: Senritsu no Mirage Pokemon,[],[]
447,Weiß Kreuz,[],[]
1194,Coyote Ragtime Show,[],[]
19511,Naruto Shippuuden: Sunny Side Battle,[],[]
1685,Duel Masters,[],[]
33010,FLCL (TV),[],[]
866,Slayers Premium,[],[]
289,Comic Party,[],[]
4662,Neo Angelique Abyss: Second Age,[],[]
12665,"Yuru Yuri: Doushite, Tomaranai, Tokimeki, Dokidoki, Paradox, Eternal",[],[]
14735,Detective Conan Movie 17: Private Eye in the Distant Sea,[],[]
6380,Tetsuwan Birdy Decode: The Cipher,[],[]
22057,"Inari, Konkon, Koi Iroha.: Inari, Konkon, Semishigure.",[],[]
2832,Ani*Kuri15,[],[]
10851,Euphoria,[],[]
16468,One Piece: Glorious Island,[],[]
9741,Nana to Kaoru,[],[]
16405,Boku no Imouto wa &quot;Osaka Okan&quot;,[],[]
869,Slayers Return,[],[]
14277,Chitose Get You!!,[],[]
1090,Mobile Suit Gundam I,[],[]
9611,Aa! Megami-sama! (2011),[],[]
6172,Layton Kyouju to Eien no Utahime,[],[]
348,Binzume Yousei,[],[]
1019,Honoo no Mirage,[],[]
1065,Touch,[],[]
7645,Heartcatch Precure!,[],[]
5670,GA: Geijutsuka Art Design Class,[],[]
1170,Slayers Special,[],[]
10702,Tekken: Blood Vengeance,[],[]
285,Argento Soma,[],[]
4811,Ichigo Mashimaro Encore,[],[]
21421,Mahou Shoujo Taisen,[],[]
21325,Pupipo!,[],[]
31645,Persona 5 the Animation: The Day Breakers,[],[]
32601,12-sai.: Chicchana Mune no Tokimeki,[],[]
868,Slayers Great,[],[]
31178,Uta no☆Prince-sama♪ Maji Love Legend Star,[],[]
867,Slayers Gorgeous,[],[]
11355,"Kono Danshi, Uchuujin to Tatakaemasu.",[],[]
15411,Arcana Famiglia: Capriccio - stile Arcana Famiglia,[],[]
1164,Mahou Senshi Louie,[],[]
3032,Digimon Tamers: Boukensha-tachi no Tatakai,[],[]
89,Mobile Suit Victory Gundam,[],[]
233,Daa! Daa! Daa!,[],[]
1491,Ginga Tetsudou 999,[],[]
292,Dear Boys,[],[]
33047,Fate/Extra Last Encore,[],[]
3266,Ai Yori Aoshi: Enishi - Miyuki,[],[]
10737,A-Channel: +A-Channel,[],[]
2155,Kono Aozora ni Yakusoku wo: Youkoso Tsugumi Ryou e,[],[]
33113,Scared Rider Xechs,[],[]
11239,Hidamari Sketch x Honeycomb,[],[]
1732,Negima!? Natsu Special!?,[],[]
33668,Soushin Shoujo Matoi,[],[]
1533,Ai Tenshi Densetsu Wedding Peach,[],[]
23279,Gyakusatsu Kikan,[],[]
16680,Pokemon Best Wishes! Season 2: Shinsoku no Genosect - Mewtwo Kakusei,[],[]
10444,Digimon Xros Wars: Aku no Death General to Nanatsu no Oukoku,[],[]
17873,Pokemon Best Wishes! Season 2: Decolora Adventure,[],[]
10448,Rain Town,[],[]
9934,Nekogami Yaoyorozu,[],[]
25567,DRAMAtical Murder OVA: Data_xx_Transitory,[],[]
2123,Digimon X-Evolution,[],[]
8068,Kuroshitsuji Picture Drama,[],[]
1682,Baldr Force Exe Resolution,[],[]
13833,Nagareboshi Lens,[],[]
792,Ranma ½: Kessen Tougenkyou! Hanayome wo Torimodose!,[],[]
32566,Noblesse: Pamyeol-ui Sijak,[],[]
6050,Mahou Sensei Negima! Mou Hitotsu no Sekai,[],[]
1738,Muteki Kanban Musume,[],[]
32887,Dungeon ni Deai wo Motomeru no wa Machigatteiru Darou ka Gaiden: Sword Oratoria,[],[]
1729,Maria-sama ga Miteru 3rd,[],[]
975,Yokohama Kaidashi Kikou,[],[]
24921,Aoki Hagane no Arpeggio: Ars Nova Cadenza,[],[]
7598,Loups=Garous,[],[]
33589,ViVid Strike!,[],[]
1374,Kyoushoku Soukou Guyver (2005),[],[]
10933,R-15 OVA,[],[]
3076,Bishoujo Senshi Sailor Moon SuperS Special,[],[]
21373,Freezing Vibration Specials,[],[]
56,Avenger,[],[]
2321,Giant Robo the Animation: Chikyuu ga Seishi Suru Hi,[],[]
9890,Major: Message,[],[]
1174,Munto,[],[]
20889,Kuro no Sumika: Chronus,[],[]
2238,Fuyu no Semi,[],[]
2274,CLAMP in Wonderland,[],[]
17437,The iDOLM@STER Movie: Kagayaki no Mukougawa e!,[],[]
5141,Taishou Yakyuu Musume.,[],[]
541,Tenchi Muyou! Ryououki 3rd Season,[],[]
18099,Recorder to Randoseru Mi☆,[],[]
609,Saishuu Heiki Kanojo: Another Love Song,[],[]
2564,Code-E,[],[]
5005,Tentai Senshi Sunred,[],[]
456,Gokujou Seitokai,[],[]
293,Di Gi Charat,[],[]
3174,Sola Specials,[],[]
19799,Robot Girls Z,[],[]
31096,Hibike! Euphonium: Suisougaku-bu no Nichijou,[],[]
4136,Penguin Musume♥Heart,[],[]
159,Boukyaku no Senritsu,[],[]
2775,Genocyber,[],[]
1372,Taiho Shichau zo (1996),[],[]
9023,Katekyo Hitman Reborn!: Mr. Rebokku no Ciao Ciao Interview,[],[]
21419,Detective Conan Movie 18: The Sniper from Another Dimension,[],[]
3861,Shaman King Specials,[],[]
17879,Tamako Market Specials,[],[]
3674,Sayonara Zetsubou Sensei Jo: Zetsubou Shoujo Senshuu,[],[]
33299,Magic-Kyun! Renaissance,[],[]
6712,Natsu no Arashi! Akinaichuu,[],[]
17637,Miyakawa-ke no Kuufuku,[],[]
13117,Hakuouki Movie 1: Kyoto Ranbu,[],[]
5333,Ikkitousen: Great Guardians Specials,[],[]
30384,Miss Monochrome: The Animation 2,[],[]
23423,Mujaki no Rakuen,[],[]
2950,Doubutsu no Mori,[],[]
33417,Super Lovers 2,[],[]
2225,Alps no Shoujo Heidi,[],[]
33018,Touken Ranbu,[],[]
28215,Saint Seiya: Soul of Gold,[],[]
6392,Issho ni Training: Training with Hinako,[],[]
33244,Kiitarou Shounen no Youkai Enikki,[],[]
10842,Fullmetal Alchemist: The Sacred Star of Milos Specials,[],[]
3840,Crystal Blaze,[],[]
3031,Digimon Frontier: Ornismon Fukkatsu!!,[],[]
1214,Binbou Shimai Monogatari,[],[]
26449,Akame ga Kill! Recap,[],[]
11385,Digimon Xros Wars: Toki wo Kakeru Shounen Hunter-tachi,[],[]
4772,Aria The Origination: Sono Choppiri Himitsu no Basho ni...,[],[]
1096,Mobile Police Patlabor 2: The Movie,[],[]
25939,Mahou Shoujo Lyrical Nanoha ViVid,[],[]
24919,Aoki Hagane no Arpeggio: Ars Nova DC,[],[]
11341,Tantei Opera Milky Holmes Dai 2 Maku,[],[]
13261,Inazuma Eleven Go: Chrono Stone,[],[]
32323,Aishen Qiaokeli-ing...,[],[]
637,Iketeru Futari,[],[]
31289,One Piece: Episode of Sabo - 3 Kyoudai no Kizuna Kiseki no Saikai to Uketsugareru Ishi,[],[]
12875,Ginga e Kickoff!!,[],[]
2035,Eikoku Koi Monogatari Emma: Molders-hen,[],[]
1556,Kikoushi Enma,[],[]
2800,Candy Candy,[],[]
17080,Soukyuu no Fafner: Dead Aggressor - Exodus,[],[]
15325,"Dakara Boku wa, H ga Dekinai. Recap",[],[]
2603,Mushi-Uta,[],[]
3057,Loveless Specials,[],[]
1190,Prince of Tennis: A Day on Survival Mountain,[],[]
3016,Ginga Eiyuu Densetsu: Arata Naru Tatakai no Overture,[],[]
20919,Diabolik Lovers Recap,[],[]
4715,Shigofumi Special,[],[]
1127,UFO Princess Valkyrie,[],[]
3750,Maria-sama ga Miteru 4th,[],[]
9690,Densetsu no Yuusha no Densetsu: Iris Report,[],[]
3859,Himitsu: The Revelation,[],[]
30382,Aquarion Logos,[],[]
222,Mezzo DSA,[],[]
1509,Mamotte! Lollipop,[],[]
10500,Ojiisan no Lamp,[],[]
124,Fushigi Yuugi: Eikouden,[],[]
2205,Bakuretsu Tenshi: Infinity,[],[]
1043,Tokyo Babylon,[],[]
31157,ClassicaLoid,[],[]
6882,Hatsukoi Limited: Gentei Shoujo,[],[]
1259,Saint Seiya: Tenkai-hen Josou - Overture,[],[]
236,E&#039;s Otherwise,[],[]
709,Mujin Wakusei Survive,[],[]
5762,15 Bishoujo Hyouryuuki,[],[]
28105,Shirobako Specials,[],[]
17949,The Everlasting Guilty Crown,[],[]
32981,Hand Shakers,[],[]
11375,.hack//The Movie: Sekai no Mukou ni,[],[]
7322,Needless Specials,[],[]
870,Dragon Half,[],[]
445,Tales of Eternia The Animation,[],[]
30652,Long Riders!,[],[]
12677,Ozma,[],[]
15963,Seitokai no Ichizon Lv.2: Watasu Seitokai,[],[]
840,Narue no Sekai,[],[]
8456,Queen&#039;s Blade: Utsukushiki Toushitachi,[],[]
635,Juubee-chan: Lovely Gantai no Himitsu,[],[]
8599,Mayoi Neko Overrun! Specials,[],[]
492,Armitage III: Dual-Matrix,[],[]
5216,D.C.if: Da Capo if,[],[]
29876,Chu Feng: B.E.E,[],[]
5228,Initial D Extra Stage 2,[],[]
15617,Jinrui wa Suitai Shimashita Specials,[],[]
1961,Arashi no Yoru ni,[],[]
1869,Nana Recaps,[],[]
795,Oniisama e...,[],[]
21435,Yama no Susume Second Season,[],[]
2744,Potemayo,[],[]
15959,Nurarihyon no Mago OVA,[],[]
31918,Owari no Seraph: Nagoya Kessen-hen - Owaranai Seraph - Nagoya Kessen-hen,[],[]
3270,IGPX: Immortal Grand Prix (2005),[],[]
30869,Ajin Part 2: Shoutotsu,[],[]
8115,Uchuu Show e Youkoso,[],[]
9396,Mitsudomoe Special,[],[]
2210,Tooi Sekai,[],[]
1092,Mobile Suit Gundam III: Encounters in Space,[],[]
16395,SKET Dance OVA,[],[]
1091,Mobile Suit Gundam II: Soldiers of Sorrow,[],[]
16033,Karneval,[],[]
561,Sakura Taisen,[],[]
15489,Yu☆Gi☆Oh! Zexal Second,[],[]
10178,Otona Joshi no Anime Time,[],[]
20035,Toaru Majutsu no Index: Endymion no Kiseki Special,[],[]
131,Saiyuuki Reload Gunlock,[],[]
9322,HHH Triple Ecchi,[],[]
23725,Strike Witches: Operation Victory Arrow,[],[]
33037,Tsukiuta. The Animation,[],[]
3268,Mai-Otome 0: S.ifr,[],[]
308,Zettai Shounen,[],[]
1830,Utawarerumono Specials,[],[]
621,Night Walker: Mayonaka no Tantei,[],[]
2891,Iblard Jikan,[],[]
7334,Bakugan Battle Brawlers: Gundalian Invaders,[],[]
21899,Gintama: Yorinuki Gintama-san on Theater 2D,[],[]
1583,009-1,[],[]
23427,Oneechan ga Kita Special,[],[]
9308,Oni Chichi 2,[],[]
1356,Hokuto no Ken 2,[],[]
33775,Soul Buster,[],[]
1008,Ranma ½ Specials,[],[]
7053,Fault!!,[],[]
32682,Kagewani: Shou,[],[]
398,Seikai no Senki III,[],[]
942,Nishi no Yoki Majo: Astraea Testament,[],[]
16199,Girls und Panzer: Shoukai Shimasu!,[],[]
13145,Cardfight!! Vanguard: Asia Circuit-hen,[],[]
34034,Pokemon Sun &amp; Moon,[],[]
1384,Kyuuketsuhime Miyu,[],[]
1264,Yoroiden Samurai Troopers,[],[]
3931,Initial D Battle Stage 2,[],[]
9493,Dororon Enma-kun Meeramera,[],[]
3614,Yakushiji Ryouko no Kaiki Jikenbo,[],[]
24821,Isshuukan Friends. Specials,[],[]
624,Mouse,[],[]
1762,Arslan Senki,[],[]
365,Fake,[],[]
7568,Umineko no Naku Koro ni Specials,[],[]
1654,Kashimashi: Girl Meets Girl OVA,[],[]
5538,Tegamibachi: Hikari to Ao no Gensou Yawa,[],[]
15731,Tamayura: More Aggressive,[],[]
5020,Zettai Shougeki: Platonic Heart,[],[]
1425,Lupin III: Part II,[],[]
34086,Tales of Zestiria the X (2017),[],[]
33041,Bubuki Buranki: Hoshi no Kyojin,[],[]
13183,Fate/Zero Remix,[],[]
34277,"New Game!: Watashi, Shain Ryokou tte Hajimete nano de...",[],[]
15391,Kagaku na Yatsura,[],[]
5251,Angel Densetsu,[],[]
30311,Kuroko no Basket 3rd Season NG-shuu,[],[]
23151,Shounen Hollywood: Holly Stage for 49,[],[]
10687,Saint Seiya: Legend of Sanctuary,[],[]
20365,Another: Misaki Mei - Shizuka ni,[],[]
782,Gasaraki,[],[]
7396,Shuffle! Prologue,[],[]
23703,Gatchaman Crowds: Embrace,[],[]
14267,Persona 4 the Animation: The Factor of Hope,[],[]
18177,Yowamushi Pedal: Special Ride,[],[]
9544,Biohazard: Damnation,[],[]
958,HeatGuy J,[],[]
6984,Hidamari Sketch x 365 Specials,[],[]
7897,Issho ni Sleeping: Sleeping with Hinako,[],[]
4657,Arad Senki: Slap Up Party,[],[]
33392,Gakuen Handsome,[],[]
1650,Uchuu Senkan Yamato,[],[]
33036,Suki ni Naru Sono Shunkan wo.: Kokuhaku Jikkou Iinkai,[],[]
495,Bakuretsu Hunters,[],[]
6795,Genius Party Beyond,[],[]
9996,Hyouge Mono,[],[]
992,Dual Parallel! Trouble Adventures,[],[]
525,Otogizoushi,[],[]
1826,Deltora Quest,[],[]
9988,Otome wa Boku ni Koishiteru: Futari no Elder,[],[]
589,Ginga Nagareboshi Gin,[],[]
258,Hitsuji no Uta,[],[]
12191,Smile Precure!,[],[]
814,Prince of Tennis: Atobe&#039;s Gift,[],[]
30364,Haikyuu!! Movie 2: Shousha to Haisha,[],[]
31994,Yami Shibai 3rd Season,[],[]
1749,Amaenaide yo!!: Yasumanaide yo!!,[],[]
1202,Ar Tonelico: Sekai no Owari de Utai Tsuzukeru Shoujo,[],[]
1299,Flag,[],[]
758,RahXephon: Pluralitas Concentio,[],[]
346,W: Wish,[],[]
1101,Tenchi Muyou! Manatsu no Eve,[],[]
32301,Active Raid: Kidou Kyoushuushitsu Dai Hachi Gakari 2nd,[],[]
4798,Druaga no Tou: The Aegis of Uruk - Jil no Bouken,[],[]
7875,Kanokon: Manatsu no Dai Shanikusai Specials,[],[]
22745,Brothers Conflict Special,[],[]
11827,Kuroinu: Kedakaki Seijo wa Hakudaku ni Somaru,[],[]
1108,Senkaiden Houshin Engi,[],[]
2937,Bishoujo Senshi Sailor Moon R: Make Up! Sailor Senshi,[],[]
33004,Tanaka-kun wa Kyou mo Kedaruge,[],[]
9907,Bokura no Live Kimi to no Life,[],[]
2390,Hoshi no Kirby,[],[]
28929,Vampire Holmes,[],[]
668,Koi Koi 7,[],[]
55,Arc the Lad,[],[]
151,Re: Cutie Honey,[],[]
10189,Hunter x Hunter Pilot,[],[]
12001,One Piece 3D: Gekisou! Trap Coaster,[],[]
1728,Super GALS! Kotobuki Ran,[],[]
1587,Tenpou Ibun: Ayakashi Ayashi,[],[]
426,Final Fantasy,[],[]
30745,Kyoukai no Kanata Movie: I&#039;ll Be Here - Kako-hen - Yakusoku no Kizuna,[],[]
21195,Soul Eater: Late Night Show,[],[]
1369,Detective Conan OVA 01: Conan vs. Kid vs. Yaiba,[],[]
32697,Ozmafia!!,[],[]
10807,Nichijou: Tanken Nichijou no Machi,[],[]
25437,Brothers Conflict OVA,[],[]
6330,Shakugan no Shana: Friagne to Marianne no Naze Nani Shana! Nandemo Shitsumonbako!,[],[]
1256,Saint Seiya: Jashin Eris,[],[]
24451,Kanojo ga Flag wo Oraretara OVA,[],[]
28771,Yu☆Gi☆Oh!: The Dark Side of Dimensions,[],[]
21235,Log Horizon Recap,[],[]
11001,Toshokan Sensou: Kakumei no Tsubasa,[],[]
31561,Gangsta. Recap,[],[]
1144,Tenchi Muyou! in Love 2: Haruka Naru Omoi,[],[]
23301,Pokemon XY: Mega Evolution,[],[]
7782,Kämpfer Picture Drama,[],[]
432,Iria: Zeiram The Animation,[],[]
17391,Senyuu. Specials,[],[]
2873,Bible Black Only Version,[],[]
8171,One Piece Recap,[],[]
4795,Pokemon: Pika Pika Hoshizora Camp,[],[]
23459,Sekai Seifuku: Bouryaku no Zvezda - Shin Zvezda Daisakusen,[],[]
17743,"Maoyuu Maou Yuusha: Kono Monogatari wa, Daniku dake Dewanai no ja!",[],[]
117,El Hazard: The Magnificent World,[],[]
15807,Ro-Kyu-Bu!: Tomoka no Ichigo Sundae,[],[]
9335,Megane na Kanojo,[],[]
979,Street Fighter Zero The Animation,[],[]
19115,Giovanni no Shima,[],[]
26395,Teekyuu 4,[],[]
14173,Upotte!! OVA,[],[]
5244,Aria The Natural: Sono Futatabi Deaeru Kiseki ni...,[],[]
33049,Fate/stay night Movie: Heaven&#039;s Feel 2,[],[]
2608,Wangan Midnight,[],[]
30464,Shinmai Maou no Testament Specials,[],[]
6714,Dragon Ball Z: Atsumare! Gokuu World,[],[]
890,Yuusha-Ou GaoGaiGar,[],[]
3326,Inaka Isha,[],[]
10219,Oniichan no Koto nanka Zenzen Suki ja Nai n da kara ne!! Special,[],[]
18429,Lupin III vs. Detective Conan: The Movie,[],[]
8985,Yojouhan Shinwa Taikei Specials,[],[]
2178,Highlander: The Search for Vengeance,[],[]
6980,Kaidan Restaurant,[],[]
261,Happy☆Lesson: Advance,[],[]
755,Boku no Sexual Harassment,[],[]
31815,"Kono Danshi, Mahou ga Oshigoto Desu.",[],[]
1080,Sentou Yousei Yukikaze,[],[]
31056,Fate/kaleid liner Prisma☆Illya 2wei Herz! Specials,[],[]
5029,Major Movie: Yuujou no Winning Shot,[],[]
31537,Shingeki no Bahamut: Manaria Friends,[],[]
1011,Ranma ½ Super,[],[]
266,Gunparade March: Arata Naru Kougunka,[],[]
615,Nurse Witch Komugi-chan Magikarte,[],[]
14835,The iDOLM@STER Shiny Festa,[],[]
6399,Higashi no Eden: Falling Down,[],[]
31629,Granblue Fantasy The Animation,[],[]
20649,Kimi no Iru Machi OVA,[],[]
33743,Fuuka,[],[]
8078,Kure-nai OVA,[],[]
5226,Souten Kouro,[],[]
8,Beet the Vandel Buster,[],[]
9793,Senjou no Valkyria 3: Tagatame no Juusou,[],[]
10479,Beelzebub Specials,[],[]
1952,Vampire Hunter,[],[]
21097,Oni Chichi: Rebuild,[],[]
33254,Arslan Senki (TV) OVA,[],[]
7110,Shounen Maid Kuuro-kun: Tenshi no Uta,[],[]
33032,Drifters: Special Edition,[],[]
16317,Ishida to Asakura,[],[]
9731,Nurarihyon no Mago Recaps,[],[]
32051,One Piece: Adventure of Nebulandia,[],[]
30379,Nagato Yuki-chan no Shoushitsu: Owarenai Natsuyasumi,[],[]
32792,Mobile Suit Gundam Unicorn RE:0096,[],[]
27969,Hana to Alice: Satsujin Jiken,[],[]
8211,Dance in the Vampire Bund Recap,[],[]
9754,Kuragehime: Eiyuu Retsuden☆,[],[]
11103,Busou Shinki Moon Angel,[],[]
219,Kidou Senkan Nadesico: The Prince of Darkness,[],[]
10260,Eiyuu Densetsu: Sora no Kiseki The Animation,[],[]
32547,Non Non Biyori Repeat OVA,[],[]
388,Capeta,[],[]
342,Starship Operators,[],[]
6591,Rurouni Kenshin DVD-BOX Special Ending,[],[]
704,Kanon Kazahana,[],[]
537,Tekken,[],[]
10469,Sayonara Zetsubou Sensei Special,[],[]
3918,Resort Boin,[],[]
12375,Maki-chan to Nau.,[],[]
6438,Detective Conan OVA 09: The Stranger in 10 Years...,[],[]
16636,Kotoura-san: Haruka no Heya,[],[]
30870,Ajin Part 3: Shougeki,[],[]
1954,Rayearth,[],[]
2135,"Sora no Iro, Mizu no Iro",[],[]
29513,Aki no Kanade,[],[]
4156,Ichigo Mashimaro Episode 0,[],[]
1483,Master Keaton,[],[]
1695,Les Misérables: Shoujo Cosette,[],[]
321,Najica Dengeki Sakusen,[],[]
1010,Ranma ½: Chou Musabetsu Kessen! Ranma Team vs. Densetsu no Houou,[],[]
6443,AIKa Zero,[],[]
2298,Mobile Suit Gundam Seed: After-Phase Between the Stars,[],[]
4052,Medarot Damashii,[],[]
24531,Ane Log: Moyako Neesan no Tomaranai Monologue,[],[]
20221,Minami-ke Natsuyasumi,[],[]
1951,Manie-Manie: Meikyuu Monogatari,[],[]
712,Zoids Genesis,[],[]
6344,Shikabane Hime: Kuro Special,[],[]
6581,Sengoku Basara: Setonai no Gekitotsu! Hi wo Fuku Umi no Daiyousai - Fugaku!!,[],[]
282,Angel Heart,[],[]
336,Ginyuu Mokushiroku Meine Liebe,[],[]
29893,Aria The Avvenire,[],[]
13119,Hakuouki Movie 2: Shikon Soukyuu,[],[]
5751,Prince of Tennis: Another Story - Messages From Past and Future,[],[]
9608,Yuri Seijin Naoko-san,[],[]
560,Soukyuu no Fafner: Right of Left - Single Program,[],[]
736,Keiraku no Houteishiki Level-C,[],[]
1750,Amaenaide yo!! Katsu!!: Damasarenaide yo!!,[],[]
6704,Queen&#039;s Blade: Rurou no Senshi Specials,[],[]
28713,Isuca: Gokuraku,[],[]
33190,Planetarian: Hoshi no Hito,[],[]
283,Akage no Anne,[],[]
17205,Cowboy Bebop: Ein no Natsuyasumi,[],[]
33964,91 Days Recap,[],[]
31280,Selector Destructed WIXOSS Movie,[],[]
31418,KanColle Movie,[],[]
10257,Pretty Rhythm: Aurora Dream,[],[]
5458,Yu☆Gi☆Oh! Duel Monsters: Battle City Special,[],[]
24727,Baka to Test to Shoukanjuu Ni!: Mahou Hideyoshi Hideyoshi,[],[]
31221,Tantei Team KZ Jiken Note,[],[]
10918,Kowarekake no Orgel (Movie),[],[]
1896,Akiba Kei Kanojo,[],[]
23433,Shin Strange+,[],[]
33462,Bernard-jou Iwaku.,[],[]
501,Doraemon,[],[]
2000,Roujin Z,[],[]
15591,Joshiraku OVA,[],[]
3962,Chocolate Underground,[],[]
2615,Otome wa Boku ni Koishiteru Special,[],[]
9737,Appleseed XIII,[],[]
32574,Kekkai Sensen: Ousama no Restaurant no Ousama,[],[]
971,Astro Boy: Tetsuwan Atom,[],[]
1358,Hokuto no Ken Movie,[],[]
13283,One Off,[],[]
1184,Lost Universe,[],[]
9591,Code Geass: Hangyaku no Lelouch R2: Flash Specials,[],[]
21569,Pokemon XY: Hakai no Mayu to Diancie,[],[]
116,El Hazard: The Wanderers,[],[]
438,Phantom The Animation,[],[]
429,Kaleido Star: Legend of Phoenix - Layla Hamilton Monogatari,[],[]
1224,Aquarian Age: Sign for Evolution,[],[]
7135,Mahou Sensei Negima! Anime Final,[],[]
18097,Inazuma Eleven Go: Galaxy,[],[]
4983,Hells,[],[]
428,Kaleido Star: Aratanaru Tsubasa - Extra Stage,[],[]
33341,Time Travel Shoujo: Mari Waka to 8-nin no Kagakusha-tachi,[],[]
673,Mai-HiME Specials,[],[]
15649,Puchimas!: Petit iDOLM@STER,[],[]
493,Armitage III: Poly-Matrix,[],[]
830,Sexfriend,[],[]
12067,Rurouni Kenshin Special,[],[]
15989,Saki Achiga-hen: Episode of Side-A Specials,[],[]
4205,Kimikiss Pure Rouge Special,[],[]
424,Dirty Pair,[],[]
1018,Majutsushi Orphen: Revenge,[],[]
6783,ef: A Tale of Memories. - Recollections,[],[]
5945,Element Hunters,[],[]
1734,Ajimu: Kaigan Monogatari,[],[]
682,Otogi Story Tenshi no Shippo,[],[]
31633,Sushi Police,[],[]
2417,Saigo no Door wo Shimero!,[],[]
15611,Cardfight!! Vanguard: Link Joker-hen,[],[]
25647,Sabagebu! Specials,[],[]
33241,Honobono Log,[],[]
2756,Cheonnyeon-yeowoo Yeowoobi,[],[]
31783,Yowamushi Pedal: New Generation,[],[]
2108,Rockman.EXE Axess,[],[]
1005,Star Ocean EX,[],[]
1591,Kujibiki♥Unbalance,[],[]
25689,Hyakka Ryouran: Samurai After,[],[]
2582,Soukou Kihei Votoms,[],[]
2229,Dragon Quest: Dai no Daibouken,[],[]
11255,Ikkitousen: Shuugaku Toushi Keppuuroku,[],[]
33520,Koutetsujou no Kabaneri Soushuuhen 2: Moeru Inochi,[],[]
2514,Detective Conan OVA 04: Conan and Kid and Crystal Mother,[],[]
10532,Working&#039;!! Announcement Specials,[],[]
1352,Cyber City Oedo 808,[],[]
32038,Show By Rock!! #,[],[]
33519,Koutetsujou no Kabaneri Soushuuhen 1: Tsudou Hikari,[],[]
3447,Ghost in the Shell: Stand Alone Complex - Solid State Society - Uchikoma no Hibi,[],[]
10924,Queen&#039;s Blade OVA,[],[]
8668,Seikon no Qwaser Picture Drama,[],[]
4454,Macross F: Close Encounter - Deculture Edition,[],[]
2012,Jigoku Sensei Nube,[],[]
950,Street Fighter Alpha: Generations,[],[]
1258,Saint Seiya: Kamigami no Atsuki Tatakai,[],[]
19159,Genshiken Nidaime OVA,[],[]
1225,3x3 Eyes Seima Densetsu,[],[]
1994,.hack//Tasogare no Udewa Densetsu: Offline de Aimashou,[],[]
15097,Tropical Kiss,[],[]
1082,Hikari to Mizu no Daphne,[],[]
25143,"Kono Danshi, Sekika ni Nayandemasu.",[],[]
1231,Saber Marionette J to X,[],[]
13221,Kyonyuu Fantasy,[],[]
1255,Saint Seiya: Shinku no Shounen Densetsu,[],[]
254,Jungle wa Itsumo Hare nochi Guu Deluxe,[],[]
30413,Yowamushi Pedal Movie,[],[]
2953,Egao,[],[]
1146,Tenchi Muyou! Ryououki: Omatsuri Zenjitsu no Yoru!,[],[]
13629,Furiko,[],[]
1567,Kaitou Saint Tail,[],[]
9761,Finder Series,[],[]
10504,Gosick Recap,[],[]
11615,Morita-san wa Mukuchi. 2,[],[]
14663,Queen&#039;s Blade Rebellion vs. Hagure Yuusha no Aesthetica,[],[]
352,Motto! Ojamajo Doremi,[],[]
1764,Slam Dunk (Movie),[],[]
3312,Dr. Slump,[],[]
9563,Hidamari Sketch x ☆☆☆ Specials,[],[]
9930,Snow Halation,[],[]
1137,Mushrambo,[],[]
1524,Fuujin Monogatari,[],[]
1744,Wagamama☆Fairy Mirumo de Pon!,[],[]
982,Cosplay Complex,[],[]
15813,Majokko Shimai no Yoyo to Nene,[],[]
27503,Karen Senki,[],[]
9159,Kaibutsu Oujo (OVA),[],[]
1103,Shinkon Gattai Godannar!!,[],[]
14347,Ryo,[],[]
6946,Mudazumo Naki Kaikaku: The Legend of Koizumi,[],[]
33845,Free! (Shinsaku),[],[]
1629,Devilman Lady,[],[]
10330,Bakugan Battle Brawlers: Mechtanium Surge,[],[]
2076,Kindaichi Shounen no Jikenbo (TV),[],[]
32881,Tiger Mask W,[],[]
5959,Mizugi Kanojo: The Animation,[],[]
17273,Hetalia: The Beautiful World Specials,[],[]
909,Geneshaft,[],[]
31156,Kuusen Madoushi Kouhosei no Kyoukan OVA,[],[]
1631,Eureka Seven: Navigation ray=out,[],[]
29,Zipang,[],[]
3371,"Ginga Eiyuu Densetsu Gaiden: Senoku no Hoshi, Senoku no Hikari",[],[]
2372,Enbo,[],[]
28479,Detective Conan Movie 19: The Hellfire Sunflowers,[],[]
110,Chuuka Ichiban!,[],[]
33095,Shouwa Genroku Rakugo Shinjuu: Sukeroku Futatabi-hen,[],[]
32071,Gantz:O,[],[]
8507,Ikkitousen: Xtreme Xecutor Specials,[],[]
3011,Yotsunoha,[],[]
108,Ou Dorobou Jing in Seventh Heaven,[],[]
1577,Taiho Shichau zo,[],[]
14123,Pokemon Black and White 2: Introduction Movie,[],[]
27927,Urawa no Usagi-chan,[],[]
5155,Genji Monogatari Sennenki,[],[]
2512,Detective Conan OVA 02: 16 Suspects,[],[]
1459,Uchuu no Kishi Tekkaman Blade,[],[]
2842,Pokemon Fushigi no Dungeon: Shutsudou Pokemon Kyuujotai Ganbaruzu!,[],[]
1980,Trava: Fist Planet,[],[]
3603,JoJo no Kimyou na Bouken: Phantom Blood,[],[]
1890,Clover,[],[]
1288,Mobile Police Patlabor,[],[]
29575,Mankitsu Happening,[],[]
30250,Triage X: Recollection XOXO,[],[]
2623,Flanders no Inu (Movie),[],[]
825,King of Fighters: Another Day,[],[]
4450,Chrno Crusade: Az demo Wakaru Chrno Crusade Kouza,[],[]
21771,Romantica Clock,[],[]
3887,Ookiku Furikabutte Special,[],[]
6162,Tailenders,[],[]
27857,Madan no Ou to Vanadis: Tigre-kun to Vanadi-chu,[],[]
10838,Double-J,[],[]
8110,Fukubiki! Triangle: Miharu After,[],[]
9875,Anime Tenchou x Touhou Project,[],[]
32901,Eromanga-sensei,[],[]
406,Buzzer Beater,[],[]
1368,Detective Conan OVA 06: Follow the Vanished Diamond! Conan &amp; Heiji vs. Kid!,[],[]
10477,Haiyoru! Nyaruani: Remember My Love(craft-sensei) Special,[],[]
1211,Macross Plus Movie Edition,[],[]
595,X OVA,[],[]
29941,Million Doll,[],[]
30567,Teekyuu 5,[],[]
833,Choujuushin Gravion,[],[]
2931,Mokke,[],[]
1485,Akachan to Boku,[],[]
33071,Bungou Stray Dogs OVA,[],[]
31989,Hibike! Euphonium Movie: Kitauji Koukou Suisougaku-bu e Youkoso,[],[]
17819,Kyoto Animation: Suiei-hen,[],[]
16287,One Piece: Romance Dawn,[],[]
271,Gad Guard,[],[]
11755,009 Re:Cyborg,[],[]
14145,"Hanayaka Nari, Waga Ichizoku: Kinetograph",[],[]
669,Kujibiki Unbalance,[],[]
17345,Senran Kagura Specials,[],[]
1917,Mobile Suit Gundam MS IGLOO: The Hidden One Year War,[],[]
8098,Soukyuu no Fafner: Dead Aggressor - Heaven and Earth,[],[]
2513,Detective Conan OVA 03: Conan and Heiji and the Vanished Boy,[],[]
15951,Amagami SS+ Plus Picture Drama,[],[]
1793,Kaze no Na wa Amnesia,[],[]
4786,Kodomo no Jikan Recap,[],[]
2152,Oh! Edo Rocket,[],[]
1260,Saint Seiya: Saishuu Seisen no Senshi-tachi,[],[]
10547,Oretachi ni Tsubasa wa Nai: Hadairo Ritsu Kyuuwari Zou!?,[],[]
2981,Chika Gentou Gekiga: Shoujo Tsubaki,[],[]
28861,Takamiya Nasuno Desu!: Teekyuu Spin-off,[],[]
588,Itsudatte My Santa!,[],[]
6958,Hyakko OVA,[],[]
1471,City Hunter 2,[],[]
11457,Chibi☆Devi!,[],[]
12997,Please ♥♥♥♥ Me!,[],[]
19157,Youkai Watch,[],[]
1021,Kaikan Phrase,[],[]
4874,Pokemon: Pikachu no Fuyuyasumi,[],[]
2409,Gokudou-kun Manyuuki,[],[]
19165,Fate/Zero Cafe,[],[]
22817,Kindaichi Shounen no Jikenbo Returns,[],[]
16608,Shitcom,[],[]
5097,Hatsu Inu 2 The Animation: Strange Kind of Woman - Again,[],[]
29301,Kurage no Shokudou,[],[]
555,Koutetsu Tenshi Kurumi 2,[],[]
15313,Wooser no Sono Higurashi,[],[]
1911,Top wo Nerae! &amp; Top wo Nerae 2! Gattai Movie!!,[],[]
83,Mobile Suit Gundam: The 08th MS Team - Miller&#039;s Report,[],[]
9865,Hetalia Axis Powers Fan Disc,[],[]
259,Happy☆Lesson,[],[]
8230,True Tears Epilogue,[],[]
973,Glass no Kantai: La Legende du Vent de l&#039;Univers,[],[]
22677,Appleseed Alpha,[],[]
183,Whistle!,[],[]
1136,Betterman,[],[]
2580,Tsukuyomi: Moon Phase Special,[],[]
327,Puchi Puri Yuushi,[],[]
15227,Kono Sekai no Katasumi ni,[],[]
9723,Hakuouki Hekketsuroku Episode 0,[],[]
485,Damekko Doubutsu,[],[]
33129,Joker Game: Kuroneko Yoru no Bouken,[],[]
29583,Kuroko no Basket: Oshaberi Demo Shimasen ka,[],[]
16149,Kick-Heart,[],[]
7016,Senjou no Valkyria: SenVal Theater,[],[]
1046,Elf wo Karu Mono-tachi II,[],[]
1187,DNA² OVA,[],[]
6787,Goulart Knights: Evoked the Beginning Black,[],[]
31683,Danchigai Special,[],[]
32863,Ansatsu Kyoushitsu (TV) 2nd Season: Kagaijugyou-hen,[],[]
11237,Hidamari Sketch x SP,[],[]
1861,Slam Dunk: Zenkoku Seiha Da! Sakuragi Hanamichi,[],[]
914,Ike! Ina-chuu Takkyuubu,[],[]
30746,Fushigi na Somera-chan,[],[]
8756,Bishoujo Senshi Sailor Moon Memorial,[],[]
678,Shadow Skill: Eigi,[],[]
15711,Bakuman.: Deraman.,[],[]
1912,Marginal Prince: Gekkeiju no Ouji-tachi,[],[]
851,Kyou kara Ore wa!!,[],[]
4469,.hack//G.U. Trilogy: Parody Mode,[],[]
1457,Key the Metal Idol,[],[]
631,Mahoromatic Summer Special,[],[]
2606,Digimon Savers the Movie: Kyuukyoku Power! Burst Mode Hatsudou!!,[],[]
1944,Photon,[],[]
11321,Nee Summer!,[],[]
32122,Gintama: Jump Festa 2015 Special,[],[]
31560,Miss Monochrome: The Animation 3,[],[]
606,Kazemakase Tsukikage Ran,[],[]
5464,Cafe Junkie,[],[]
4358,Aniyome wa Ijippari,[],[]
351,Ojamajo Doremi Sharp,[],[]
17341,Yama no Susume: Kabette Kowakunai no?,[],[]
5485,Shin Mazinger Shougeki! Z-hen,[],[]
12857,Star Driver the Movie,[],[]
1916,Mobile Suit Gundam MS IGLOO: Apocalypse 0079,[],[]
23989,Maken-Ki! Two Specials,[],[]
2499,Slam Dunk: Hoero Basketman-damashii! Hanamichi to Rukawa no Atsuki Natsu,[],[]
1151,Dominion,[],[]
212,Project A-Ko,[],[]
1135,Munto: Toki no Kabe wo Koete,[],[]
2498,Slam Dunk: Shouhoku Saidai no Kiki! Moero Sakuragi Hanamichi,[],[]
294,Divergence Eve,[],[]
1844,CLAMP Gakuen Tanteidan,[],[]
16211,Bakumatsu Gijinden Roman,[],[]
1285,Soukihei MD Geist,[],[]
2294,Mobile Suit Gundam Seed Destiny Special Edition,[],[]
11663,Hakuouki OVA,[],[]
14817,Mouretsu Pirates: Abyss of Hyperspace,[],[]
546,Wind: A Breath of Heart (TV),[],[]
14627,Recorder to Randoseru,[],[]
2150,Tanoshii Muumin Ikka,[],[]
8609,Detective Conan OVA 10: Kid in Trap Island,[],[]
919,Ray The Animation,[],[]
21267,Go! Go! 575,[],[]
1441,Ginga Tetsudou no Yoru,[],[]
337,Psychic Academy,[],[]
2523,Izumo: Takeki Tsurugi no Senki,[],[]
5305,Koihime†Musou OVA,[],[]
10445,Perfect Day,[],[]
8487,Onigamiden,[],[]
5348,Detective Conan Magic File 2: Kudou Shinichi - The Case of the Mysterious Wall and the Black Lab,[],[]
34176,Zero kara Hajimeru Mahou no Sho,[],[]
2488,Mei to Koneko Bus,[],[]
2136,Front Innocent: Mou Hitotsu no Lady Innocent,[],[]
3559,Stringendo: Angel-tachi no Private Lesson,[],[]
10668,Imouto Paradise!,[],[]
3665,Ginga Eiyuu Densetsu Gaiden: Rasen Meikyuu,[],[]
2866,Ane☆Haramix,[],[]
2867,Ane Jiru The Animation: Shirakawa Sanshimai ni Omakase,[],[]
2356,Amon: Devilman Mokushiroku,[],[]
19613,New Initial D Movie: Legend 1 - Kakusei,[],[]
2170,Sousei no Aquarion OVA,[],[]
22429,Itadaki! Seieki♥,[],[]
3287,Tenkuu Danzai Skelter+Heaven,[],[]
23135,PriPara,[],[]
1220,Hoshizora Kiseki,[],[]
24641,Baku Ane: Otouto Shibocchau zo! The Animation,[],[]
2515,Detective Conan OVA 05: The Target is Kogoro! The Detective Boys&#039; Secret Investigation,[],[]
1517,Silent Mobius,[],[]
10259,Da Yu Hai Tang,[],[]
25805,Pokemon the Movie XY: Ring no Choumajin Hoopa,[],[]
4502,Stringendo+Accelerando Ultimatum Sera,[],[]
2597,Detective Conan OVA 07: A Challenge from Agasa! Agasa vs. Conan and the Detective Boys,[],[]
17901,All Alone With You,[],[]
976,Yokohama Kaidashi Kikou: Quiet Country Cafe,[],[]
2043,Cat&#039;s Eye,[],[]
3479,Taimanin Asagi,[],[]
15045,Litchi DE Hikari Club,[],[]
10870,Ghost in the Shell: Stand Alone Complex - Tachikoma na Hibi (TV),[],[]
103,Akazukin Chacha,[],[]
255,Jungle wa Itsumo Hare nochi Guu Final,[],[]
32869,Kuroko no Basket Movie 1: Winter Cup Soushuuhen - Kage to Hikari,[],[]
1085,Interlude,[],[]
16419,Dokidoki! Precure,[],[]
284,Area 88 (TV),[],[]
9220,Seikimatsu Occult Gakuin Specials,[],[]
23359,Code Geass: Boukoku no Akito 2 - Hikisakareshi Yokuryuu Picture Drama,[],[]
4794,Pokemon: Pikachu no Dokidoki Kakurenbo,[],[]
1679,Green Green Specials,[],[]
10090,Ghost in the Shell: Stand Alone Complex - Solid State Society 3D,[],[]
2547,Shoukoujo Sara,[],[]
7740,Queen&#039;s Blade: Gyokuza wo Tsugu Mono Specials,[],[]
141,Jinki:Extend,[],[]
915,Ginga Densetsu Weed,[],[]
2852,Accelerando: Datenshi-tachi no Sasayaki,[],[]
17635,Koitabi: True Tours Nanto,[],[]
23787,Hi☆sCoool! SeHa Girls,[],[]
19953,Zetsumetsu Kigu Shoujo: Amazing Twins,[],[]
2336,Hikaru no Go: New Year Special,[],[]
33814,Ao Oni The Animation,[],[]
111,Corrector Yui,[],[]
33337,ACCA: 13-ku Kansatsu-ka,[],[]
5505,Viper&#039;s Creed,[],[]
5347,Bible Black: Imari Ryoujoku Genba,[],[]
25341,Diamond no Ace OVA,[],[]
31890,Nurse Witch Komugi-chan R,[],[]
34100,Fate/kaleid liner Prisma☆Illya Movie,[],[]
5080,Quiz Magic Academy: The Original Animation,[],[]
33021,Ragnastrike Angels,[],[]
128,Gate Keepers 21,[],[]
4082,Kaibutsu Oujo: Konsui Oujo,[],[]
818,Sakura Tsuushin,[],[]
864,Mobile Suit Gundam Seed MSV Astray,[],[]
20723,Kyousou Giga (TV) Recaps,[],[]
1787,Viper GTS,[],[]
9893,Suite Precure♪,[],[]
2263,Sonic★the★Hedgehog,[],[]
6234,True Tears Specials,[],[]
499,Makai Toshi Shinjuku,[],[]
24973,Bokura wa Minna Kawaisou Specials,[],[]
1191,Saber Marionette J Again,[],[]
2332,Plastic Little,[],[]
33690,Nazotokine,[],[]
1398,Macross Dynamite 7,[],[]
852,Gokinjo Monogatari,[],[]
1988,Himawari!!,[],[]
7463,Weiß Survive R,[],[]
14991,Harem Time The Animation,[],[]
526,Boku no Chikyuu wo Mamotte,[],[]
7474,"Onegai☆Teacher: Marie, Ai no Gekijou",[],[]
5194,Aneimo,[],[]
1496,Fushigi no Kuni no Miyuki-chan,[],[]
1301,Ginga Tetsudou 999 (Movie),[],[]
21521,Futabu!,[],[]
23399,Minami no Shima no Dera-chan,[],[]
3102,Kateikyoushi no Oneesan The Animation: H no Hensachi Agechaimasu,[],[]
2182,Robot Carnival,[],[]
32829,Nobunaga no Shinobi,[],[]
10122,Kowarekake no Orgel Special,[],[]
1380,Blue Gender: The Warrior,[],[]
31867,Shoujo-tachi wa Kouya wo Mezasu OVA,[],[]
1929,Futari wa Precure: Max Heart,[],[]
6231,Detective Conan Magic File 3: Shinichi and Ran - Memories of Mahjong Tiles and Tanabata,[],[]
28539,Garo Movie: Divine Flame,[],[]
33219,Kagerou Daze: In a Day&#039;s,[],[]
13517,Ryuugajou Nanana no Maizoukin,[],[]
2724,Daicon Opening Animations,[],[]
2354,Devilman: Tanjou-hen,[],[]
20039,Kill Me Baby: Butsuzou Kegatte Nise Halloween,[],[]
30641,Yankee-kun na Yamada-kun to Megane-chan to Majo,[],[]
18413,Puchitto Gargantia,[],[]
7468,Princess Lover! Picture Drama,[],[]
115,El Hazard: The Alternative World,[],[]
31578,JK Meshi!,[],[]
2269,Mobile Suit Gundam Seed Special Edition,[],[]
1041,Zetsuai 1989,[],[]
1261,Kyattou Ninden Teyandee,[],[]
504,Fatal Fury: The Motion Picture,[],[]
1408,Kao no nai Tsuki,[],[]
11083,Nurarihyon no Mago: Sennen Makyou Recaps,[],[]
30757,Monster Strike,[],[]
7270,Mobile Suit Gundam 00 Special Edition,[],[]
1996,Full Moon wo Sagashite: Kawaii Kawaii Daibouken,[],[]
1746,Zoids Fuzors,[],[]
10694,Bloods: Inraku no Ketsuzoku 2,[],[]
3419,Sumomomo Momomo: Chijou Saikyou no Yome Specials,[],[]
5045,Kamen no Maid Guy OVA,[],[]
5493,Ranma ½: Akumu! Shunmin Kou,[],[]
25861,Inugami-san to Nekoyama-san Special,[],[]
1692,_Summer,[],[]
446,Weiß Kreuz Glühen,[],[]
23987,Sarusuberi: Miss Hokusai,[],[]
766,Kishin Houkou Demonbane,[],[]
5196,Aria The Origination Picture Drama,[],[]
34465,Ao no Exorcist OVA,[],[]
7041,Seto no Hanayome OVA Specials,[],[]
5684,Fresh Precure!,[],[]
8410,Metal Fight Beyblade: Baku,[],[]
8792,Madobe Nanami no Windows 7 de PC Jisaku Ouen Commercial!!,[],[]
69,Cluster Edge,[],[]
14117,Blood-C: Special Edition,[],[]
600,Legend of Duo,[],[]
3939,Kafun Shoujo Chuuihou! The Animation,[],[]
6709,Ai Yori Aoshi: Yumegatari,[],[]
3449,Kamichu! Specials,[],[]
20673,Hinata no Aoshigure,[],[]
750,Binchou-tan,[],[]
2848,Kappa no Coo to Natsuyasumi,[],[]
4010,Alignment You! You! The Animation,[],[]
23831,Mahou Shoujo Madoka★Magica Movie 3: Hangyaku no Monogatari - Magica Quartet x Nisioisin,[],[]
32878,ēlDLIVE,[],[]
9205,Kaichuu!,[],[]
8666,Mazinkaiser SKL,[],[]
15843,Koiito Kinenbi The Animation,[],[]
11033,"Natsu-iro Egao de 1, 2, Jump!",[],[]
1327,Aoki Densetsu Shoot!,[],[]
6198,Detective Conan OVA 08: High School Girl Detective Sonoko Suzuki&#039;s Case Files,[],[]
5419,Paniponi Dash!: Danjite Okonaeba Kishin mo Kore wo Saku,[],[]
27967,Senran Kagura: Estival Versus - Shoujo-tachi no Sentaku,[],[]
2451,Space Cobra,[],[]
421,Stratos 4,[],[]
6877,Pokemon: Bokutachi Pichu Brothers - Party wa Oosawagi! no Maki,[],[]
1492,Project ARMS,[],[]
31440,Teekyuu 6,[],[]
29223,Aldnoah.Zero Extra Archives,[],[]
8339,Kachou no Koi,[],[]
1426,Lupin III: Part III,[],[]
31797,Ore ga Ojousama Gakkou ni &quot;Shomin Sample&quot; Toshite Gets♥Sareta Ken Specials,[],[]
10920,Seikon no Qwaser II Picture Drama,[],[]
798,Yomigaeru Sora: Rescue Wings,[],[]
1147,Tenchi Muyou! Ryououki 3rd Season: Tenchi Seirou naredo Namitakashi?,[],[]
15537,Tsugou no Yoi Sexfriend?,[],[]
4232,Mobile Suit Gundam MS IGLOO 2: Gravity of the Battlefront,[],[]
1410,IGPX: Immortal Grand Prix (2005) 2nd Season,[],[]
1126,Figure 17: Tsubasa &amp; Hikaru,[],[]
31491,Hantsu x Trash,[],[]
31631,Monster Hunter Stories: Ride On,[],[]
21835,Majin Bone,[],[]
1042,Bronze: Zetsuai Since 1989,[],[]
13163,Furusato Saisei: Nihon no Mukashibanashi,[],[]
23369,Bakuman. 2nd Season Special,[],[]
33836,Seiren,[],[]
14951,Wonderful Rush,[],[]
364,Gallery Fake,[],[]
30100,Black Bullet: Tenchuu＊Girls,[],[]
19029,Yuyushiki: Nyanyashiki,[],[]
15407,Magical Suite Prism Nana,[],[]
30549,Soukyuu no Fafner: Dead Aggressor - Exodus 2nd Season,[],[]
1578,Koisuru Tenshi Angelique: Kokoro no Mezameru Toki,[],[]
28447,Shingeki no Bahamut: Genesis Recap,[],[]
32954,Flying Witch Petit,[],[]
3626,Mobile Suit Gundam Wing: Operation Meteor,[],[]
23361,Bakuman. 3rd Season Specials,[],[]
1262,Macross II: Lovers Again,[],[]
14875,Eureka Seven AO: Jungfrau no Hanabana-tachi,[],[]
1249,"Zone of the Enders: Dolores, I",[],[]
8317,Sayonara Zetsubou Sensei Jo: Zoku Zetsubou Shoujo Senshuu,[],[]
12055,Brandish,[],[]
21773,Sugar*Soldier,[],[]
33354,Cardcaptor Sakura: Clear Card-hen,[],[]
816,Nanako Kaitai Shinsho,[],[]
636,Juubee-chan 2: Siberia Yagyuu no Gyakushuu,[],[]
9782,Norageki!,[],[]
1472,City Hunter 3,[],[]
12447,Ben-To Picture Drama,[],[]
12637,Mo Gyutto Love de Sekkinchuu!,[],[]
9328,Shoujo Senki Soul Eater,[],[]
706,Comic Party Revolution,[],[]
1098,Samurai Girl Real Bout High School,[],[]
31128,Arslan Senki (TV): Dakkan no Yaiba,[],[]
1223,Ame to Shoujo to Watashi no Tegami,[],[]
20801,Koakuma Kanojo The Animation,[],[]
4664,Rurouni Kenshin: Special Techniques,[],[]
5256,"Pokemon Fushigi no Dungeon: Toki no Tankentai, Yami no Tankentai",[],[]
1835,Ryuusei no Rockman,[],[]
4197,Blue Dragon: Tenkai no Shichi Ryuu,[],[]
4549,Hokuto no Ken: Raoh Gaiden Ten no Haoh,[],[]
2106,Kiss Dum: Engage Planet,[],[]
17849,Sparrow&#039;s Hotel,[],[]
32615,Youjo Senki,[],[]
21781,Tsubasa to Hotaru,[],[]
1998,Amazing Nuts!,[],[]
3710,Hakaba Kitarou,[],[]
18989,Ghost in the Shell: Arise - Another Mission,[],[]
8022,Tegamibachi Gakuen,[],[]
21829,Fella Pure: Mitarashi-san Chi no Jijou The Animation,[],[]
1488,Area 88,[],[]
9204,Omae Umasou da na,[],[]
9774,Morita-san wa Mukuchi,[],[]
11507,Kami nomi zo Shiru Sekai: Nonstop!! Hunters,[],[]
652,Galaxy Angel Z,[],[]
25719,"Futsuu no Joshikousei ga [Locodol] Yattemita.: Nagarekawa, Annai Shitemita.",[],[]
13201,Monster Farm: Legend e no Michi,[],[]
33242,IS: Infinite Stratos 2 - Infinite Wedding,[],[]
4033,The iDOLM@STER Live For You!,[],[]
4362,Fireball,[],[]
3220,Kanashimi no Belladonna,[],[]
1661,Cutey Honey,[],[]
1182,Shamanic Princess,[],[]
797,Hanaukyou Maid-tai OVA,[],[]
5332,Toshokan Sensou: Koi no Shougai,[],[]
21587,Mou Hitotsu no Mirai wo.,[],[]
3015,Ginga Eiyuu Densetsu Gaiden: Ougon no Tsubasa,[],[]
12437,Yuri Seijin Naoko-san (2012),[],[]
1780,Choukou Tenshi Escalayer,[],[]
2411,Ane to Boin,[],[]
2143,Saiyuuki Reload: Burial,[],[]
1792,Overman King Gainer,[],[]
1359,Nikutai Ten&#039;i,[],[]
32740,Girls und Panzer der Film: Arisu War!,[],[]
733,Kizuna,[],[]
917,Riding Bean,[],[]
2789,B-Densetsu! Battle Bedaman,[],[]
2162,Koutetsu Sangokushi,[],[]
2265,Transformers the Movie,[],[]
34299,Digimon Adventure tri. 4: Soushitsu,[],[]
2829,Ie Naki Ko Remi,[],[]
1049,Cello Hiki no Gauche (1982),[],[]
15735,Jormungand: Perfect Order - First Stage Soushuuhen,[],[]
5998,Hottarake no Shima: Haruka to Mahou no Kagami,[],[]
7304,Detective Conan Movie 08: Time Travel of the Silver Sky,[],[]
3954,Tales of Symphonia The Animation: Kratos-sensei no Private Lesson,[],[]
6152,Final Fantasy VII: Advent Children - Venice Film Festival Footage,[],[]
2841,Kuro Ai: Hitoyozumakan Inkou Rannyuuroku,[],[]
5084,Mai Mai Shinko to Sennen no Mahou,[],[]
22955,Francesca,[],[]
1935,Megazone 23,[],[]
817,Tactical Roar,[],[]
27783,Sword Gai (TV),[],[]
582,Sexy Commando Gaiden: Sugoiyo!! Masaru-san,[],[]
17277,Code Geass: Soubou no Oz Picture Drama,[],[]
8331,Detective Conan Magic File 4: Osaka Okonomiyaki Odyssey,[],[]
484,Gensoumaden Saiyuuki Movie: Requiem - Erabarezaru Mono e no Chinkonka,[],[]
691,Yawara!,[],[]
1357,Shin Hokuto no Ken,[],[]
20849,Oni Chichi 2: Revenge,[],[]
10683,Tentacle and Witches,[],[]
1084,I&#039;&#039;s,[],[]
2965,Suteki Tantei Labyrinth,[],[]
12059,Otome Dori,[],[]
1521,Black Jack the Movie,[],[]
370,Burn Up Excess,[],[]
33164,Musaigen no Phantom World: Limitless Phantom World,[],[]
33201,Ojisan to Marshmallow Special,[],[]
9032,Inazuma Eleven: Saikyou Gundan Ogre Shuurai,[],[]
1932,Yes! Precure 5,[],[]
1634,Ai Shimai: Futari no Kajitsu,[],[]
1280,Mamono Hunter Youko,[],[]
2413,Boin,[],[]
4910,Pokemon: Pikachu no Wanpaku Island,[],[]
262,Happy☆Lesson: The Final,[],[]
3948,Mahou Sensei Negima! Introduction Film,[],[]
24909,Kaitou Joker,[],[]
2125,Yuu☆Yuu☆Hakusho: Eizou Hakusho,[],[]
2808,Irregular Hunter X: The Day of Sigma,[],[]
1760,Golgo 13,[],[]
31370,Tonkatsu DJ Agetarou,[],[]
11705,Dragon Age: Blood Mage no Seisen,[],[]
19255,Hyakka Ryouran: Samurai Bride Specials,[],[]
1473,City Hunter &#039;91,[],[]
17731,Ketsuekigata-kun!,[],[]
622,Natsu-iro no Sunadokei,[],[]
1967,Mobile Suit Zeta Gundam: A New Translation - Heir to the Stars,[],[]
2004,Hanada Shounen-shi,[],[]
19845,Ore no Imouto ga Konnani Kawaii Wake ga Nai.: SD Chara ni Yoru Short Movie,[],[]
5072,Dragonaut: The Resonance Special,[],[]
16436,Tenshi no Drop,[],[]
1062,Nekojiru Gekijou Jirujiru Original,[],[]
17267,Futari wa Milky Holmes,[],[]
6794,Kurokami: Tora to Tsubasa,[],[]
29511,Ongaku Shoujo,[],[]
2751,Miyori no Mori,[],[]
2921,Ashita no Joe 2,[],[]
1445,Mach GoGoGo,[],[]
33988,Demi-chan wa Kataritai,[],[]
3537,Cleavage,[],[]
1128,UFO Princess Valkyrie 2: Juunigatsu no Yasoukyoku,[],[]
653,Galaxy Angel 3,[],[]
21755,New Prince of Tennis OVA vs. Genius10,[],[]
32005,Detective Conan Movie 20: The Darkest Nightmare,[],[]
33746,Anitore! XX,[],[]
23551,Choboraunyopomi Gekijou Dai Ni Maku Ai Mai Mii: Mousou Catastrophe,[],[]
23579,12-sai.,[],[]
13141,Shibainuko-san,[],[]
2204,Karakuri Zoushi Ayatsuri Sakon,[],[]
6368,Legend of Regios,[],[]
2041,Ai to Yuuki no Pig Girl Tonde Buurin,[],[]
10845,Manyuu Hikenchou Specials,[],[]
1037,Saint Beast: Seijuu Kourin-hen,[],[]
1097,Lime-iro Senkitan,[],[]
4304,Kodomo no Jikan,[],[]
3771,"Nee, Chanto Shiyou Yo!",[],[]
10801,Copihan,[],[]
2126,Yuu☆Yuu☆Hakusho: Eizou Hakusho II,[],[]
11467,TSF Monogatari,[],[]
10731,Prince of Tennis: Eikokushiki Teikyuu Shiro Kessen!,[],[]
25345,Rance 01: Hikari wo Motomete The Animation,[],[]
1350,Parasite Dolls,[],[]
1216,Boku wa Konomama Kaeranai,[],[]
1707,Kinnikuman II Sei,[],[]
3288,Gundam Evolve,[],[]
373,Bannou Bunka Neko-Musume,[],[]
8206,Hime Chen! Otogi Chikku Idol Lilpri,[],[]
10391,Kuragehime: Soreike! Amars Tankentai,[],[]
1346,AD Police,[],[]
1246,Yuugo: Koushounin,[],[]
1637,Kaze to Ki no Uta Sanctus: Sei Naru Kana,[],[]
4600,Aneki... My Sweet Elder Sister The Animation,[],[]
9435,Ane Jiru 2 The Animation: Shirakawa Sanshimai ni Omakase,[],[]
6385,Pokemon: Slowking no Ichinichi,[],[]
6016,Kyoushoku Soukou Guyver (1989),[],[]
842,Ushio to Tora,[],[]
3468,Maria-sama ga Miteru Specials,[],[]
2725,Tenchi Muyou!: Galaxy Police Mihoshi Space Adventure,[],[]
24471,Hoozuki no Reitetsu OVA,[],[]
3080,Anime Tenchou,[],[]
2214,Black Jack 21,[],[]
1387,Yakin Byoutou,[],[]
1028,Arete Hime,[],[]
1941,Moonlight Mile 1st Season: Lift Off,[],[]
2330,Jibaku-kun,[],[]
633,Legend of Basara,[],[]
354,UG☆Ultimate Girls,[],[]
1156,I: Wish You Were Here,[],[]
10827,Wizard Girl Ambitious,[],[]
1020,Honoo no Mirage: Minagiwa no Hangyakusha,[],[]
10573,Prince of Tennis: Another Story II - Ano Toki no Bokura,[],[]
1109,Monster Extra,[],[]
14049,Mashiro-iro Symphony: Airi ga Anata no Kanojo ni!?,[],[]
10098,Kobato.: Hajimete no Kobato.,[],[]
23153,Hayate no Gotoku! OVA,[],[]
604,Mahou no Stage Fancy Lala,[],[]
32228,Teekyuu 7,[],[]
10703,Detective Conan OVA 11: A Secret Order from London,[],[]
2217,Hand Maid May Special,[],[]
1448,Hyakujuu-Ou GoLion,[],[]
8894,Yume-iro Pâtissière: Mune Kyun Tropical Island!,[],[]
33994,Servamp Specials,[],[]
353,Ojamajo Doremi Dokkaan!,[],[]
15719,Oda Nobuna no Yabou Soushuuhen,[],[]
9241,Super Robot Taisen OG: The Inspector,[],[]
8231,Princess Lover!: Magical Knight Maria-chan,[],[]
17739,Hidamari Sketch: Sae Hiro Sotsugyou-hen,[],[]
581,Honoo no Labyrinth,[],[]
1783,Imouto Jiru,[],[]
12143,Swing Out Sisters,[],[]
10804,Ikoku Meiro no Croisée Special,[],[]
23405,Tokyo Ravens: Kon ga Oshiete Moshi Agemasu! Maru Wakari Tokyo Ravens,[],[]
1490,Ginga Tetsudou Monogatari,[],[]
32454,Usakame,[],[]
23293,Lupin the IIIrd: Jigen Daisuke no Bohyou,[],[]
11099,Tiger &amp; Bunny Pilot,[],[]
1573,Kishin Douji Zenki,[],[]
34076,Uchouten Kazoku 2,[],[]
16143,One Piece: Kinkyuu Kikaku One Piece Kanzen Kouryakuhou,[],[]
10302,Pokemon Diamond &amp; Pearl Specials,[],[]
286,B&#039;T X,[],[]
15043,Haitai Nanafa,[],[]
13731,Eureka Seven: New Order,[],[]
21729,Cardfight!! Vanguard: Legion Mate-hen,[],[]
693,Burn Up Scramble,[],[]
344,Futatsu no Spica,[],[]
10370,Metal Fight Beyblade 4D,[],[]
34051,Akiba&#039;s Trip The Animation,[],[]
31139,Ame-iro Cocoa: Rainy Color e Youkoso!,[],[]
598,Jinzou Ningen Kikaider The Animation,[],[]
27945,Gugure! Kokkuri-san Specials,[],[]
18343,Girls und Panzer: Fushou - Akiyama Yukari no Sensha Kouza,[],[]
2324,Angel Blade,[],[]
17855,Namiuchigiwa no Muromi-san OVA,[],[]
2355,Devilman: Yochou Sirene-hen,[],[]
2896,Houkago: Nureta Seifuku,[],[]
5529,Pokemon: Odoru Pokemon Himitsu Kichi,[],[]
9088,Saiyuuki Gaiden,[],[]
1864,Koisuru Tenshi Angelique: Kagayaki no Ashita,[],[]
1561,Lovedol: Lovely Idol,[],[]
1657,Byston Well Monogatari: Garzey no Tsubasa,[],[]
1149,Choujuushin Gravion Zwei,[],[]
1797,Animation Seisaku Shinkou Kuromi-chan,[],[]
13727,Rinne no Lagrange: Kamogawa Days,[],[]
835,Sister Princess: Re Pure,[],[]
9744,Issho ni Training Ofuro: Bathtime with Hinako &amp; Hiyoko,[],[]
1968,Mobile Suit Zeta Gundam: A New Translation II - Lovers,[],[]
11583,Kami nomi zo Shiru Sekai: Natsu-iro Surprise,[],[]
118,El Hazard 2: The Magnificent World,[],[]
12137,Robotica*Robotics,[],[]
33206,Kobayashi-san Chi no Maid Dragon,[],[]
11019,Pokemon 3D Adventure: Mew wo Sagase!,[],[]
671,Lemon Angel Project,[],[]
7066,Mahoromatic: I&#039;m Home!,[],[]
1846,Princess Nine: Kisaragi Joshikou Yakyuubu,[],[]
685,To Heart: Remember My Memories,[],[]
769,Burn Up! W,[],[]
2253,Mazinger Z,[],[]
29855,Meiji Tokyo Renka Movie: Yumihari no Serenade,[],[]
3044,Tetsuwan Atom (1980),[],[]
1693,Reideen,[],[]
148,Kita e.: Diamond Dust Drops,[],[]
20877,Music S.T.A.R.T!!,[],[]
1070,Love Get Chu,[],[]
6275,Pokemon Fushigi no Dungeon: Sora no Tankentai - Toki to Yami wo Meguru Saigo no Bouken,[],[]
943,Yume Tsukai,[],[]
1269,Bio Hunter,[],[]
1622,Kai Doh Maru,[],[]
21469,Stand By Me Doraemon,[],[]
1785,Little Monica Monogatari,[],[]
1969,Mobile Suit Zeta Gundam: A New Translation III - Love Is the Pulse of the Stars,[],[]
17813,Kyoto Animation: Megane-hen,[],[]
2346,Koroshiya 1 The Animation: Episode 0,[],[]
776,Nanaka 6/17,[],[]
31736,Valkyrie Drive: Mermaid Specials,[],[]
12123,Yurumates 3D,[],[]
28833,Chain Chronicle: Haecceitas no Hikari,[],[]
13159,Kuromajo-san ga Tooru!!,[],[]
8619,Ladies versus Butlers! Tokuten Disc Music Clip,[],[]
33795,Mahou Shoujo Nante Mou Ii Desukara. 2nd Season,[],[]
328,Piano,[],[]
1480,Sky Girls OVA,[],[]
32039,Show By Rock!! Short!!,[],[]
19919,Tesagure! Bukatsumono,[],[]
21201,Teekyuu 2 Specials,[],[]
1351,Angel Cop,[],[]
1921,Urusei Yatsura Movie 2: Beautiful Dreamer,[],[]
22539,"One More Time, One More Chance",[],[]
2268,Tatakae! Chou Robot Seimeitai Transformers,[],[]
2267,Red Garden: Dead Girls,[],[]
1145,Kaze no Youjinbou,[],[]
520,Marmalade Boy Movie,[],[]
1360,Makai Tenshi Djibril,[],[]
10348,Fireball Charming,[],[]
1450,Brigadoon: Marin to Melan,[],[]
6194,Stretta The Animation,[],[]
577,Kagihime Monogatari Eikyuu Alice Rinbukyoku,[],[]
1399,Macross 7 Encore,[],[]
10258,Gokicha!!,[],[]
1317,Eyeshield 21: Maboroshi no Golden Bowl,[],[]
3668,Telepathy Shoujo Ran,[],[]
978,Change!! Getter Robo: Sekai Saigo no Hi,[],[]
2032,Wellber no Monogatari: Sisters of Wellber,[],[]
19051,Imouto Paradise! 2,[],[]
1375,Watashi no Ashinaga Ojisan,[],[]
2871,Bakunyuu Oyako,[],[]
33728,Chain Chronicle: Haecceitas no Hikari Part 1,[],[]
1841,Dai Mahou Touge Omake,[],[]
29129,Ookami Shoujo to Kuro Ouji Recap,[],[]
22831,Abarenbou Rikishi!! Matsutarou,[],[]
19261,Gintama x Mameshiba,[],[]
2884,Aachi wa Ssipak,[],[]
1248,Zone of the Enders: Idolo,[],[]
112,Chou Henshin Cosprayers,[],[]
3469,Maria-sama ga Miteru: Haru Specials,[],[]
6379,Kyou no 5 no 2 (TV): Takarabako,[],[]
6546,Pico: My Little Summer Story,[],[]
1349,A.D. Police (TV),[],[]
2281,Jikuu Tantei Genshi-kun,[],[]
12065,Queen&#039;s Blade OVA Specials,[],[]
11793,"Tamayura: Hitotose - Attakai Kaze no Omoide, Nanode",[],[]
2252,Devilman,[],[]
13245,New Prince of Tennis Specials,[],[]
1468,Baoh Raihousha,[],[]
930,Densetsu Kyojin Ideon,[],[]
9706,Canaan: Minorikawa Report 201X Shanghai,[],[]
18771,Gifuu Doudou!!: Kanetsugu to Keiji,[],[]
2743,Mobile Suit Gundam Seed: Seed Supernova - Tanekyara Gekijou,[],[]
2396,Milk Junkie: Shimai-hen,[],[]
2784,Gift: Eternal Rainbow Special,[],[]
27613,Selector Infected WIXOSS: Midoriko-san to Piruruku-tan,[],[]
1270,Black Magic M-66,[],[]
32871,Kuroko no Basket Movie 3: Winter Cup Soushuuhen - Tobira no Mukou,[],[]
1290,Mobile Police Patlabor: WXIII,[],[]
5462,Top wo Nerae! Kagaku Kouza,[],[]
16335,Muv-Luv Alternative: Total Eclipse Recap - Climax Chokuzen Special,[],[]
3401,Aru Tabibito no Nikki Specials,[],[]
28495,Sidonia no Kishi Movie,[],[]
32870,Kuroko no Basket Movie 2: Winter Cup Soushuuhen - Namida no Saki e,[],[]
32977,Aggressive Retsuko,[],[]
695,Canvas: Sepia-iro no Motif,[],[]
16363,Vanquished Queens,[],[]
1022,Generator Gawl,[],[]
24713,Miss Monochrome: The Animation - Soccer-hen,[],[]
32153,Mahou Shoujo Madoka★Magica: Concept Movie,[],[]
3992,Himekishi Lilia,[],[]
752,Osakana wa Ami no Naka,[],[]
23249,Uchuu Senkan Yamato 2199: Hoshimeguru Hakobune,[],[]
32309,Tabi Machi Late Show,[],[]
1279,Taiyou no Ko Esteban,[],[]
1196,Masuda Kousuke Gekijou Gag Manga Biyori,[],[]
278,Viewtiful Joe,[],[]
16656,Zettai Junpaku♡Mahou Shoujo,[],[]
824,Guardian Hearts,[],[]
932,Ichigeki Sacchuu!! Hoihoi-san,[],[]
33157,Tanaka-kun wa Itsumo Kedaruge Specials,[],[]
12057,My Imouto: Koakuma na A-Cup,[],[]
1718,Winter Garden,[],[]
1324,Earthian,[],[]
2014,Taiho Shichau zo: Second Season,[],[]
15841,Tsun Tsun Maid wa Ero Ero Desu,[],[]
1534,Futari wa Precure: Splash☆Star,[],[]
7774,Shin Koihime†Musou OVA,[],[]
1167,Samurai Gun,[],[]
1655,Nerima Daikon Brothers,[],[]
2782,Fire Emblem,[],[]
10531,Detective Conan Magic File 5: Niigata - Tokyo Omiyage Capriccio,[],[]
23697,Kara no Kyoukai: Manner Movies,[],[]
32271,Dies Irae,[],[]
21073,Puchimas!!: Petit Petit iDOLM@STER,[],[]
1799,Fatal Fury: Legend of the Hungry Wolf,[],[]
1751,Jikuu Bouken Nuumamonjaa,[],[]
2042,Five Star Stories,[],[]
1670,Bakuten Shoot Beyblade the Movie: Gekitou!! Takao vs. Daichi,[],[]
2747,Tetsuwan Atom,[],[]
1163,Neo Ranga,[],[]
2222,Dr. Slump: Arale-chan,[],[]
630,Mahoutsukai Tai!,[],[]
1124,Seikai no Danshou: Tanjou,[],[]
1958,Wish,[],[]
18655,Koikishi Purely☆Kiss The Animation,[],[]
3907,Ginga Sengoku Gunyuuden Rai,[],[]
17395,Ark IX,[],[]
2618,Takarajima,[],[]
13239,Mass Effect: Paragon Lost,[],[]
1500,Teizokurei Daydream,[],[]
1106,Eikyuu Kazoku,[],[]
1868,Gin&#039;iro no Olynsis: Tokito,[],[]
15431,Natsu-iro Kiseki: 15-kaime no Natsuyasumi,[],[]
1978,Onkyo Seimeitai Noiseman,[],[]
25897,Love Live! School Idol Project: μ&#039;s →NEXT LoveLive! 2014 - Endless Parade Makuai Drama,[],[]
14077,Blood-C: None-None Gekijou,[],[]
1400,Macross 7 Movie: Ginga ga Ore wo Yondeiru!,[],[]
10390,.hack//Quantum: Sore ike! Bokura no Chimuchimu-chan!!,[],[]
2169,Ice,[],[]
1635,Ai Shimai 2: Futari no Kajitsu,[],[]
3010,Kaiketsu Zorro,[],[]
30953,Arslan Senki (TV) Specials,[],[]
1603,Super Robot Taisen OG: Divine Wars,[],[]
26359,Persona 4 the Golden Animation: Thank you Mr. Accomplice,[],[]
1494,Darkside Blues,[],[]
6169,Tenjou-jin to Akuto-jin Saigo no Tatakai,[],[]
377,eX-Driver,[],[]
33013,Super Lovers OVA,[],[]
13139,Gakkatsu!,[],[]
30695,Pop in Q,[],[]
3679,Renketsu Houshiki,[],[]
544,Venus Senki,[],[]
648,Tsuki wa Higashi ni Hi wa Nishi ni: Operation Sanctuary,[],[]
1504,Macross Flash Back 2012,[],[]
1123,Beet the Vandel Buster Excellion,[],[]
13843,Wild Adapter,[],[]
1508,Sci-fi Harry,[],[]
2684,Buzzer Beater 2nd Season,[],[]
31283,Bikini Warriors Special,[],[]
1112,Vandread: Taidou-hen,[],[]
33949,Oshiete! Galko-chan (OVA),[],[]
5298,Yu☆Gi☆Oh! 5D&#039;s: Shinkasuru Kettou! Stardust vs. Red Demon&#039;s,[],[]
14317,Computer Kakumei: Saikyou x Saisoku no Zunou Tanjou,[],[]
1111,Vandread: Gekitou-hen,[],[]
23781,Blade &amp; Soul Specials,[],[]
30243,Gakuen de Jikan yo Tomare,[],[]
11009,Pokemon 3D Adventure 2: Pikachu no Kaitei Daibouken,[],[]
2335,Kenyuu Densetsu Yaiba,[],[]
14543,Koutetsu no Majo Annerose,[],[]
7083,Hakushaku to Yousei Specials,[],[]
533,Sensei no Ojikan: Doki Doki School Hours,[],[]
3641,Naisho no Tsubomi,[],[]
3000,Taiho Shichau zo: Full Throttle,[],[]
10384,Sono Hanabira ni Kuchizuke wo: Reo x Mai Diaries,[],[]
20871,Nissan Serena x One Piece 3D: Mugiwara Chase - Sennyuu!! Sauzando Sanii-gou,[],[]
2400,Ghost Sweeper GS Mikami,[],[]
33274,Onara Gorou,[],[]
2044,Mahou no Tenshi Creamy Mami,[],[]
9002,True Tears: Raigomaru to Jibeta no Monogatari,[],[]
13595,"Suki de Suki de, Suki de The Animation",[],[]
5369,Street Fighter: Aratanaru Kizuna,[],[]
4353,Gakuen Heaven: Hamu Hamu Heaven,[],[]
22069,Swing Out Sisters (2014),[],[]
28669,Go! Princess Precure,[],[]
31931,Full Metal Panic! IV,[],[]
614,Okusama wa Mahou Shoujo,[],[]
1675,Transformers Micron Densetsu,[],[]
9311,Kateikyoushi no Oneesan 2 The Animation: H no Hensachi Agechaimasu,[],[]
10628,Mahou Sensei Negima! Mou Hitotsu no Sekai Extra: Mahou Shoujo Yue,[],[]
559,RahXephon Interlude: Her and Herself/Thatness and Thereness,[],[]
7456,Discipline Zero,[],[]
9232,Yebisu Celebrities 1st,[],[]
10338,Honto ni Atta! Reibai Sensei,[],[]
203,Words Worth,[],[]
17677,Buki yo Saraba,[],[]
505,Fushigiboshi no☆Futagohime,[],[]
2954,Maria-sama ga Miteru 3rd Specials,[],[]
9638,Ore wa Kanojo wo Shinjiteru!,[],[]
439,RG Veda,[],[]
6590,Makai Kishi Ingrid,[],[]
8909,Tales of Symphonia The Animation: Tethe&#039;alla-hen Specials,[],[]
2762,Igano Kabamaru,[],[]
1152,New Dominion Tank Police,[],[]
1703,Tokyo Tribe 2,[],[]
1542,Brain Powerd,[],[]
2500,The Cockpit,[],[]
27509,Toaru Majutsu no Index 10th Anniversary PV,[],[]
33934,Trigger-chan,[],[]
10923,Tantei Opera Milky Holmes: Summer Special,[],[]
655,Galaxy Angel 4,[],[]
1501,Kaleido Star: Good da yo! Goood!!,[],[]
3970,Sentakuya Shin-chan,[],[]
1902,Happiness!: Watarase Jun no Kareinaru Ichinichi,[],[]
8291,Ojousama wa H ga Osuki: The Animation,[],[]
33572,Idol Memories,[],[]
16023,Kuro to Kin no Akanai Kagi.,[],[]
14127,Papa Love: Papa to Icha Ero Shitai Musume-tachi to Hitotsu Yane no Shita de,[],[]
21495,Denpa Kyoushi,[],[]
1800,Fatal Fury 2: The New Battle,[],[]
1168,Musekinin Kanchou Tylor OVA,[],[]
34321,Fate/Grand Order: First Order,[],[]
32026,Osomatsu-san Special,[],[]
18881,Code Geass: Hangyaku no Lelouch - Kiseki no Birthday Picture Drama Flash Special,[],[]
1382,Yuusha-Ou GaoGaiGar Final,[],[]
5996,Prince of Tennis: Oshougatsu Special,[],[]
626,Mamotte Shugogetten!,[],[]
6748,Yokuwakaru Gendaimahou 00,[],[]
13855,Queen&#039;s Blade: Rebellion Specials,[],[]
11715,Kamisama Dolls Specials,[],[]
771,Ginyuu Mokushiroku Meine Liebe Wieder,[],[]
14957,Shakugan no Shana: Friagne to Marianne no Naze Nani Shana! Nandemo Shitsumonbako! 2,[],[]
2218,Fujimi 2-choume Koukyougakudan,[],[]
9721,Aisai Nikki,[],[]
3053,Ganbare! Kickers,[],[]
6154,Saint Seiya: The Hades Chapter Sanctuary - Yomigaerishi Gold Saint-tachi no Shinwa,[],[]
30251,Venus Project: Climax,[],[]
1180,Hyper Police,[],[]
1435,Lupin III: Lupin vs. Fukusei-ningen,[],[]
27629,Tantei Kageki Milky Holmes TD,[],[]
4399,Honoo no Haramase Tenkousei,[],[]
27815,Cardfight!! Vanguard G,[],[]
10483,"Sengoku Basara Two: Ryuko, Itadaki no Chikai! Atsuki Mirai e Kakeru Tamashii!!",[],[]
10419,Menkui!,[],[]
12501,Ai Mai! Moe Can Change!,[],[]
12411,UN-GO: Inga Nikki,[],[]
13839,Detective Conan OVA 12: The Miracle of Excalibur,[],[]
4012,First Squad,[],[]
22335,Teekyuu 3 Specials,[],[]
14539,Love 2 Quad,[],[]
3914,1001 Nights,[],[]
1232,Saber Marionette R,[],[]
7730,Issho ni H Shiyo,[],[]
2611,Panda Kopanda,[],[]
2113,Tenkuu Senki Shurato,[],[]
1825,Hadashi no Gen 2,[],[]
1773,Hokuto no Ken: Raoh Gaiden Junai-hen,[],[]
1130,Windaria,[],[]
10958,High Score,[],[]
1272,Injuu Gakuen La Blue Girl,[],[]
31927,Phantom of the Kill: Zero kara no Hangyaku,[],[]
2290,Superflat Monogram,[],[]
2286,Little Nemo,[],[]
21407,Happiness Charge Precure!,[],[]
8490,Digimon Adventure 3D: Digimon Grand Prix!,[],[]
3050,Panchira Teacher,[],[]
1336,Kyoushoku Soukou Guyver II,[],[]
6705,Tayutayu: Pure My Heart,[],[]
2955,Hana no Joshi Announcer: Newscaster Etsuko,[],[]
13785,Uhou Renka,[],[]
1104,Shinkon Gattai Godannar!! 2nd Season,[],[]
5199,Seto no Hanayome Fan Disc,[],[]
17419,Dog Days&#039; Specials,[],[]
7972,Chi&#039;s Sweet Home OVA,[],[]
13169,Buta,[],[]
8293,Gakuen Saimin Reido,[],[]
17249,Pretty Rhythm: Rainbow Live,[],[]
1312,Chikyuu Bouei Kigyou Dai-Guard,[],[]
9333,Koi☆Sento,[],[]
1348,Bubblegum Crash,[],[]
2391,SD Gundam Force,[],[]
1226,Seihou Tenshi Angel Links,[],[]
1217,Seikimatsu★Darling,[],[]
7014,Tezuka Osamu no Buddha: Akai Sabaku yo! Utsukushiku,[],[]
2560,Terra e...,[],[]
1186,Battle Athletess Daiundoukai (TV),[],[]
2389,Kagaku Ninja-tai Gatchaman,[],[]
3219,Gakuen Utopia Manabi Straight! Special,[],[]
32410,Dimension W: W no Tobira Online,[],[]
1942,Rocket Girls,[],[]
295,Divergence Eve 2: Misaki Chronicles,[],[]
21075,Hetalia: The Beautiful World Extra Disc,[],[]
9124,Ookiku Furikabutte: Natsu no Taikai-hen Special,[],[]
3618,Moyashimon: Kin Gekijou Deluxe,[],[]
632,Mahoromatic End Year Special,[],[]
959,Shin Chou Kyou Ryo: Condor Hero,[],[]
4360,Uchuu Kaizoku Sara,[],[]
17947,Mahou Shoujo Lyrical Nanoha Reflection,[],[]
8438,Pokemon Ranger: Hikari no Kiseki,[],[]
1514,UFO Princess Valkyrie 3: Seiresetsu no Hanayome,[],[]
16638,Fault!! Service: Aratanaru Rival,[],[]
33045,Dream Festival!,[],[]
2695,Mobile Suit Gundam 0083: The Fading Light of Zeon,[],[]
10695,Yume Kui: Tsurumiku Shiki Game Seisaku,[],[]
2988,Mahou Shoujo Ai,[],[]
1720,To Heart 2 OVA,[],[]
347,Wild Arms: Twilight Venom,[],[]
25755,Yowamushi Pedal: Re:RIDE,[],[]
18691,Joshikousei no Koshitsuki,[],[]
1153,Crying Freeman,[],[]
1865,Getsumen To Heiki Mina,[],[]
13757,Mashiro-iro Symphony: The Color of Lovers Picture Drama,[],[]
14617,Stranger: Mukou Hadan Pilot,[],[]
2903,Sakigake!! Otokojuku,[],[]
951,Chibi Maruko-chan,[],[]
557,Koutetsu Tenshi Kurumi Encore,[],[]
3545,Kochira Katsushikaku Kameari Kouenmae Hashutsujo (TV),[],[]
6736,Mouryou no Hako Special,[],[]
2349,Bondage Game: Shinsou no Reijoutachi,[],[]
1706,Gun Frontier,[],[]
4460,Kikumana,[],[]
231,Asagiri no Miko,[],[]
6465,Kangoku Senkan,[],[]
10935,Hourou Musuko Specials,[],[]
8648,Break Blade Picture Drama,[],[]
26183,Ikkitousen: Extravaganza Epoch,[],[]
2153,Saint Beast: Kouin Jojishi Tenshi Tan,[],[]
3430,Blame! Prologue,[],[]
7744,Fight Ippatsu! Juuden-chan!! Specials,[],[]
6964,Yuu☆Yuu☆Hakusho Picture Drama,[],[]
1235,I&#039;&#039;s Pure Bonus,[],[]
1489,Renkin San-kyuu Magical? Pokaan Specials,[],[]
1064,Mazinkaiser,[],[]
5351,Mobile Suit Gundam 00: Tenshitachi no Kiseki,[],[]
2212,Bakuretsu Tenshi: Infinity Specials,[],[]
3737,Usavich,[],[]
32906,Bishoujo Yuugi Unit Crane Game Girls,[],[]
1204,Kujira no Chouyaku,[],[]
473,Tide-Line Blue,[],[]
10945,Maria†Holic Alive Special,[],[]
10217,Kaitou Tenshi Twin Angel: Kyun Kyun☆Tokimeki Paradise!!,[],[]
6941,Toriko: Jump Super Anime Tour 2009 Special,[],[]
32950,RS Keikaku: Rebirth Storage,[],[]
20843,"Senki Zesshou Symphogear G: In the Distance, That Day, When the Star Became Music... Specials",[],[]
28881,New Initial D Movie: Legend 2 - Tousou,[],[]
16928,Hiiro no Kakera: Totsugeki! Tonari no Ikemenzu,[],[]
22013,Ghost in the Shell: Nyuumon Arise,[],[]
2215,Kishin Taisen Gigantic Formula,[],[]
3888,Toumei Ningen (OVA),[],[]
2117,Shin Captain Tsubasa,[],[]
4508,D.C.S.S: Da Capo Second Season Omake,[],[]
4078,Kyou no 5 no 2 Kagai Jugyou: Mizukake,[],[]
12429,Last Exile: Ginyoku no Fam Recaps,[],[]
2174,Hokuto no Ken: Raoh Gaiden Gekitou-hen,[],[]
1659,Mai-Otome Specials,[],[]
20329,Koroshiya-san: The Hired Gun,[],[]
2978,Shin Getter Robo,[],[]
13837,Detective Conan Bonus File: Fantasista Flower,[],[]
33069,Dimension W Special,[],[]
19133,Turning Girls,[],[]
23115,Hamatora The Animation: Saishuukai Chokuzen! Mao ga Okuru Soushuuhen Special,[],[]
6582,Tentai Senshi Sunred 2nd Season,[],[]
33419,12-sai.: Chicchana Mune no Tokimeki 2nd Season,[],[]
11073,Pokemon: Ash&#039;s Journey,[],[]
2539,Itazura The Animation,[],[]
2071,Hana yori Dango (Movie),[],[]
1908,Lesson XX,[],[]
31883,Bakuon!! OVA,[],[]
9970,Floating Material,[],[]
25667,Boy Meets Harem The Animation,[],[]
1341,Violence Jack: Harlem Bomber-hen,[],[]
977,Ginga Teikoku no Metsubou Gaiden: Aoki Ookami-tachi no Densetsu,[],[]
32262,Renai Boukun,[],[]
1859,Grappler Baki,[],[]
730,Houkago no Shokuinshitsu,[],[]
6148,Yurumates,[],[]
20187,Genei wo Kakeru Taiyou: Fumikomenai Kokoro,[],[]
20987,Yozakura Quartet: Yoza-Quar!,[],[]
1209,Nasu: Andalusia no Natsu,[],[]
176,Triangle Heart: Sweet Songs Forever,[],[]
1370,Atama Yama,[],[]
15867,Zettai Junshu☆Kyousei Kozukuri Kyokashou!!,[],[]
10999,Inazuma Eleven Go: Kyuukyoku no Kizuna Gryphon,[],[]
10334,Rurouni Kenshin Recap,[],[]
1761,Golgo 13: Queen Bee,[],[]
33034,Kiniro Mosaic: Pretty Days,[],[]
1802,Dirty Pair Flash,[],[]
1856,Kimi ga Nozomu Eien: Ayu Mayu Gekijou,[],[]
1418,Lupin III: Episode 0 &quot;First Contact&quot;,[],[]
8026,Super Street Fighter IV,[],[]
1598,Casshern: Robot Hunter,[],[]
33834,Sin: Nanatsu no Taizai,[],[]
6999,Prince of Tennis: Another Story - Messages From Past and Future OVA Bonus,[],[]
4590,Soukan Yuugi,[],[]
361,Memories Off,[],[]
32717,Aikatsu Stars!,[],[]
21305,Trick or Alice,[],[]
2828,Ie Naki Ko,[],[]
11185,Kowaku no Toki,[],[]
15219,.hack//Versus: The Thanatos Report,[],[]
25729,Tamayura: Sotsugyou Shashin Part 1 - Kizashi,[],[]
629,Mahoutsukai Tai! OVA,[],[]
2352,Daiakuji: The Xena Buster,[],[]
386,H2,[],[]
32355,Toshi Densetsu Series,[],[]
28779,Futabu!!,[],[]
6885,Sora no Manimani Specials,[],[]
34445,Yuuki Yuuna wa Yuusha de Aru: Yuusha no Shou,[],[]
3944,Dokidoki Oyako Lesson: Oshiete H na Obenkyou,[],[]
580,Kogepan,[],[]
30891,Oni Chichi: Refresh♥,[],[]
13057,Peace Hame!,[],[]
5983,Higepiyo,[],[]
2571,Mitsubachi Maya no Bouken,[],[]
2341,Choujin Densetsu Urotsukidouji,[],[]
844,Konjiki no Gash Bell!!: 101 Banme no Mamono,[],[]
6609,Pucca (2006),[],[]
3670,Kikou Souseiki Mospeada,[],[]
2202,Waga Seishun no Arcadia,[],[]
23425,Karneval Specials,[],[]
1203,Nitaboh,[],[]
4166,To Heart 2 AD,[],[]
3576,Kodai Ouja Kyouryuu King,[],[]
16331,Next A-Class,[],[]
31865,Kare Baka: Wagahai no Kare wa Baka de R,[],[]
17371,Natsuyasumi.,[],[]
29089,Yaoguai Mingdan,[],[]
689,Uta Kata Special,[],[]
1419,Lupin III: Kutabare! Nostradamus,[],[]
1985,UFO Robo Grendizer,[],[]
10916,Pokemon: Pikachu no Fuyuyasumi (2000),[],[]
1245,Shihaisha no Tasogare,[],[]
9849,Akina to Onsen de H Shiyo!,[],[]
33740,Katekyo Hitman Reborn! x ēlDLIVE Special,[],[]
32772,Puzzle &amp; Dragons Cross,[],[]
3711,After... The Animation,[],[]
2454,Kimagure Orange☆Road: Ano Hi ni Kaeritai,[],[]
8705,Phantom: Requiem for the Phantom Picture Drama,[],[]
5032,Cobra The Animation,[],[]
6032,Aquarion Movie: Ippatsu Gyakuten-hen,[],[]
7708,Machi Gurumi no Wana: Hakudaku ni Mamireta Shitai,[],[]
319,Happy World!,[],[]
2313,Muumindani no Suisei,[],[]
2433,Lingeries,[],[]
1286,MD Geist II: Death Force,[],[]
20267,Wooser no Sono Higurashi: Kakusei-hen,[],[]
17491,Garden,[],[]
1918,Mahou Shoujo Pretty Sammy,[],[]
4712,Digimon Savers: Agumon! Gaomon! Lalamon! Bakuretsu! Jougai Last Battle!,[],[]
1276,Ys,[],[]
11065,Shoukoujo The Animation,[],[]
2220,Be-Boy Kidnapp&#039;n Idol,[],[]
23487,Witch Craft Works Specials,[],[]
1901,11-nin Iru!,[],[]
28309,Oni Chichi 2: Harvest,[],[]
163,Power Stone,[],[]
32924,Urara Meirochou,[],[]
1416,Lupin III: Dead or Alive,[],[]
1024,Weiß Kreuz OVA,[],[]
7651,Ningen Shikkaku: Director&#039;s Cut-ban,[],[]
3324,Discode: Ijou Seiai,[],[]
28961,Idol☆Sister,[],[]
31909,Wakaba*Girl: Onsen Tsukaritai,[],[]
33050,Fate/stay night Movie: Heaven&#039;s Feel 3,[],[]
5291,Hokuto no Ken Zero: Kenshirou Den,[],[]
7745,Zettai Karen Children OVA: Aitazousei! Ubawareta Mirai?,[],[]
30651,Itoshi no Muco,[],[]
1647,Kakugo no Susume,[],[]
22847,Kara no Kyoukai: Mirai Fukuin - Manner Movie,[],[]
24029,Shijou Saikyou no Deshi Kenichi Specials,[],[]
7654,Tokyo Magnitude 8.0 Recap,[],[]
10765,Hikaru no Go Special,[],[]
19575,Kobayashi ga Kawai sugite Tsurai!!,[],[]
22695,Dragon Ball Z: Summer Vacation Special,[],[]
32634,Okusama ga Seitokaichou!: Okusama Gekijou,[],[]
21853,Love Live! School Idol Project Recap,[],[]
21335,Double Circle,[],[]
5424,Oppai Life,[],[]
1371,Hi no Tori,[],[]
1484,Youma,[],[]
13931,Bishoujo Senshi Sailor Moon: Sailor Stars - Hero Club,[],[]
33118,Kuma Miko Specials,[],[]
4997,Mahoromatic 2 End Year Special,[],[]
17679,Gambo,[],[]
4763,Tsuma Shibori,[],[]
11745,Aku no Onna Kanbu,[],[]
28683,One Piece: Episode of Alabasta - Prologue,[],[]
4361,Grenadier: Hohoemi no Senshi Specials,[],[]
15535,Yumekuri,[],[]
506,Glass no Kamen,[],[]
30919,Sora no Method: Aru Shoujo no Kyuujitsu★,[],[]
4069,Pucca,[],[]
16472,Sei Yariman Gakuen Enkou Nikki The Animation,[],[]
10074,Toriko 3D: Kaimaku Gourmet Adventure!!,[],[]
2098,"Shin Kimagure Orange☆Road: Soshite, Ano Natsu no Hajimari",[],[]
1302,Sayonara Ginga Tetsudou 999: Andromeda Shuuchakueki,[],[]
6008,Jewelpet,[],[]
10458,Ran-&gt;Sem: Hakudaku Delmo Tsuma no Miira Tori,[],[]
2705,Bakusou Kyoudai Let&#039;s &amp; Go,[],[]
6587,Kurokami: Intermission,[],[]
33204,Hirune Hime: Shiranai Watashi no Monogatari,[],[]
767,Burn Up!,[],[]
14479,Mahoutsukai Nara Miso wo Kue!,[],[]
1804,Koko wa Green Wood,[],[]
10106,Sweet Home: H na Oneesan wa Suki Desu ka?,[],[]
32951,Rokudenashi Majutsu Koushi to Akashic Records,[],[]
7471,Detective Conan Movie 09: Promo Special,[],[]
33606,One Piece Film: Gold Episode 0 - 711 ver.,[],[]
6117,Gokujou!! Mecha Mote Iinchou,[],[]
2109,Rockman.EXE Stream,[],[]
1541,Souten no Ken,[],[]
9170,Kimi ga Nozomu Eien: Gundam Parody,[],[]
16614,Busou Shinki OVA,[],[]
2542,Lady Georgie,[],[]
22699,Dragon Ball Z: Zenbu Misemasu Toshi Wasure Dragon Ball Z!,[],[]
1608,Salaryman Kintarou,[],[]
19099,Pokemon: Mewtwo - Kakusei e no Prologue,[],[]
33731,Gabriel DropOut,[],[]
13219,Himesama Gentei!,[],[]
10016,Kizuna Ichigeki,[],[]
17585,Myself ; Yourself Specials,[],[]
734,Kizuna: Koi no kara Sawagi,[],[]
5085,Nakedyouth,[],[]
21925,Chichiiro Toiki,[],[]
30988,Futsuu no Joshikousei ga [Locodol] Yattemita. OVA,[],[]
4718,AIKa: Special Trial,[],[]
16642,Ane Koi: Suki Kirai Daisuki.,[],[]
6418,Eyeshield 21: Jump Festa 2005 Special,[],[]
7857,Mini Sengoku Basara: Chousokabe-kun to Mouri-kun,[],[]
8217,Jewelpet Twinkle☆,[],[]
1189,Eden&#039;s Bowy,[],[]
8654,I☆Can,[],[]
8062,Mai-HiME: Kuro no Mai/Saigo no Bansan,[],[]
33181,Nijiiro Days OVA,[],[]
3429,Blame! Special,[],[]
425,Shiritsu Araiso Koutougakkou Seitokai Shikkoubu,[],[]
1822,The Hakkenden,[],[]
5691,Rekka no Honoo: Final Burning,[],[]
10917,Pokemon: Pikachu no Fuyuyasumi (2001),[],[]
10886,Nurarihyon no Mago: Jump Super Anime Tour Special,[],[]
11067,Oppai Heart: Kanojo wa Kedamono Hatsujouki!?,[],[]
7305,Detective Conan Movie 10: Promo Special,[],[]
28431,Pokemon Omega Ruby &amp; Alpha Sapphire: Mega Special Animation,[],[]
12239,Manyuu Hikenchou Picture Drama,[],[]
14333,Tanken Driland,[],[]
1881,Sasami: Mahou Shoujo Club,[],[]
13405,Utsu Musume Sayuri,[],[]
12157,Busou Chuugakusei: Basket Army,[],[]
4650,Seihou Bukyou Outlaw Star Pilot,[],[]
30448,Mirai Arise,[],[]
11997,Tsundere Inran Shoujo Sukumi,[],[]
1704,Eat-Man,[],[]
375,Bannou Bunka Neko-Musume (1998),[],[]
8908,Tales of Symphonia The Animation: Kaette Kita Kratos-sensei no Private Lesson,[],[]
33019,Reikenzan: Hoshikuzu-tachi no Utage 2nd Season,[],[]
23213,Kantoku Fuyuki Todoki,[],[]
4421,Moetan Specials,[],[]
1181,Hikyou Tanken Fam &amp; Ihrlie,[],[]
3009,Tiger Mask,[],[]
6153,Saint Seiya: Soushuuhen,[],[]
2013,Taiho Shichau zo The Movie,[],[]
10502,Tansu Warashi.,[],[]
9924,Shukufuku no Campanella: La Campanella Della Benedizione,[],[]
1906,Harukanaru Toki no Naka de: Maihitoyo,[],[]
9353,D.C. I&amp;II P.S.P. Re-Animated,[],[]
1432,Lupin III: Fuuma Ichizoku no Inbou,[],[]
1995,Lingerie Senshi Papillon Rose,[],[]
31456,Code:Realize: Sousei no Himegimi,[],[]
1442,Alexander Senki,[],[]
11487,Sekiranun Graffiti,[],[]
608,Sakura Taisen: Katsudou Shashin,[],[]
33302,Yowamushi Pedal: Spare Bike,[],[]
17867,Nuki Doki! Tenshi to Akuma no Sakusei Battle,[],[]
2110,Rockman.EXE Beast,[],[]
32407,Clockwork Planet,[],[]
3265,Princess Tutu Recaps,[],[]
1648,UFO Princess Valkyrie 4: Toki to Yume to Ginga no Utage,[],[]
3302,Megachu!,[],[]
921,Nurse Witch Komugi-chan Magikarte Z,[],[]
1972,Meitantei Holmes,[],[]
19889,Genshiken Nidaime Specials,[],[]
179,Ultra Maniac OVA,[],[]
1455,Makai Tenshou,[],[]
1056,Good Morning Call,[],[]
31433,Ginga Eiyuu Densetsu (2017),[],[]
458,Buttobi!! CPU,[],[]
1339,Cool Devices,[],[]
17551,Shakugan no Shana: Shana &amp; Yuuji no Naze Nani Shana! Nandemo Shitsumon-bako!,[],[]
10590,Reunion,[],[]
32667,Baka na Imouto wo Rikou ni Suru no wa Ore no xx dake na Ken ni Tsuite,[],[]
7113,30th Gundam Perfect Mission,[],[]
33811,Teekyuu 8,[],[]
5316,Rape! Rape! Rape!,[],[]
2325,Angel Blade Punish!,[],[]
612,PetoPeto-san,[],[]
1200,Gun-dou Musashi,[],[]
9442,Bust to Bust: Chichi wa Chichi ni,[],[]
21013,Marvel Disk Wars: The Avengers,[],[]
1289,Mobile Police Patlabor: The New Files,[],[]
2911,Kyoushirou to Towa no Sora Specials,[],[]
311,Ace wo Nerae!,[],[]
613,Onmyou Taisenki,[],[]
1633,Shintaisou: Kari,[],[]
11635,Sacred Seven: Shirogane no Tsubasa,[],[]
13799,Pokemon: Meloetta no Kirakira Recital,[],[]
2288,Akihabara Dennou-gumi,[],[]
1874,Love♥Love? Specials,[],[]
17351,Mangirl!: Asobu Henshuu Girl,[],[]
244,Agatha Christie no Meitantei Poirot to Marple,[],[]
1636,Ai Shimai Tsubomi... Kegashite Kudasai,[],[]
4209,Mission-E,[],[]
30614,Ane Yome Quartet,[],[]
2543,Robin Hood no Daibouken,[],[]
10457,JK to Inkou Kyoushi 4,[],[]
31593,Rokka no Yuusha Picture Drama,[],[]
7969,Rin x Sen: Hakudaku Onna Kyoushi to Yaroudomo,[],[]
1628,Maou Dante,[],[]
1014,Chicchana Yukitsukai Sugar Specials,[],[]
5651,Helter Skelter: Hakudaku no Mura,[],[]
556,Koutetsu Tenshi Kurumi Zero,[],[]
6209,Macross 7 Plus,[],[]
6892,Yokorenbo: Immoral Mother,[],[]
1105,Digital Juice,[],[]
10488,Shocking Pink!,[],[]
961,Virtua Fighter,[],[]
7279,TO,[],[]
31884,Mahoutsukai Precure!,[],[]
29035,Robot Girls Z Plus,[],[]
3101,F-Zero: Falcon Densetsu,[],[]
34125,High School Fleet OVA,[],[]
4503,Choujikuu Kidan Southern Cross,[],[]
12959,Ojousama Yomeiri Kousou!,[],[]
2188,Maid in Heaven SuperS,[],[]
16678,Pokemon: Pikachu to Eevee Friends,[],[]
607,Otogi Juushi Akazukin,[],[]
605,Tenshi ni Narumon!,[],[]
32613,Elsword: El Lady,[],[]
17843,Inferno Cop: Fact Files,[],[]
4342,Harukoi Otome,[],[]
21001,Dekakute Ecchi na Ore no Ane,[],[]
1798,Animation Seisaku Shinkou Kuromi-chan 2,[],[]
1724,Saint October,[],[]
20377,Dorei Usagi to Anthony The Animation,[],[]
30679,Queen&#039;s Blade: Grimoire,[],[]
9001,Je T&#039;aime,[],[]
6749,Prince of Tennis: The Band of Princes Film Kick the Future,[],[]
6985,Buddha Saitan,[],[]
10697,Asa kara Zusshiri Milk Pot,[],[]
718,Yume de Aetara (TV),[],[]
1920,Urusei Yatsura Movie 1: Only You,[],[]
28593,Yuusha ni Narenakatta Ore wa Shibushibu Shuushoku wo Ketsui Shimashita. Specials,[],[]
31298,Baka to Test to Shoukanjuu: Matsuri - Sentakushi Ikou nomi,[],[]
3478,Mrs. Junkie,[],[]
6986,Kansen: Inyoku no Rensa,[],[]
23735,Kenzen Robo Daimidaler Specials,[],[]
8039,Oppai no Ouja 48,[],[]
2590,Genmukan,[],[]
2753,Ushiro no Shoumen Daare,[],[]
28179,Miss Monochrome: The Animation - Manager,[],[]
21497,Sengoku Musou SP: Sanada no Shou,[],[]
27741,Shounen Hollywood: Holly Stage for 50,[],[]
9935,Chocolat no Mahou,[],[]
999,Blue Seed 2,[],[]
6555,Pokemon: Pikachu no Kirakira Daisousaku!,[],[]
4264,Ultraviolet: Code 044,[],[]
2438,Hitozuma♪Kasumi-san,[],[]
1683,Di Gi Charat Nyo,[],[]
5172,Love Selection The Animation,[],[]
2147,Call Me Tonight,[],[]
964,Hit wo Nerae!,[],[]
4804,To Heart 2 AD Plus,[],[]
14853,Tsukumo,[],[]
2870,Yagami Yuu,[],[]
4320,Lupin III: Green vs. Red,[],[]
13639,Hi no Youjin,[],[]
2858,Ikusa Otome Valkyrie,[],[]
14647,Tantei Opera Milky Holmes: Alternative,[],[]
31070,Etotama Specials,[],[]
30381,Sousei no Aquarion Evol,[],[]
799,Kokoro Toshokan,[],[]
2221,Aishite Knight,[],[]
34447,Masou Gakuen HxH Specials,[],[]
12995,Dark Blue,[],[]
21867,The Disappearance of Conan Edogawa: The Worst Two Days in History,[],[]
3369,Shoubushi Densetsu Tetsuya,[],[]
360,Himiko-den,[],[]
3642,Shina Dark: Kuroki Tsuki no Ou to Souheki no Tsuki no Himegimi,[],[]
18693,Tenioha!: Onnanoko datte Honto wa Ecchi da yo?,[],[]
331,Mahoujin Guru Guru,[],[]
5386,Miyamoto Musashi: Souken ni Haseru Yume,[],[]
3680,Ai no Katachi: Ecchi na Onnanoko wa Kirai... Desu ka?,[],[]
8491,Digimon Savers 3D: Digital World Kiki Ippatsu!,[],[]
30290,Fw:Hamatora,[],[]
1044,Taiyou no Ouji: Horus no Daibouken,[],[]
3027,Hokuto no Ken: Yuria-den,[],[]
21009,Sekai de Ichiban Tsuyoku Naritai! Specials,[],[]
887,Megami Kouhosei Special Curriculum,[],[]
10297,Shin Koihime†Musou: Otome Tairan OVA,[],[]
722,Baby☆Love,[],[]
2016,Mermaid Forest OVA,[],[]
4491,Choisuji,[],[]
30237,Hyakka Ryouran: Samurai After Specials,[],[]
475,Hotori: Tada Saiwai wo Koinegau,[],[]
33902,Suntory Minami Alps no Tennen Mizu,[],[]
929,Aura Battler Dunbine,[],[]
952,Magical Nyan Nyan Taruto,[],[]
12709,Tales of Symphonia The Animation: Sekai Tougou-hen Specials,[],[]
1161,Maze☆Bakunetsu Jikuu (TV),[],[]
25117,Ryuugajou Nanana no Maizoukin (TV) Specials,[],[]
808,Bakuretsu Hunters OVA,[],[]
1663,Haha wo Tazunete Sanzenri,[],[]
7081,Danball Senki,[],[]
7540,Kurogane no Linebarrels Specials,[],[]
10691,Downloader,[],[]
33314,Digimon Universe: Appli Monsters,[],[]
31227,Kindaichi Shounen no Jikenbo Returns 2nd Season,[],[]
6713,Ranma ½: Nettou Uta Gassen,[],[]
1550,Attack No.1,[],[]
23285,Poulette no Isu,[],[]
684,Tenshi no Shippo Chu!,[],[]
12455,Yuu☆Yuu☆Hakusho: Mu Mu Hakusho,[],[]
6635,Ayatsuri Haramase DreamNote,[],[]
8800,Senkou no Night Raid Specials,[],[]
4312,Hokuto no Ken: Toki-den,[],[]
16914,Chu Shite Agechau: Oshikake Oneesan no Seikou Chiryou,[],[]
6299,Maria-sama ga Miteru 4th Specials,[],[]
7549,Quiz Magic Academy: The Original Animation 2,[],[]
15847,Iron Man: Rise of Technovore,[],[]
1725,Keitai Shoujo,[],[]
1325,Hamelin no Violin Hiki,[],[]
13619,Sayonara Zetsubou Sensei Special Omake,[],[]
2141,Oseam,[],[]
1252,Fushigi no Umi no Nadia: Original Movie,[],[]
24171,Mushibugyou OVA,[],[]
2489,Onegai My Melody,[],[]
993,Dual Parallel! Trouble Adventures Special,[],[]
911,Konjiki no Gash Bell!!: Mecha Vulkan no Raishuu,[],[]
34106,Kyoukai no Rinne (TV) 3rd Season,[],[]
2157,Koutetsushin Jeeg,[],[]
10351,Tenchi Muyou! Ryououki 2nd Season Picture Drama,[],[]
4690,Cyborg 009 (1979),[],[]
3272,Kinnikuman,[],[]
1036,Kashou no Tsuki: Aki Kyougen,[],[]
13173,Puka Puka Juju,[],[]
1376,Ojamajo Doremi Na-i-sho,[],[]
3692,Yes! Precure 5 GoGo!,[],[]
11483,Redline Pilot,[],[]
16059,Aku no Onna Kanbu: Full Moon Night,[],[]
10501,Bannou Yasai Ninninman,[],[]
23363,Ore no Imouto ga Konnani Kawaii Wake ga Nai.: Ore no Imouto ga Konnani Eroge na Wake Nai,[],[]
1206,Ihatov Gensou: Kenji no Haru,[],[]
2383,Cybersix,[],[]
2407,Keroro Gunsou Movie 1,[],[]
7152,Anyamal Tantei Kiruminzoo,[],[]
2619,Spider Riders: Oracle no Yuusha-tachi,[],[]
8278,Biohazard 4: Incubate,[],[]
7303,Detective Conan: Black History,[],[]
14129,Starless: 21st Century Nymphomaniacs,[],[]
6694,Triangle Blue,[],[]
3058,Darling,[],[]
10849,Shinryaku! Ika Musume: Ika Ice Tabena-ika?,[],[]
24835,Mobile Suit Gundam-san,[],[]
15291,Hyakujitsu no Bara: Jinginaki Nikukyuu-hen,[],[]
1233,Aozora Shoujo-tai,[],[]
4027,Makai Tenshi Djibril: Episode 2,[],[]
2037,Hime-chan no Ribbon,[],[]
6041,Honoo no Haramase Doukyuusei,[],[]
2452,Space Adventure Cobra,[],[]
5845,Pokemon: Pikachu no Natsumatsuri,[],[]
19469,Saiki Kusuo no Ψ-nan,[],[]
32287,Kanamewo,[],[]
19631,Tayu Tayu,[],[]
9487,Hitou Meguri Kakure Yu,[],[]
8635,Shin Koihime†Musou: Live Revolution,[],[]
31231,Pokemon the Movie XY&amp;Z: Volcanion to Karakuri no Magiana,[],[]
7550,Pokemon: Pikachu Tanken Club,[],[]
30533,Gundam Build Fighters Try: Island Wars,[],[]
10014,Shouwa Monogatari,[],[]
2817,Cinderella Monogatari,[],[]
28841,"Wake Up, Girls! Seishun no Kage",[],[]
3417,Yawaraka Sangokushi Tsukisase!! Ryofuko-chan,[],[]
2017,Mermaid&#039;s Scar,[],[]
1600,Galaxy Angel Rune,[],[]
757,Kaze wo Mita Shounen,[],[]
7178,Tony&#039;s Heroine Series: Kanojo wa Hanayome Kouhosei? Cinderella Collection,[],[]
17717,Mobile Suit Gundam: The 08th MS Team - A Battle with the Third Dimension,[],[]
2458,Kimagure Orange☆Road OVA,[],[]
29809,3Ping Lovers!☆Ippu Nisai no Sekai e Youkoso♪ The Animation,[],[]
5859,Kiddy GiRL-AND Pilot,[],[]
6558,Choukou Sennin Haruka,[],[]
7266,Binkan Athlete,[],[]
3286,Gibo no Toiki: Haitoku Kokoro ni Tadayou Haha no Iroka,[],[]
1032,Kumo no You ni Kaze no You ni,[],[]
13231,Metal Fight Beyblade Zero G,[],[]
10581,Mobile Suit Gundam 0083: Stardust Memory - The Mayfly of Space,[],[]
17745,Kakushi Dere,[],[]
18053,Koi to Senkyo to Chocolate: Ikenai Hazuki-sensei,[],[]
6219,Nijiiro Hotaru: Eien no Natsuyasumi,[],[]
2534,Angelique,[],[]
21103,Utopia,[],[]
18525,Rin x Sen + Ran -&gt; Sem: Cross Mix,[],[]
10948,Ghost in the Shell: Stand Alone Complex 2nd GIG - Individual Eleven - Tachikoma no Hibi,[],[]
7770,Yutori-chan,[],[]
10553,Betsu ni Anta no Tame ni Ookiku Nattan Janain Dakara ne!!,[],[]
31886,Dropout,[],[]
7668,Suki Desu Suzuki-kun!!,[],[]
2505,Ringetsu The Animation,[],[]
5168,Hairy Tale,[],[]
3493,Ryuusei no Rockman Tribe,[],[]
14379,Shoujo x Shoujo x Shoujo The Animation,[],[]
3686,Tokimeki Memorial: Only Love Specials,[],[]
1502,Mahou Shoujo Pretty Sammy (1996),[],[]
5225,Lupin III: Pilot Film,[],[]
2982,Yuuwaku,[],[]
1081,Space Pirate Captain Herlock: Outside Legend - The Endless Odyssey,[],[]
8394,Cyborg 009 (TV),[],[]
1853,Cutey Honey F,[],[]
32409,Shinmai Maou no Testament Burst Specials,[],[]
1436,Lupin III: Twilight Gemini no Himitsu,[],[]
5315,Ero Manga Mitai na Koi Shiyo: Let&#039;s Fall in Love The Ero-manga,[],[]
1263,Suika,[],[]
23985,Futari Ecchi (2014),[],[]
30952,New Initial D Movie: Legend 3 - Mugen,[],[]
29808,Namaiki: Kissuisou e Youkoso! The Animation,[],[]
374,Bannou Bunka Neko-Musume DASH!,[],[]
11547,Sengoku☆Paradise Kiwami,[],[]
1331,Dragon Pink,[],[]
14563,Maji de Otaku na English! Ribbon-chan: Eigo de Tatakau Mahou Shoujo,[],[]
2176,Kiddy Grade: Ignition,[],[]
2530,G-Taste,[],[]
12957,First Love,[],[]
27419,"Tari Tari: Kumottari, Kagayaitari, Mata Itsuka Utattari",[],[]
9310,Ryoujoku Famiresu Choukyou Menu,[],[]
12579,Itsuka Tenma no Kuro Usagi Picture Drama,[],[]
1837,Dokkoida,[],[]
1141,Palme no Ki,[],[]
1651,Uchuu Senkan Yamato 2,[],[]
2730,1+2=Paradise,[],[]
1417,Lupin III: Moeyo Zantetsuken!,[],[]
14889,Ebiten: Kouritsu Ebisugawa Koukou Tenmonbu OVA,[],[]
1342,Violence Jack: Jigoku Gai-hen,[],[]
2497,Shin Cutey Honey,[],[]
8709,Pokemon: Pikachu Koori no Daibouken,[],[]
10947,Ghost in the Shell: Stand Alone Complex - The Laughing Man - Tachikoma no Hibi,[],[]
3805,Kaitou Tenshi Twin Angel,[],[]
33240,Chi&#039;s Sweet Home (2016),[],[]
4607,Tsuma to Mama to Boin,[],[]
31521,Ushinawareta Mirai wo Motomete: Ushinawareta Natsuyasumi wo Motomete,[],[]
10690,Magic Tree House,[],[]
22419,Acchi Kocchi,[],[]
359,I&#039;ll/CKBC,[],[]
5583,Sonic: Night of the WereHog,[],[]
511,Kidou Shinsengumi Moeyo Ken TV,[],[]
4004,Inda no Himekishi Janne,[],[]
2486,Rumiko Takahashi Anthology,[],[]
2531,Gibomai,[],[]
19067,Future Card Buddyfight,[],[]
22661,One Piece: Cry Heart,[],[]
6741,Makai Senki Disgaea: Welcome to Netherworld,[],[]
33394,Mahou Shoujo? Naria☆Girls,[],[]
748,True Love Story,[],[]
10832,Ikoku Meiro no Croisée: Yune &amp; Alice,[],[]
33712,Bikini Warriors OVA,[],[]
920,Nurse Witch Komugi-chan Magikarte Special,[],[]
20743,Pokemon Best Wishes! Season 2: Decolora Adventure - Dent to Takeshi! Gyarados no Gekirin!!,[],[]
2436,Angelium,[],[]
1148,Teito Monogatari,[],[]
21751,Okusama wa Moto Yariman,[],[]
12237,Koi-ken!: Watashitachi Anime ni Nacchatta!,[],[]
3738,Usavich II,[],[]
29998,Asobi ni Iku yo!: Asobi ni Oide - Owari,[],[]
7108,Shikabane Hime: Puchitto,[],[]
2592,Kimera,[],[]
1493,Project ARMS: The 2nd Chapter,[],[]
1474,City Hunter: Ai to Shukumei no Magnum,[],[]
17251,Wanna. SpartanSex Spermax!!!,[],[]
434,Legend of Lemnear: Kyokuguro no Tsubasa Valkisas,[],[]
5844,Pokemon: Pikachu no Obake Carnival,[],[]
3747,Inyouchuu The Animation,[],[]
2813,Chiisana Ahiru no Ooki na Ai no Monogatari: Ahiru no Kwak,[],[]
1957,Ai Tenshi Densetsu Wedding Peach DX,[],[]
6743,Utawarerumono OVA Picture Drama,[],[]
8337,Shoka,[],[]
29083,Lovely x Cation The Animation,[],[]
12863,Pretty Rhythm: Dear My Future,[],[]
2199,Chirin no Suzu,[],[]
2033,Tamala 2010: A Punk Cat in Space,[],[]
6690,Anata dake Konbanwa,[],[]
26453,Tribe Cool Crew,[],[]
2548,Ai no Wakakusa Monogatari,[],[]
510,Kakyuusei 2: Hitomi no Naka no Shoujo-tachi,[],[]
15979,Eureka Seven AO: Aratanari Fukaki Ao,[],[]
31930,Koukaku no Pandora: Ghost Urn,[],[]
2719,MapleStory,[],[]
1991,Juusou Kikou Dancougar Nova,[],[]
9673,Ura Tegamibachi,[],[]
9716,Rurouni Kenshin: Review Special,[],[]
30583,Futabu! Mix: Futanari World,[],[]
913,Kakutou Bijin Wulong,[],[]
13019,Aneki no Kounai Kaikinbi,[],[]
3307,Moke Moke Taishou Dendo Musume Arisa,[],[]
32212,Ensemble Stars!,[],[]
2446,Nikuyome: Takayanagi Ke no Hitobito,[],[]
10862,Prince of Tennis: Pairpuri,[],[]
31145,Code Geass: Boukoku no Akito 3 - Kagayaku Mono Ten yori Otsu Picture Drama,[],[]
9288,Heartcatch Precure! Movie: Hana no Miyako de Fashion Show... Desu ka!?,[],[]
25875,"Wake Up, Girl Zoo!",[],[]
29829,Tamayura: Sotsugyou Shashin Part 2 - Hibiki,[],[]
2048,Kikou Ryohei Mellowlink,[],[]
33818,Amanchu! Special,[],[]
10770,Mahou Shoujo Elena,[],[]
1465,Hakaima Sadamitsu,[],[]
7377,Winter Sonata Episode 0,[],[]
2869,Nanase Ren,[],[]
31675,Haikyuu!! Quest Picture Drama,[],[]
7597,"Boku, Otaryman.",[],[]
13325,Crimson Girls: Chikan Shihai,[],[]
14583,Rinne no Lagrange Specials,[],[]
1193,Happy Seven: The TV Manga,[],[]
6122,Jinkou Shoujo: Henshin Sex Android,[],[]
23033,Furueru Kuchibiru,[],[]
6959,GA: Geijutsuka Art Design Class OVA,[],[]
10325,Kyuuketsuki,[],[]
20757,Taimanin Yukikaze,[],[]
26019,Rokujouma no Shinryakusha!?,[],[]
5158,Noisy Birth,[],[]
1431,Lupin III: Ai no Da Capo - Fujiko&#039;s Unlucky Days,[],[]
1553,Queen Emeraldas,[],[]
14693,Yurumates 3D Plus,[],[]
991,Usagi-chan de Cue!!,[],[]
10775,SKET Dance: Demystifying Special,[],[]
309,Akahori Gedou Hour Rabuge,[],[]
19945,Zoku Natsume Yuujinchou: 3D Nyanko-sensei Gekijou,[],[]
2967,Saishuu Shiken Kujira,[],[]
2193,Saiunkoku Monogatari Soushuuhen,[],[]
5265,Mega Man,[],[]
2517,Eikoku Koi Monogatari Emma: Intermission,[],[]
21671,Keroro,[],[]
31789,Oni Chichi: Vacation,[],[]
13835,Marimo no Hana: Saikyou Butouha Shougakusei Densetsu,[],[]
2445,Maple Colors,[],[]
2868,Kazama Mana,[],[]
33011,Kaijuu Girls: Ultra Kaijuu Gijinka Keikaku,[],[]
13137,Itsuka Tenma no Kuro Usagi Special,[],[]
1433,Lupin III: Babylon no Ougon Densetsu,[],[]
32086,Blame! Movie,[],[]
7268,Diabolus: Kikoku,[],[]
33803,Sengoku Choujuu Giga,[],[]
301,Cinderella Boy,[],[]
1645,Harlock Saga: Nibelung no Yubiwa,[],[]
1413,Lupin III: Alcatraz Connection,[],[]
15785,Inazuma Eleven Go vs. Danball Senki W Movie,[],[]
2960,Kininaru Roommate,[],[]
1415,Lupin III: Bye Bye Liberty - Kiki Ippatsu!,[],[]
31344,K: Missing Kings - Manner Movie,[],[]
9630,Mini Sengoku Basara Two: Tsukiyo no Katakura-kun,[],[]
2617,Ghiblies,[],[]
22733,Dragon Collection,[],[]
1796,Dirty Pair: The Movie,[],[]
2713,Rockman.EXE Beast+,[],[]
3218,Gensoumaden Saiyuuki OVA,[],[]
31049,Beyblade Burst,[],[]
22377,Wonder Momo,[],[]
3448,Mad★Bull 34,[],[]
30829,Love Live! School Idol Project 2nd Season Recap,[],[]
679,Shadow Skill (1996),[],[]
3991,Mahou Shoujo-tai Arusu the Adventure,[],[]
25801,Shouwa Genroku Rakugo Shinjuu: Yotarou Hourou-hen,[],[]
1597,Panyo Panyo Di Gi Charat,[],[]
1910,Master Keaton OVA,[],[]
965,Yoshinaga-san&#039;chi no Gargoyle,[],[]
1596,Arcade Gamer Fubuki,[],[]
1069,Chou Denji Machine Voltes V,[],[]
2447,Chibo,[],[]
30826,Suzakinishi the Animation,[],[]
16474,Soushisouai Note The Animation,[],[]
3222,Kiddy Grade: Maelstrom,[],[]
1057,Ippatsu Kiki Musume,[],[]
2907,Cyborg Kuro-chan,[],[]
29831,Tamayura: Sotsugyou Shashin Part 4 - Ashita,[],[]
2293,Kyoushoku Soukou Guyver,[],[]
2524,Jungle de Ikou!,[],[]
1414,Lupin III: Tenshi no Tactics - Yume no Kakera wa Koroshi no Kaori,[],[]
14989,Chousoku Henkei Gyrozetter,[],[]
1343,Violence Jack: Hell&#039;s Wind-hen,[],[]
2138,Kage (OVA),[],[]
21427,Minna Atsumare! Falcom Gakuen,[],[]
1373,Black Jack Specials: Inochi wo Meguru Yottsu no Kiseki,[],[]
3223,Kiddy Grade: Truth Dawn,[],[]
2883,Iyashite Agerun Saiyuuki,[],[]
30223,Shishou Series,[],[]
3005,Shadow Skill,[],[]
10949,Ghost in the Shell: Stand Alone Complex - Tachikoma no Hibi Fan Disc,[],[]
3829,Anne no Nikki,[],[]
34008,Days OVA,[],[]
3889,Junk Boy,[],[]
12725,Initial D: Project D to the Next Stage - Project D e Mukete,[],[]
1437,Lupin III: Honoo no Kioku - Tokyo Crisis,[],[]
1439,Lupin III: Walther P-38,[],[]
503,Eien no Aselia,[],[]
2291,Tatakae!! Iczer-1,[],[]
3940,Oshiete Re: Maid,[],[]
10799,Chime,[],[]
11349,Soredemo Tsuma wo Aishiteru,[],[]
10950,Ghost in the Shell: Stand Alone Complex - Solid State Society 3D - Tachikoma no Hibi,[],[]
3421,Kodomo no Omocha,[],[]
2262,Sin: The Movie,[],[]
1185,Battle Athletess Daiundoukai,[],[]
31448,Mahouka Koukou no Rettousei: Yoku Wakaru Mahouka! Special,[],[]
1378,Sengoku Kitan Youtouden Soushuuhen,[],[]
2460,Maison Ikkoku: Kanketsu-hen,[],[]
1179,Gakuen Senki Muryou,[],[]
10592,Scryed Alteration I: Tao,[],[]
10546,Rinkan Club,[],[]
33038,Nuwa Chengzhang Riji,[],[]
13175,Shiranpuri (Movie),[],[]
2816,Toushou Daimos,[],[]
7248,Top wo Nerae! Gunbuster Specials,[],[]
1930,Futari wa Precure: Max Heart Movie 1,[],[]
2441,Koihime,[],[]
29830,Tamayura: Sotsugyou Shashin Part 3 - Akogare,[],[]
11069,Pokemon: Pikachu no Fushigi na Fushigi na Daibouken,[],[]
30790,Yowamushi Pedal: Re:ROAD,[],[]
22693,Lady Jewelpet,[],[]
7261,Mameshiba,[],[]
16101,"Jinrui wa Suitai Shimashita: Ningen-san no, Yousei-san Memo",[],[]
21575,Ghost in the Shell: Arise - Logicoma Specials,[],[]
31050,Cyborg 009 VS Devilman,[],[]
1775,Jikuu Tenshou Nazca,[],[]
17699,Toriko Movie: Bishokushin no Special Menu,[],[]
28205,Fastening Days,[],[]
1805,Master Mosquiton,[],[]
13673,Otome Nadeshiko Koi Techou,[],[]
12131,30-sai no Hoken Taiiku Specials,[],[]
2946,Angel Core: Tenshi-tachi no Sumika,[],[]
11777,Lupin III: Chi no Kokuin - Eien no Mermaid,[],[]
1572,Jungle Taitei,[],[]
9312,Mofukuzuma,[],[]
31196,Cardfight!! Vanguard G: GIRS Crisis-hen,[],[]
3125,Tokimeki Tonight,[],[]
1434,Lupin III: Harimao no Zaihou wo Oe!!,[],[]
4057,Inyouchuu Shoku,[],[]
21069,Amanee!: Tomodachinchi de Konna Koto ni Naru Nante!,[],[]
28313,Kanojo wa Dare to demo Sex Suru.,[],[]
32383,Osomatsu-san Short Film Series,[],[]
1386,Blood Royale,[],[]
8133,Precure All Stars Movie DX2: Kibou no Hikari☆Rainbow Jewel wo Mamore!,[],[]
7276,Natsumushi The Animation,[],[]
3636,Warau Kangofu The Animation,[],[]
15781,Puchimas!: Petit iDOLM@STER Episode 0,[],[]
3501,Wellber no Monogatari: Sisters of Wellber Zwei,[],[]
5397,Usavich III,[],[]
10301,Rio: Rainbow Gate! Special,[],[]
2569,Jungle Book Shounen Mowgli,[],[]
1821,Guren,[],[]
9778,Toriko Hime: Hakudaku Mamire no Reijou,[],[]
5743,Saimin Ryoujoku Gakuen,[],[]
15541,Namanaka Hyaku Percent!: Katamusubi no Shinpa,[],[]
10276,Prince of Tennis: Mini Theater,[],[]
10050,Macross F Music Clip Shuu: Nyankuri,[],[]
21597,Yabai! Fukushuu Yami Site,[],[]
17020,D.C.III: Da Capo III Special,[],[]
3410,Sky Girls Specials,[],[]
8987,Princess Knight☆Catue,[],[]
1438,Lupin III: Lupin Ansatsu Shirei,[],[]
2495,Chance Triangle Session,[],[]
8939,Bohemian Rhapsody,[],[]
16189,Miboujin Nikki: Akogare no Ano Hito to Hitotsu Yane no Shita,[],[]
3012,Gekitou! Crush Gear Turbo,[],[]
9040,Mokei Senshi Gunpla Builders Beginning G,[],[]
3234,009-1: R&amp;B,[],[]
23179,Kyoukai no Rinne,[],[]
2145,Black Gate: Kanin no Gakuen,[],[]
1277,Ys: Tenkuu no Shinden - Adol Christine no Bouken,[],[]
8687,Doraemon (2005),[],[]
13073,Prince of Tennis: Another Story II - Ano Toki no Bokura OVA Bonus,[],[]
2729,X²: Double X,[],[]
8754,Tales of the Abyss Special Fan Disc,[],[]
3292,Potemayo Specials,[],[]
10906,Hakoiri Shoujo: Virgin Territory,[],[]
1475,City Hunter: Bay City Wars,[],[]
31788,Ero Manga! H mo Manga mo Step-up♪,[],[]
2761,Densetsu Kyojin Ideon: Hatsudou-hen,[],[]
6809,Toshi Densetsu Monogatari Hikiko,[],[]
29261,Genkaku Cool na Sensei ga Aheboteochi!,[],[]
1981,Twilight Q,[],[]
6327,Miracle Train: Chuo-sen e Youkoso,[],[]
25943,Hacka Doll,[],[]
3707,Soukou Kijo Iris,[],[]
5753,Precure All Stars Movie DX: Minna Tomodachi☆Kiseki no Zenin Daishuugou!,[],[]
1477,City Hunter: The Secret Service,[],[]
3622,Ikusa Otome Suvia,[],[]
1422,Lupin III: $1 Money Wars,[],[]
3999,Dorei Maid Princess,[],[]
1444,Sol Bianca: Taiyou no Fune,[],[]
15839,Hitou Meguri Kakure Yu: Mao-hen,[],[]
34085,Sakura Nagashi,[],[]
7265,Kara no Shoujo,[],[]
349,Magical Canan,[],[]
2408,Keroro Gunsou Movie 2: Shinkai no Princess de Arimasu!,[],[]
27887,Yama no Susume Second Season Specials,[],[]
6692,Mama Puri!?,[],[]
3579,Getter Robo,[],[]
13215,Guskou Budori no Denki (2012),[],[]
28157,Sei Brunehilde Gakuen Shoujo Kishidan to Junpaku no Panty The Animation,[],[]
23299,Pokemon Best Wishes! Season 2: Decolora Adventure - Iris vs. Ibuki! Dragon Master e no Michi!!,[],[]
980,Rikujou Bouei-tai Mao-chan,[],[]
3008,Time Bokan Series: Yatterman,[],[]
3916,Magical Witch Academy: Boku to Sensei no Magical Lesson The Animation,[],[]
3007,Bronze: Kouji Nanjo Cathexis,[],[]
1660,Kurogane Communication,[],[]
12961,Kansen 5: The Daybreak,[],[]
18599,Chocotan!,[],[]
27939,Afro Samurai Pilot,[],[]
8297,Planzet,[],[]
9056,Agitated Screams of Maggots,[],[]
6657,Joshikousei: Girl&#039;s High Specials,[],[]
24429,Daze,[],[]
8655,Bijukubo,[],[]
18653,JK to Orc Heidan: Aku Buta Oni ni Ryougyaku Sareta Seijo Gakuen,[],[]
623,Shichinin no Nana,[],[]
5539,Blassreiter: Navi,[],[]
23627,Aoki Hagane no Arpeggio: Ars Nova - Kirikumas,[],[]
3728,True Blue,[],[]
1169,Green Legend Ran,[],[]
24823,Days,[],[]
10796,Softenni Specials,[],[]
3625,Battle Royal High School,[],[]
17537,Ryou Seibai!: Gakuen Bishoujo Seisai Hiroku,[],[]
31762,King of Prism by Pretty Rhythm,[],[]
1922,Urusei Yatsura Movie 3: Remember My Love,[],[]
515,Hajimari no Boukensha-tachi: Legend of Crystania,[],[]
32872,Energy Kyouka!!,[],[]
3403,The Guts!,[],[]
1165,Sakura Taisen: Ouka Kenran,[],[]
22347,Pandra The Animation: Shiroki Yokubou Kuro no Kibou,[],[]
7882,Ramen Tenshi Pretty Menma,[],[]
7591,Tono to Issho,[],[]
9968,Wana: Hakudaku Mamire no Houkago,[],[]
32805,Nyanbo!,[],[]
17541,Kotowari: Kimi no Kokoro no Koboreta Kakera,[],[]
1658,Karakuri no Kimi,[],[]
1476,City Hunter: Hyakuman Dollar no Inbou,[],[]
1878,Kaze no Shoujo Emily,[],[]
6337,Hitoriga The Animation,[],[]
1296,Project A-Ko 2: Daitokuji Zaibatsu no Inbou,[],[]
10821,Suite Precure♪ Movie: Torimodose! Kokoro ga Tsunaku Kiseki no Melody♪,[],[]
1424,Lupin III: Otakara Henkyaku Daisakusen!!,[],[]
1338,Shin Megami Tensei: Tokyo Mokushiroku,[],[]
24273,Iinari! Saimin Kanojo,[],[]
27619,Ane Log: Moyako Neesan no Honpen wo Tobidashite Tomaranai Monologue,[],[]
21695,Pokemon XY SP: Road to Kalos,[],[]
2140,Aniyome,[],[]
5214,Gakuen Shimai,[],[]
1736,B&#039;T X Neo,[],[]
5212,Saimin Gakuen,[],[]
1420,Lupin III: Russia yori Ai wo Komete,[],[]
10421,Bi-chiku Beach: Nangoku Nyuujoku Satsueikai,[],[]
23439,Toki wa Meguru: Tokyo Station,[],[]
3256,Soukou Kihei Votoms: Pailsen Files,[],[]
1931,Futari wa Precure: Max Heart Movie 2 - Yukizora no Tomodachi,[],[]
30376,Isshuukan Friends.: Tomodachi to no Omoide,[],[]
1116,Junkers Come Here,[],[]
2011,Taiho Shichau zo Special,[],[]
2958,Hitozuma Cosplay Kissa,[],[]
20965,Wonder Garden,[],[]
12699,Tales of Gekijou,[],[]
17871,Yonhyakunijuu Renpai Girl,[],[]
970,Yokoyama Mitsuteru Sangokushi,[],[]
24377,Spocon!,[],[]
4646,Cobra The Animation: The Psycho-Gun,[],[]
9979,Precure All Stars Movie DX3: Mirai ni Todoke! Sekai wo Tsunagu☆Nijiiro no Hana,[],[]
2557,Trapp Ikka Monogatari,[],[]
33221,Mobile Suit Gundam Thunderbolt: December Sky,[],[]
1478,City Hunter: Goodbye My Sweetheart,[],[]
7179,Makai Tenshi Djibril 3,[],[]
20907,Ookii 1 Nensei to Chiisana 2 Nensei,[],[]
2194,Mejoku,[],[]
25365,Pokemon XY: Koukoku no Princess Diancie,[],[]
4443,Duel Masters Charge,[],[]
9005,To Heart 2 Adnext,[],[]
753,Chijoku Shinsatsushitsu,[],[]
13253,Blossom,[],[]
4810,Shinzou Ningen Casshern,[],[]
1421,Lupin III: Hemingway Paper no Nazo,[],[]
2118,Captain Tsubasa: Europe Daikessen,[],[]
9167,Shukufuku no Campanella Specials,[],[]
858,Gunparade Orchestra,[],[]
23479,Itadaki! Seieki♥ Special,[],[]
6463,Hoshi wo Katta Hi,[],[]
25431,Chain Chronicle: Short Animation,[],[]
22819,Aikatsu! Movie,[],[]
32587,Shoujo Ramune,[],[]
29017,Wooser no Sono Higurashi: Mugen-hen,[],[]
1178,Detonator Orgun,[],[]
1273,Injuu Gakuen La Blue Girl: Fukkatsu-hen,[],[]
2357,Kojin Taxi,[],[]
4173,Shigofumi Picture Drama,[],[]
17573,Planetarium Uchuu Kyoudai: Itten no Hikari,[],[]
21649,Mitsuwano,[],[]
6628,Dengeki Bunko 2007 Movie Festival Special,[],[]
10545,The Epic Of ZektBach,[],[]
30812,Gyakuten Majo Saiban: Chijo na Majo ni Sabakarechau The Animation,[],[]
378,eX-Driver the Movie,[],[]
32011,Hakuouki: Otogisoushi,[],[]
19573,Short Peace Opening,[],[]
928,Transformers Galaxy Force,[],[]
1632,Shintaisou: Shin,[],[]
3107,Dark Shell: Ori no Naka no Namameki,[],[]
9393,T.P. Sakura: Time Paladin Sakura,[],[]
1924,Urusei Yatsura Movie 5: Final,[],[]
4200,Dirty Pair OVA,[],[]
2249,Amon Saga,[],[]
2060,Gall Force 1: Eternal Story,[],[]
10679,Maria†Holic: Run Run Riru Ran Ran Rara,[],[]
13223,Bible Black: New Testament Recap,[],[]
4908,Bihada Ichizoku,[],[]
496,Kamui no Ken,[],[]
3488,Genji Monogatari,[],[]
8292,Seitokaichou Hikaru,[],[]
21737,"Tamayura: More Aggressive - Tsuitachi dake no Shuugakuryokou, Nanode",[],[]
12921,Morita-san wa Mukuchi. Specials,[],[]
31827,Comet Lucifer: Garden Indigo no Shasou kara,[],[]
7759,Saki Picture Drama,[],[]
783,Miami Guns,[],[]
2361,Sei Juushi Bismarck,[],[]
31780,Kimi no Kokoro wa Kagayaiteru kai?,[],[]
5270,All That Gundam,[],[]
2929,Moonlight Mile 2nd Season: Touch Down,[],[]
1769,Oh! Super Milk-chan,[],[]
1599,Eat-Man &#039;98,[],[]
6531,Kimihagu,[],[]
10792,Haramasete Seiryuu-kun!,[],[]
7712,Kansen 2: Inzai Toshi,[],[]
24935,Recorder to Randoseru Mi☆ Special,[],[]
8840,Senkou no Night Raid: Yogen,[],[]
362,Memories Off 2nd,[],[]
8111,Last Waltz: Hakudaku Mamire no Natsu Gasshuku,[],[]
